time,start_time,open,high,low,close,tick_volume,real_volume,num_time_bars,duration_seconds
2020-12-21 04:30:00,2020-12-21 00:00:00,1.22166,1.22349,1.21791,1.21894,14669,0,10,16200.0
2020-12-21 09:30:00,2020-12-21 05:00:00,1.21894,1.21995,1.2168,1.2175799999999999,13776,0,10,16200.0
2020-12-21 11:30:00,2020-12-21 10:00:00,1.2175799999999999,1.22268,1.2172,1.21753,13698,0,4,5400.0
2020-12-21 13:30:00,2020-12-21 12:00:00,1.21754,1.21813,1.21296,1.21622,16173,0,4,5400.0
2020-12-21 15:30:00,2020-12-21 14:00:00,1.21623,1.22145,1.2156500000000001,1.21906,14982,0,4,5400.0
2020-12-21 18:00:00,2020-12-21 16:00:00,1.21912,1.2224599999999999,1.21912,1.22194,14147,0,5,7200.0
2020-12-21 22:30:00,2020-12-21 18:30:00,1.22194,1.22528,1.2215799999999999,1.2232,14064,0,9,14400.0
2020-12-22 06:30:00,2020-12-21 23:00:00,1.2232,1.22498,1.22193,1.22233,13373,0,16,27000.0
2020-12-22 10:30:00,2020-12-22 07:00:00,1.22234,1.22298,1.22062,1.22217,13423,0,8,12600.0
2020-12-22 14:00:00,2020-12-22 11:00:00,1.22214,1.22573,1.22043,1.22529,15155,0,7,10800.0
2020-12-22 17:00:00,2020-12-22 14:30:00,1.22529,1.22545,1.22011,1.2208,15551,0,6,9000.0
2020-12-22 19:30:00,2020-12-22 17:30:00,1.22081,1.22113,1.21609,1.21746,14257,0,5,7200.0
2020-12-23 02:30:00,2020-12-22 20:00:00,1.21746,1.21879,1.2152,1.21631,14627,0,14,23400.0
2020-12-23 08:30:00,2020-12-23 03:00:00,1.2163,1.21919,1.2154,1.21839,13615,0,12,19800.0
2020-12-23 12:00:00,2020-12-23 09:00:00,1.21834,1.22009,1.2172,1.21867,13377,0,7,10800.0
2020-12-23 15:30:00,2020-12-23 12:30:00,1.21867,1.21976,1.21604,1.21762,14000,0,7,10800.0
2020-12-23 17:30:00,2020-12-23 16:00:00,1.21762,1.22212,1.21736,1.2184300000000001,15780,0,4,5400.0
2020-12-23 22:00:00,2020-12-23 18:00:00,1.2184300000000001,1.22035,1.21727,1.21769,13651,0,9,14400.0
2020-12-24 04:30:00,2020-12-23 22:30:00,1.21769,1.22157,1.21769,1.22111,13187,0,13,21600.0
2020-12-24 10:30:00,2020-12-24 05:00:00,1.22111,1.22156,1.21937,1.22013,13171,0,12,19800.0
2020-12-24 16:00:00,2020-12-24 11:00:00,1.22013,1.22035,1.21774,1.2184,14278,0,11,18000.0
2020-12-28 02:00:00,2020-12-24 16:30:00,1.21842,1.22081,1.21696,1.2191,14619,0,14,293400.0
2020-12-28 09:00:00,2020-12-28 02:30:00,1.21911,1.2227000000000001,1.2181,1.22225,13989,0,14,23400.0
2020-12-28 12:30:00,2020-12-28 09:30:00,1.22225,1.22506,1.22076,1.22136,13180,0,7,10800.0
2020-12-28 16:00:00,2020-12-28 13:00:00,1.22136,1.22227,1.21914,1.22222,13373,0,7,10800.0
2020-12-28 19:30:00,2020-12-28 16:30:00,1.22222,1.2240199999999999,1.22052,1.2206299999999999,13689,0,7,10800.0
2020-12-29 03:30:00,2020-12-28 20:00:00,1.2206299999999999,1.22348,1.2202600000000001,1.22271,13456,0,16,27000.0
2020-12-29 11:30:00,2020-12-29 04:00:00,1.22272,1.22579,1.22243,1.22497,13971,0,16,27000.0
2020-12-29 16:30:00,2020-12-29 12:00:00,1.22498,1.22749,1.22388,1.22674,15266,0,10,16200.0
2020-12-29 20:00:00,2020-12-29 17:00:00,1.2267000000000001,1.22676,1.22361,1.22444,14164,0,7,10800.0
2020-12-30 03:00:00,2020-12-29 20:30:00,1.22442,1.22845,1.22401,1.228,13452,0,14,23400.0
2020-12-30 09:30:00,2020-12-30 03:30:00,1.228,1.2295,1.22652,1.22671,14028,0,13,21600.0
2020-12-30 14:00:00,2020-12-30 10:00:00,1.2267299999999999,1.22848,1.22529,1.22781,14316,0,9,14400.0
2020-12-30 17:00:00,2020-12-30 14:30:00,1.22781,1.23099,1.22713,1.2283,15241,0,6,9000.0
2020-12-30 21:30:00,2020-12-30 17:30:00,1.2283,1.23022,1.22763,1.22883,13279,0,9,14400.0
2020-12-31 06:30:00,2020-12-30 22:00:00,1.22886,1.23093,1.22852,1.22866,13545,0,18,30600.0
2020-12-31 11:30:00,2020-12-31 07:00:00,1.22866,1.23041,1.2277,1.22793,14952,0,10,16200.0
2020-12-31 15:30:00,2020-12-31 12:00:00,1.22793,1.22885,1.22596,1.22842,13120,0,8,12600.0
2020-12-31 18:30:00,2020-12-31 16:00:00,1.22845,1.22852,1.2220900000000001,1.223,13623,0,6,9000.0
2021-01-04 02:30:00,2020-12-31 19:00:00,1.223,1.22528,1.22127,1.22407,13182,0,13,286200.0
2021-01-04 08:00:00,2021-01-04 03:00:00,1.22407,1.22591,1.22398,1.22455,14466,0,11,18000.0
2021-01-04 12:00:00,2021-01-04 08:30:00,1.22458,1.23004,1.22458,1.22929,14348,0,8,12600.0
2021-01-04 15:30:00,2021-01-04 12:30:00,1.22929,1.2306,1.2286299999999999,1.22988,14637,0,7,10800.0
2021-01-04 17:30:00,2021-01-04 16:00:00,1.2299,1.23098,1.22605,1.22719,14004,0,4,5400.0
2021-01-04 20:00:00,2021-01-04 18:00:00,1.22715,1.22775,1.22455,1.22498,13403,0,5,7200.0
2021-01-05 03:30:00,2021-01-04 20:30:00,1.22498,1.22632,1.22416,1.22572,13911,0,15,25200.0
2021-01-05 09:30:00,2021-01-05 04:00:00,1.22572,1.2276799999999999,1.2255099999999999,1.22582,13629,0,12,19800.0
2021-01-05 13:00:00,2021-01-05 10:00:00,1.22582,1.2285,1.22581,1.22832,13667,0,7,10800.0
2021-01-05 16:30:00,2021-01-05 13:30:00,1.22832,1.22906,1.22592,1.22642,15893,0,7,10800.0
2021-01-05 18:30:00,2021-01-05 17:00:00,1.22643,1.22963,1.2254,1.22944,13144,0,4,5400.0
2021-01-06 00:30:00,2021-01-05 19:00:00,1.22944,1.23056,1.22895,1.22964,13264,0,12,19800.0
2021-01-06 03:30:00,2021-01-06 01:00:00,1.22963,1.23261,1.22811,1.22892,14985,0,6,9000.0
2021-01-06 06:30:00,2021-01-06 04:00:00,1.22893,1.23065,1.22757,1.22918,13755,0,6,9000.0
2021-01-06 10:00:00,2021-01-06 07:00:00,1.22918,1.23455,1.22916,1.23249,16065,0,7,10800.0
2021-01-06 13:00:00,2021-01-06 10:30:00,1.2325,1.23469,1.23208,1.23469,14834,0,6,9000.0
2021-01-06 15:30:00,2021-01-06 13:30:00,1.23469,1.23494,1.23166,1.23196,13513,0,5,7200.0
2021-01-06 17:30:00,2021-01-06 16:00:00,1.2319499999999999,1.23206,1.22754,1.22824,16865,0,4,5400.0
2021-01-06 21:00:00,2021-01-06 18:00:00,1.22822,1.23174,1.22657,1.23044,15296,0,7,10800.0
2021-01-07 00:30:00,2021-01-06 21:30:00,1.23044,1.23399,1.22976,1.23276,13061,0,7,10800.0
2021-01-07 06:00:00,2021-01-07 01:00:00,1.23276,1.23441,1.23189,1.23285,13708,0,11,18000.0
2021-01-07 10:30:00,2021-01-07 06:30:00,1.23286,1.23295,1.22929,1.22944,15293,0,9,14400.0
2021-01-07 13:00:00,2021-01-07 11:00:00,1.22944,1.22957,1.22452,1.22588,13413,0,5,7200.0
2021-01-07 16:00:00,2021-01-07 13:30:00,1.22588,1.22826,1.2251,1.22687,13637,0,6,9000.0
2021-01-07 18:00:00,2021-01-07 16:30:00,1.22687,1.22771,1.22464,1.22717,15016,0,4,5400.0
2021-01-07 23:30:00,2021-01-07 18:30:00,1.22719,1.2279,1.22547,1.2271,13094,0,11,18000.0
2021-01-08 04:30:00,2021-01-08 00:00:00,1.22713,1.2273100000000001,1.22349,1.22598,13273,0,10,16200.0
2021-01-08 10:00:00,2021-01-08 05:00:00,1.22598,1.22691,1.22133,1.22295,16862,0,11,18000.0
2021-01-08 13:30:00,2021-01-08 10:30:00,1.22295,1.22537,1.22176,1.22504,13742,0,7,10800.0
2021-01-08 16:00:00,2021-01-08 14:00:00,1.22505,1.22845,1.22342,1.22775,15603,0,5,7200.0
2021-01-08 17:30:00,2021-01-08 16:30:00,1.22775,1.22821,1.22222,1.2255099999999999,13276,0,3,3600.0
2021-01-08 19:30:00,2021-01-08 18:00:00,1.22553,1.22634,1.22241,1.22288,13957,0,4,5400.0
2021-01-08 23:30:00,2021-01-08 20:00:00,1.22288,1.22288,1.21932,1.22218,13425,0,8,12600.0
2021-01-11 04:30:00,2021-01-11 00:00:00,1.22116,1.22285,1.21669,1.21801,14022,0,10,16200.0
2021-01-11 09:30:00,2021-01-11 05:00:00,1.21803,1.21934,1.21666,1.2178499999999999,13097,0,10,16200.0
2021-01-11 12:30:00,2021-01-11 10:00:00,1.21784,1.21996,1.21545,1.21673,13134,0,6,9000.0
2021-01-11 16:00:00,2021-01-11 13:00:00,1.21673,1.21719,1.21361,1.21503,15013,0,7,10800.0
2021-01-11 18:30:00,2021-01-11 16:30:00,1.21503,1.21716,1.21323,1.2168700000000001,15131,0,5,7200.0
2021-01-12 02:30:00,2021-01-11 19:00:00,1.21686,1.21743,1.21487,1.21593,13253,0,16,27000.0
2021-01-12 09:30:00,2021-01-12 03:00:00,1.21594,1.21754,1.21387,1.21635,14832,0,14,23400.0
2021-01-12 13:00:00,2021-01-12 10:00:00,1.21635,1.21791,1.21408,1.21495,13763,0,7,10800.0
2021-01-12 16:30:00,2021-01-12 13:30:00,1.21494,1.21647,1.21372,1.21513,15396,0,7,10800.0
2021-01-12 20:00:00,2021-01-12 17:00:00,1.21512,1.21833,1.21491,1.21833,13674,0,7,10800.0
2021-01-13 02:00:00,2021-01-12 20:30:00,1.21833,1.2216,1.21821,1.22103,13240,0,12,19800.0
2021-01-13 09:30:00,2021-01-13 02:30:00,1.22102,1.22229,1.22027,1.22031,13641,0,15,25200.0
2021-01-13 13:00:00,2021-01-13 10:00:00,1.22031,1.22078,1.21719,1.2175799999999999,13823,0,7,10800.0
2021-01-13 16:30:00,2021-01-13 13:30:00,1.2175799999999999,1.21786,1.21537,1.21639,16260,0,7,10800.0
2021-01-13 19:30:00,2021-01-13 17:00:00,1.2164,1.21806,1.21399,1.2165300000000001,14236,0,6,9000.0
2021-01-14 03:00:00,2021-01-13 20:00:00,1.2165300000000001,1.21747,1.21486,1.21678,13542,0,15,25200.0
2021-01-14 07:30:00,2021-01-14 03:30:00,1.21679,1.21691,1.2135799999999999,1.21552,13402,0,9,14400.0
2021-01-14 11:30:00,2021-01-14 08:00:00,1.21552,1.21675,1.21362,1.2166299999999999,14129,0,8,12600.0
2021-01-14 15:00:00,2021-01-14 12:00:00,1.21662,1.21672,1.21112,1.21122,13875,0,7,10800.0
2021-01-14 17:30:00,2021-01-14 15:30:00,1.21126,1.21391,1.2112,1.21354,14108,0,5,7200.0
2021-01-14 20:30:00,2021-01-14 18:00:00,1.21355,1.21784,1.21323,1.21508,14109,0,6,9000.0
2021-01-15 03:30:00,2021-01-14 21:00:00,1.21508,1.21652,1.21468,1.21509,13697,0,14,23400.0
2021-01-15 10:00:00,2021-01-15 04:00:00,1.21511,1.21546,1.21178,1.21217,15528,0,13,21600.0
2021-01-15 14:00:00,2021-01-15 10:30:00,1.21217,1.21444,1.21154,1.21212,13519,0,8,12600.0
2021-01-15 17:00:00,2021-01-15 14:30:00,1.21212,1.21329,1.20817,1.20855,16862,0,6,9000.0
2021-01-15 20:30:00,2021-01-15 17:30:00,1.20855,1.21003,1.20776,1.20807,13958,0,7,10800.0
2021-01-18 03:30:00,2021-01-15 21:00:00,1.20807,1.20864,1.20649,1.20789,13570,0,14,196200.0
2021-01-18 10:00:00,2021-01-18 04:00:00,1.20789,1.20867,1.20655,1.2071399999999999,14403,0,13,21600.0
2021-01-18 14:30:00,2021-01-18 10:30:00,1.2071399999999999,1.20798,1.20536,1.20562,13485,0,9,14400.0
2021-01-18 21:30:00,2021-01-18 15:00:00,1.2056,1.2082,1.20548,1.20789,13197,0,14,23400.0
2021-01-19 07:00:00,2021-01-18 22:00:00,1.20789,1.20985,1.20739,1.20953,13085,0,19,32400.0
2021-01-19 11:30:00,2021-01-19 07:30:00,1.20954,1.21227,1.20854,1.21183,14234,0,9,14400.0
2021-01-19 15:30:00,2021-01-19 12:00:00,1.21184,1.21412,1.21183,1.21359,13312,0,8,12600.0
2021-01-19 18:30:00,2021-01-19 16:00:00,1.21356,1.21449,1.21158,1.21248,13281,0,6,9000.0
2021-01-20 03:00:00,2021-01-19 19:00:00,1.21248,1.21465,1.21169,1.21374,14009,0,17,28800.0
2021-01-20 10:00:00,2021-01-20 03:30:00,1.21378,1.21582,1.21372,1.21425,13369,0,14,23400.0
2021-01-20 13:30:00,2021-01-20 10:30:00,1.21424,1.21432,1.21115,1.21122,13852,0,7,10800.0
2021-01-20 17:00:00,2021-01-20 14:00:00,1.21121,1.21149,1.20767,1.21025,15082,0,7,10800.0
2021-01-20 22:30:00,2021-01-20 17:30:00,1.21024,1.21177,1.20923,1.21072,13346,0,11,18000.0
2021-01-21 09:00:00,2021-01-20 23:00:00,1.21072,1.21381,1.21022,1.21276,13299,0,21,36000.0
2021-01-21 13:00:00,2021-01-21 09:30:00,1.21276,1.2147000000000001,1.2115,1.21374,14140,0,8,12600.0
2021-01-21 16:00:00,2021-01-21 13:30:00,1.21374,1.21732,1.21353,1.21456,16466,0,6,9000.0
2021-01-21 18:30:00,2021-01-21 16:30:00,1.21455,1.21699,1.21365,1.21426,13240,0,5,7200.0
2021-01-22 02:30:00,2021-01-21 19:00:00,1.21425,1.21775,1.2135799999999999,1.2169,13136,0,16,27000.0
2021-01-22 09:30:00,2021-01-22 03:00:00,1.21693,1.21766,1.21532,1.21566,13654,0,14,23400.0
2021-01-22 12:30:00,2021-01-22 10:00:00,1.2156500000000001,1.21894,1.21515,1.2168,13235,0,6,9000.0
2021-01-22 17:00:00,2021-01-22 13:00:00,1.21681,1.21872,1.21543,1.21784,13997,0,9,14400.0
2021-01-25 01:00:00,2021-01-22 17:30:00,1.21784,1.21815,1.21622,1.2165,13049,0,16,199800.0
2021-01-25 10:00:00,2021-01-25 01:30:00,1.21651,1.21833,1.2160199999999999,1.21768,14684,0,18,30600.0
2021-01-25 14:30:00,2021-01-25 10:30:00,1.21768,1.21771,1.21402,1.21534,13077,0,9,14400.0
2021-01-25 17:30:00,2021-01-25 15:00:00,1.21535,1.21536,1.2116,1.21302,13049,0,6,9000.0
2021-01-26 00:30:00,2021-01-25 18:00:00,1.21302,1.21477,1.21196,1.2141899999999999,13487,0,14,23400.0
2021-01-26 10:00:00,2021-01-26 01:00:00,1.2141899999999999,1.2146,1.21078,1.21259,14033,0,19,32400.0
2021-01-26 14:30:00,2021-01-26 10:30:00,1.21259,1.21489,1.21208,1.2144300000000001,14167,0,9,14400.0
2021-01-26 18:00:00,2021-01-26 15:00:00,1.2144300000000001,1.2176,1.21407,1.21618,13495,0,7,10800.0
2021-01-27 03:30:00,2021-01-26 18:30:00,1.21619,1.21696,1.21399,1.21608,13573,0,19,32400.0
2021-01-27 11:00:00,2021-01-27 04:00:00,1.21608,1.21659,1.21194,1.21239,14275,0,15,25200.0
2021-01-27 15:00:00,2021-01-27 11:30:00,1.2123599999999999,1.21333,1.21044,1.21149,13825,0,8,12600.0
2021-01-27 17:00:00,2021-01-27 15:30:00,1.21145,1.21148,1.20586,1.20758,13854,0,4,5400.0
2021-01-27 20:30:00,2021-01-27 17:30:00,1.20757,1.2120199999999999,1.20731,1.2119900000000001,14146,0,7,10800.0
2021-01-27 23:00:00,2021-01-27 21:00:00,1.212,1.21288,1.20933,1.2113,13449,0,5,7200.0
2021-01-28 05:30:00,2021-01-27 23:30:00,1.21132,1.21137,1.20825,1.2091,13168,0,13,21600.0
2021-01-28 10:30:00,2021-01-28 06:00:00,1.2091,1.21133,1.20805,1.20909,15436,0,10,16200.0
2021-01-28 14:00:00,2021-01-28 11:00:00,1.20909,1.21174,1.20906,1.21101,14297,0,7,10800.0
2021-01-28 16:30:00,2021-01-28 14:30:00,1.21101,1.21421,1.2088,1.21295,14845,0,5,7200.0
2021-01-28 20:00:00,2021-01-28 17:00:00,1.21295,1.21417,1.21188,1.21305,13520,0,7,10800.0
2021-01-29 04:30:00,2021-01-28 20:30:00,1.21305,1.21399,1.2102,1.2104300000000001,13406,0,17,28800.0
2021-01-29 10:30:00,2021-01-29 05:00:00,1.2104300000000001,1.21194,1.20944,1.21171,13810,0,12,19800.0
2021-01-29 14:00:00,2021-01-29 11:00:00,1.21171,1.21449,1.21059,1.21437,15125,0,7,10800.0
2021-01-29 16:30:00,2021-01-29 14:30:00,1.21439,1.21558,1.21263,1.21468,15204,0,5,7200.0
2021-01-29 19:00:00,2021-01-29 17:00:00,1.21467,1.2155,1.2125,1.21363,13960,0,5,7200.0
2021-02-01 01:30:00,2021-01-29 19:30:00,1.21361,1.21391,1.21206,1.21227,13415,0,13,194400.0
2021-02-01 09:30:00,2021-02-01 02:00:00,1.21227,1.21364,1.21201,1.21285,13667,0,16,27000.0
2021-02-01 12:30:00,2021-02-01 10:00:00,1.21285,1.21308,1.20696,1.20797,13740,0,6,9000.0
2021-02-01 16:30:00,2021-02-01 13:00:00,1.20798,1.2099199999999999,1.20722,1.20869,14917,0,8,12600.0
2021-02-01 20:30:00,2021-02-01 17:00:00,1.20867,1.20984,1.2061600000000001,1.2067700000000001,13394,0,8,12600.0
2021-02-02 05:30:00,2021-02-01 21:00:00,1.20678,1.20876,1.20562,1.20814,13757,0,18,30600.0
2021-02-02 11:30:00,2021-02-02 06:00:00,1.20819,1.20872,1.20639,1.20669,13549,0,12,19800.0
2021-02-02 15:30:00,2021-02-02 12:00:00,1.2067,1.20696,1.20262,1.2048,13983,0,8,12600.0
2021-02-02 18:30:00,2021-02-02 16:00:00,1.2048,1.20491,1.20187,1.2019199999999999,13280,0,6,9000.0
2021-02-03 03:00:00,2021-02-02 19:00:00,1.2019199999999999,1.205,1.20117,1.20467,13688,0,17,28800.0
2021-02-03 10:30:00,2021-02-03 03:30:00,1.20467,1.20479,1.20275,1.2031399999999999,13271,0,15,25200.0
2021-02-03 15:30:00,2021-02-03 11:00:00,1.20313,1.20317,1.20049,1.20171,13748,0,10,16200.0
2021-02-03 20:00:00,2021-02-03 16:00:00,1.20171,1.20325,1.20042,1.2023,13825,0,9,14400.0
2021-02-04 07:00:00,2021-02-03 20:30:00,1.20228,1.20428,1.20133,1.20145,13108,0,22,37800.0
2021-02-04 12:00:00,2021-02-04 07:30:00,1.20144,1.20175,1.19832,1.19935,14347,0,10,16200.0
2021-02-04 16:30:00,2021-02-04 12:30:00,1.19936,1.1998,1.19759,1.1981,13814,0,9,14400.0
2021-02-04 22:30:00,2021-02-04 17:00:00,1.19809,1.19843,1.19574,1.19657,13223,0,12,19800.0
2021-02-05 05:30:00,2021-02-04 23:00:00,1.1966,1.19717,1.19522,1.1954799999999999,13161,0,14,23400.0
2021-02-05 11:00:00,2021-02-05 06:00:00,1.1954799999999999,1.1987700000000001,1.19537,1.19801,13888,0,11,18000.0
2021-02-05 15:30:00,2021-02-05 11:30:00,1.19802,1.20239,1.19692,1.20039,18276,0,9,14400.0
2021-02-05 18:00:00,2021-02-05 16:00:00,1.20038,1.2033800000000001,1.20007,1.20257,14071,0,5,7200.0
2021-02-08 01:30:00,2021-02-05 18:30:00,1.20258,1.20553,1.20249,1.20486,13254,0,15,198000.0
2021-02-08 08:30:00,2021-02-08 02:00:00,1.20487,1.20527,1.20298,1.20391,13694,0,14,23400.0
2021-02-08 13:00:00,2021-02-08 09:00:00,1.2039,1.20487,1.20232,1.20324,13061,0,9,14400.0
2021-02-08 16:30:00,2021-02-08 13:30:00,1.20323,1.20638,1.20197,1.20564,13165,0,7,10800.0
2021-02-08 21:30:00,2021-02-08 17:00:00,1.20564,1.20661,1.20332,1.2055500000000001,13847,0,10,16200.0
2021-02-09 04:00:00,2021-02-08 22:00:00,1.2055500000000001,1.20781,1.20472,1.20769,13352,0,13,21600.0
2021-02-09 10:00:00,2021-02-09 04:30:00,1.20769,1.20869,1.20674,1.20685,14864,0,12,19800.0
2021-02-09 13:00:00,2021-02-09 10:30:00,1.20685,1.2116500000000001,1.20685,1.21002,13342,0,6,9000.0
2021-02-09 17:00:00,2021-02-09 13:30:00,1.21,1.21071,1.20886,1.20971,13674,0,8,12600.0
2021-02-10 00:30:00,2021-02-09 17:30:00,1.20973,1.21221,1.20923,1.21186,13229,0,15,25200.0
2021-02-10 11:00:00,2021-02-10 01:00:00,1.21187,1.2144,1.21088,1.21233,14659,0,21,36000.0
2021-02-10 15:30:00,2021-02-10 11:30:00,1.21234,1.21395,1.21131,1.21284,13358,0,9,14400.0
2021-02-10 19:00:00,2021-02-10 16:00:00,1.21284,1.21395,1.2123,1.21325,13460,0,7,10800.0
2021-02-11 08:30:00,2021-02-10 19:30:00,1.21324,1.21384,1.21135,1.21294,13331,0,27,46800.0
2021-02-11 14:30:00,2021-02-11 09:00:00,1.21295,1.21361,1.2118,1.2135,13925,0,12,19800.0
2021-02-11 18:00:00,2021-02-11 15:00:00,1.2135,1.21493,1.21275,1.21289,13728,0,7,10800.0
2021-02-12 00:30:00,2021-02-11 18:30:00,1.21289,1.21372,1.21214,1.21315,13084,0,13,21600.0
2021-02-12 08:30:00,2021-02-12 01:00:00,1.21315,1.21332,1.21186,1.21253,13454,0,16,27000.0
2021-02-12 13:00:00,2021-02-12 09:00:00,1.21255,1.2127,1.20966,1.21006,14769,0,9,14400.0
2021-02-12 17:00:00,2021-02-12 13:30:00,1.21005,1.21148,1.20815,1.21003,13476,0,8,12600.0
2021-02-15 00:30:00,2021-02-12 17:30:00,1.21003,1.21289,1.2098200000000001,1.21229,13295,0,15,198000.0
2021-02-15 09:30:00,2021-02-15 01:00:00,1.21229,1.21404,1.21167,1.21332,13146,0,18,30600.0
2021-02-15 14:30:00,2021-02-15 10:00:00,1.2133099999999999,1.21452,1.21241,1.21304,13825,0,10,16200.0
2021-02-16 01:00:00,2021-02-15 15:00:00,1.21305,1.2138,1.21208,1.21288,13256,0,21,36000.0
2021-02-16 09:00:00,2021-02-16 01:30:00,1.2128700000000001,1.2150400000000001,1.21286,1.21325,13203,0,16,27000.0
2021-02-16 13:30:00,2021-02-16 09:30:00,1.21326,1.2168,1.21283,1.21652,13658,0,9,14400.0
2021-02-16 16:00:00,2021-02-16 14:00:00,1.2165,1.21694,1.21002,1.21031,13044,0,5,7200.0
2021-02-16 18:30:00,2021-02-16 16:30:00,1.21035,1.21237,1.20949,1.2107,14390,0,5,7200.0
2021-02-17 02:00:00,2021-02-16 19:00:00,1.2107,1.21179,1.2086000000000001,1.20912,13312,0,15,25200.0
2021-02-17 08:30:00,2021-02-17 02:30:00,1.20912,1.2098200000000001,1.20832,1.20864,13395,0,13,21600.0
2021-02-17 12:00:00,2021-02-17 09:00:00,1.20864,1.20867,1.20594,1.20618,14710,0,7,10800.0
2021-02-17 16:00:00,2021-02-17 12:30:00,1.20619,1.20693,1.20304,1.2042,16043,0,8,12600.0
2021-02-17 19:00:00,2021-02-17 16:30:00,1.20419,1.20476,1.20234,1.2039900000000001,13815,0,6,9000.0
2021-02-18 04:00:00,2021-02-17 19:30:00,1.2039900000000001,1.205,1.20344,1.20428,13682,0,18,30600.0
2021-02-18 11:00:00,2021-02-18 04:30:00,1.20431,1.20706,1.20356,1.20664,14463,0,14,23400.0
2021-02-18 15:00:00,2021-02-18 11:30:00,1.20666,1.20867,1.20624,1.20824,14035,0,8,12600.0
2021-02-18 17:30:00,2021-02-18 15:30:00,1.20824,1.2089699999999999,1.20619,1.20721,14892,0,5,7200.0
2021-02-19 02:30:00,2021-02-18 18:00:00,1.20722,1.20983,1.20705,1.20973,13691,0,18,30600.0
2021-02-19 09:30:00,2021-02-19 03:00:00,1.20973,1.21134,1.20823,1.21094,13762,0,14,23400.0
2021-02-19 13:00:00,2021-02-19 10:00:00,1.21095,1.2144300000000001,1.21085,1.21391,13968,0,7,10800.0
2021-02-19 16:30:00,2021-02-19 13:30:00,1.21391,1.21427,1.2117499999999999,1.21261,13114,0,7,10800.0
2021-02-19 22:00:00,2021-02-19 17:00:00,1.21261,1.214,1.21078,1.21189,13530,0,11,18000.0
2021-02-22 05:00:00,2021-02-19 22:30:00,1.21182,1.21355,1.21124,1.21178,13528,0,14,196200.0
2021-02-22 10:30:00,2021-02-22 05:30:00,1.21178,1.21243,1.20912,1.21002,13749,0,11,18000.0
2021-02-22 14:30:00,2021-02-22 11:00:00,1.21002,1.2144300000000001,1.20977,1.21364,13109,0,8,12600.0
2021-02-22 17:00:00,2021-02-22 15:00:00,1.21365,1.21544,1.21291,1.21487,14056,0,5,7200.0
2021-02-22 23:00:00,2021-02-22 17:30:00,1.21487,1.21694,1.21338,1.21542,13212,0,12,19800.0
2021-02-23 09:00:00,2021-02-22 23:30:00,1.21542,1.21771,1.21532,1.21708,14311,0,20,34200.0
2021-02-23 12:30:00,2021-02-23 09:30:00,1.21708,1.21802,1.21436,1.21469,13314,0,7,10800.0
2021-02-23 16:30:00,2021-02-23 13:00:00,1.21469,1.21582,1.21353,1.21422,15211,0,8,12600.0
2021-02-23 19:00:00,2021-02-23 17:00:00,1.21422,1.2166299999999999,1.21367,1.21489,13699,0,5,7200.0
2021-02-24 02:30:00,2021-02-23 19:30:00,1.21488,1.2158,1.2141899999999999,1.21549,14116,0,15,25200.0
2021-02-24 06:00:00,2021-02-24 03:00:00,1.21549,1.21661,1.21474,1.21515,13125,0,7,10800.0
2021-02-24 10:30:00,2021-02-24 06:30:00,1.2151399999999999,1.21745,1.21441,1.21683,13763,0,9,14400.0
2021-02-24 14:30:00,2021-02-24 11:00:00,1.21683,1.21744,1.215,1.21559,14065,0,8,12600.0
2021-02-24 16:30:00,2021-02-24 15:00:00,1.21557,1.21576,1.21233,1.21322,13808,0,4,5400.0
2021-02-24 19:00:00,2021-02-24 17:00:00,1.21322,1.21463,1.21092,1.21448,13599,0,5,7200.0
2021-02-25 02:00:00,2021-02-24 19:30:00,1.21448,1.21743,1.21391,1.2164,13659,0,14,23400.0
2021-02-25 09:00:00,2021-02-25 02:30:00,1.2164,1.21829,1.2156,1.2168700000000001,14342,0,14,23400.0
2021-02-25 12:00:00,2021-02-25 09:30:00,1.21688,1.22312,1.21675,1.22286,14099,0,6,9000.0
2021-02-25 15:00:00,2021-02-25 12:30:00,1.22286,1.22376,1.22195,1.22279,14611,0,6,9000.0
2021-02-25 17:00:00,2021-02-25 15:30:00,1.2227999999999999,1.22432,1.22089,1.22286,15601,0,4,5400.0
2021-02-25 19:00:00,2021-02-25 17:30:00,1.22285,1.22385,1.22163,1.22311,13828,0,4,5400.0
2021-02-25 20:30:00,2021-02-25 19:30:00,1.22313,1.22326,1.21604,1.218,15095,0,3,3600.0
2021-02-25 23:00:00,2021-02-25 21:00:00,1.21797,1.2193,1.21627,1.21702,13786,0,5,7200.0
2021-02-26 03:00:00,2021-02-25 23:30:00,1.21701,1.21828,1.21371,1.21536,15780,0,8,12600.0
2021-02-26 06:30:00,2021-02-26 03:30:00,1.21537,1.21826,1.2145,1.21549,13548,0,7,10800.0
2021-02-26 09:30:00,2021-02-26 07:00:00,1.21549,1.21597,1.2129,1.21347,14589,0,6,9000.0
2021-02-26 12:00:00,2021-02-26 10:00:00,1.21346,1.21594,1.21148,1.21237,15461,0,5,7200.0
2021-02-26 14:30:00,2021-02-26 12:30:00,1.21237,1.21284,1.20927,1.21146,15674,0,5,7200.0
2021-02-26 16:30:00,2021-02-26 15:00:00,1.21146,1.21379,1.21056,1.21246,15590,0,4,5400.0
2021-02-26 18:00:00,2021-02-26 17:00:00,1.21249,1.21412,1.20911,1.20918,17780,0,3,3600.0
2021-02-26 20:30:00,2021-02-26 18:30:00,1.2092,1.21059,1.2072,1.20831,13657,0,5,7200.0
2021-03-01 02:00:00,2021-02-26 21:00:00,1.2083,1.20948,1.20622,1.20935,14756,0,11,190800.0
2021-03-01 07:30:00,2021-03-01 02:30:00,1.20936,1.21012,1.20747,1.20847,14077,0,11,18000.0
2021-03-01 11:00:00,2021-03-01 08:00:00,1.20847,1.20929,1.20363,1.20383,13367,0,7,10800.0
2021-03-01 15:00:00,2021-03-01 11:30:00,1.20383,1.20559,1.20282,1.20404,15244,0,8,12600.0
2021-03-01 17:00:00,2021-03-01 15:30:00,1.20407,1.20691,1.20278,1.20406,13682,0,4,5400.0
2021-03-01 20:00:00,2021-03-01 17:30:00,1.20406,1.20611,1.20328,1.20404,13606,0,6,9000.0
2021-03-02 03:00:00,2021-03-01 20:30:00,1.20404,1.20514,1.20307,1.20342,13972,0,14,23400.0
2021-03-02 07:00:00,2021-03-02 03:30:00,1.20342,1.20359,1.20153,1.20195,14116,0,8,12600.0
2021-03-02 10:30:00,2021-03-02 07:30:00,1.20195,1.20269,1.19992,1.20022,15140,0,7,10800.0
2021-03-02 14:00:00,2021-03-02 11:00:00,1.20022,1.2037,1.19915,1.20269,14048,0,7,10800.0
2021-03-02 17:30:00,2021-03-02 14:30:00,1.20271,1.20637,1.20198,1.20622,15820,0,7,10800.0
2021-03-02 23:00:00,2021-03-02 18:00:00,1.20622,1.20944,1.2059,1.2088,13352,0,11,18000.0
2021-03-03 09:00:00,2021-03-02 23:30:00,1.2088,1.20959,1.20791,1.20937,13112,0,20,34200.0
2021-03-03 12:30:00,2021-03-03 09:30:00,1.20938,1.21132,1.2074,1.20833,14623,0,7,10800.0
2021-03-03 16:00:00,2021-03-03 13:00:00,1.20834,1.20846,1.20429,1.20545,15240,0,7,10800.0
2021-03-03 18:00:00,2021-03-03 16:30:00,1.20543,1.20802,1.20468,1.20783,14635,0,4,5400.0
2021-03-03 22:30:00,2021-03-03 18:30:00,1.20784,1.20806,1.20615,1.20623,13394,0,9,14400.0
2021-03-04 06:00:00,2021-03-03 23:00:00,1.20624,1.20665,1.20434,1.20495,14159,0,15,25200.0
2021-03-04 10:30:00,2021-03-04 06:30:00,1.20496,1.20623,1.20364,1.20406,13311,0,9,14400.0
2021-03-04 14:30:00,2021-03-04 11:00:00,1.20407,1.20491,1.20267,1.20324,14694,0,8,12600.0
2021-03-04 17:30:00,2021-03-04 15:00:00,1.20323,1.20444,1.20225,1.2039900000000001,14358,0,6,9000.0
2021-03-04 19:30:00,2021-03-04 18:00:00,1.20398,1.20536,1.19901,1.1994,15753,0,4,5400.0
2021-03-04 21:00:00,2021-03-04 20:00:00,1.1994,1.2,1.19655,1.19746,13138,0,3,3600.0
2021-03-05 02:00:00,2021-03-04 21:30:00,1.19746,1.19768,1.19605,1.19642,13559,0,10,16200.0
2021-03-05 08:30:00,2021-03-05 02:30:00,1.1964299999999999,1.19668,1.19515,1.19533,13513,0,13,21600.0
2021-03-05 11:00:00,2021-03-05 09:00:00,1.19534,1.19607,1.1914,1.1926700000000001,13045,0,5,7200.0
2021-03-05 14:30:00,2021-03-05 11:30:00,1.19269,1.19433,1.19208,1.19354,14033,0,7,10800.0
2021-03-05 16:00:00,2021-03-05 15:00:00,1.19354,1.19463,1.1892800000000001,1.1941,14884,0,3,3600.0
2021-03-05 17:30:00,2021-03-05 16:30:00,1.1941,1.19419,1.19062,1.19067,15481,0,3,3600.0
2021-03-05 20:00:00,2021-03-05 18:00:00,1.19067,1.19194,1.19052,1.19106,14571,0,5,7200.0
2021-03-08 02:00:00,2021-03-05 20:30:00,1.19107,1.1932,1.19075,1.1925,13517,0,12,192600.0
2021-03-08 06:00:00,2021-03-08 02:30:00,1.19249,1.19321,1.18987,1.19039,13944,0,8,12600.0
2021-03-08 10:00:00,2021-03-08 06:30:00,1.19043,1.19146,1.18786,1.18931,15711,0,8,12600.0
2021-03-08 13:00:00,2021-03-08 10:30:00,1.1893,1.18934,1.18654,1.18781,13548,0,6,9000.0
2021-03-08 16:00:00,2021-03-08 13:30:00,1.18781,1.18802,1.18566,1.18739,15134,0,6,9000.0
2021-03-08 17:30:00,2021-03-08 16:30:00,1.18737,1.18872,1.18575,1.18579,14527,0,3,3600.0
2021-03-08 20:30:00,2021-03-08 18:00:00,1.18579,1.18648,1.18457,1.18537,13903,0,6,9000.0
2021-03-09 02:30:00,2021-03-08 21:00:00,1.18537,1.18587,1.18357,1.18442,14124,0,12,19800.0
2021-03-09 05:30:00,2021-03-09 03:00:00,1.18442,1.18672,1.18356,1.1865,13306,0,6,9000.0
2021-03-09 09:30:00,2021-03-09 06:00:00,1.1865,1.18883,1.18512,1.1880600000000001,13279,0,8,12600.0
2021-03-09 12:30:00,2021-03-09 10:00:00,1.18809,1.19098,1.18764,1.19007,14343,0,6,9000.0
2021-03-09 15:30:00,2021-03-09 13:00:00,1.19008,1.19157,1.18823,1.18918,13841,0,6,9000.0
2021-03-09 17:30:00,2021-03-09 16:00:00,1.18919,1.19091,1.1882,1.18858,14570,0,4,5400.0
2021-03-09 21:00:00,2021-03-09 18:00:00,1.18858,1.18987,1.18815,1.18961,13548,0,7,10800.0
2021-03-10 03:30:00,2021-03-09 21:30:00,1.18961,1.1905000000000001,1.1884000000000001,1.18851,13109,0,13,21600.0
2021-03-10 09:30:00,2021-03-10 04:00:00,1.18851,1.18862,1.18687,1.1884000000000001,14721,0,12,19800.0
2021-03-10 13:30:00,2021-03-10 10:00:00,1.1884000000000001,1.19046,1.18719,1.18911,14167,0,8,12600.0
2021-03-10 16:00:00,2021-03-10 14:00:00,1.1891,1.19248,1.18819,1.19235,16209,0,5,7200.0
2021-03-10 18:00:00,2021-03-10 16:30:00,1.19238,1.19238,1.18861,1.1895,14412,0,4,5400.0
2021-03-10 21:00:00,2021-03-10 18:30:00,1.1895,1.19223,1.18917,1.19205,14439,0,6,9000.0
2021-03-11 04:00:00,2021-03-10 21:30:00,1.19205,1.19345,1.19158,1.19315,13789,0,14,23400.0
2021-03-11 09:30:00,2021-03-11 04:30:00,1.19315,1.19464,1.19188,1.19383,13458,0,11,18000.0
2021-03-11 13:00:00,2021-03-11 10:00:00,1.19382,1.19688,1.19366,1.1963300000000001,14330,0,7,10800.0
2021-03-11 15:30:00,2021-03-11 13:30:00,1.1963300000000001,1.19736,1.1942599999999999,1.19569,15918,0,5,7200.0
2021-03-11 17:30:00,2021-03-11 16:00:00,1.19569,1.19662,1.1928,1.19583,14586,0,4,5400.0
2021-03-11 20:30:00,2021-03-11 18:00:00,1.1958199999999999,1.19897,1.19555,1.19858,13408,0,6,9000.0
2021-03-12 04:00:00,2021-03-11 21:00:00,1.19858,1.199,1.19725,1.19731,13402,0,15,25200.0
2021-03-12 09:00:00,2021-03-12 04:30:00,1.19731,1.19733,1.1938,1.19452,13404,0,10,16200.0
2021-03-12 12:00:00,2021-03-12 09:30:00,1.19452,1.19509,1.19098,1.19143,13513,0,6,9000.0
2021-03-12 15:30:00,2021-03-12 12:30:00,1.1914500000000001,1.19405,1.19136,1.19265,15264,0,7,10800.0
2021-03-12 17:30:00,2021-03-12 16:00:00,1.19264,1.19392,1.19114,1.19369,16246,0,4,5400.0
2021-03-12 21:00:00,2021-03-12 18:00:00,1.19368,1.19567,1.19333,1.19525,13573,0,7,10800.0
2021-03-15 04:00:00,2021-03-12 21:30:00,1.19525,1.19674,1.19436,1.1948,14435,0,14,196200.0
2021-03-15 09:30:00,2021-03-15 04:30:00,1.1948,1.19543,1.19179,1.19199,14438,0,11,18000.0
2021-03-15 14:00:00,2021-03-15 10:00:00,1.19201,1.19402,1.19193,1.19271,14829,0,9,14400.0
2021-03-15 17:00:00,2021-03-15 14:30:00,1.1927,1.1933799999999999,1.19153,1.19284,13201,0,6,9000.0
2021-03-15 22:00:00,2021-03-15 17:30:00,1.19284,1.19373,1.1911100000000001,1.19298,13451,0,10,16200.0
2021-03-16 07:00:00,2021-03-15 22:30:00,1.19298,1.19386,1.19221,1.19358,13425,0,18,30600.0
2021-03-16 11:30:00,2021-03-16 07:30:00,1.19357,1.19386,1.19137,1.19284,13503,0,9,14400.0
2021-03-16 15:00:00,2021-03-16 12:00:00,1.19284,1.19517,1.19152,1.19185,13679,0,7,10800.0
2021-03-16 17:30:00,2021-03-16 15:30:00,1.19186,1.19227,1.18823,1.18943,14204,0,5,7200.0
2021-03-16 22:30:00,2021-03-16 18:00:00,1.18943,1.19103,1.18899,1.1902,13043,0,10,16200.0
2021-03-17 07:30:00,2021-03-16 23:00:00,1.19017,1.1905999999999999,1.18926,1.18979,13435,0,18,30600.0
2021-03-17 13:00:00,2021-03-17 08:00:00,1.18979,1.19166,1.18863,1.18953,13793,0,11,18000.0
2021-03-17 16:30:00,2021-03-17 13:30:00,1.18952,1.19152,1.18913,1.19079,13612,0,7,10800.0
2021-03-17 20:00:00,2021-03-17 17:00:00,1.19077,1.19651,1.18968,1.19578,17720,0,7,10800.0
2021-03-17 22:30:00,2021-03-17 20:30:00,1.19578,1.19853,1.19547,1.19779,13458,0,5,7200.0
2021-03-18 05:30:00,2021-03-17 23:00:00,1.19777,1.19879,1.19588,1.19592,13966,0,14,23400.0
2021-03-18 10:00:00,2021-03-18 06:00:00,1.19592,1.1989,1.19429,1.19529,14527,0,9,14400.0
2021-03-18 13:30:00,2021-03-18 10:30:00,1.19529,1.19556,1.19341,1.19411,14659,0,7,10800.0
2021-03-18 16:00:00,2021-03-18 14:00:00,1.19413,1.19477,1.19101,1.19143,15693,0,5,7200.0
2021-03-18 19:00:00,2021-03-18 16:30:00,1.19143,1.1938900000000001,1.19085,1.19272,15041,0,6,9000.0
2021-03-19 00:30:00,2021-03-18 19:30:00,1.19271,1.19318,1.19062,1.1917,13316,0,11,18000.0
2021-03-19 06:00:00,2021-03-19 01:00:00,1.1917,1.19192,1.19019,1.1917200000000001,13653,0,11,18000.0
2021-03-19 10:30:00,2021-03-19 06:30:00,1.19171,1.19372,1.1911,1.1923,13770,0,9,14400.0
2021-03-19 14:30:00,2021-03-19 11:00:00,1.19229,1.1923300000000001,1.18905,1.19,13396,0,8,12600.0
2021-03-19 16:00:00,2021-03-19 15:00:00,1.19,1.19043,1.18738,1.18804,13188,0,3,3600.0
2021-03-19 19:00:00,2021-03-19 16:30:00,1.18804,1.19118,1.18785,1.19075,13066,0,6,9000.0
2021-03-22 04:00:00,2021-03-19 19:30:00,1.19075,1.19124,1.1875,1.18868,13154,0,16,203400.0
2021-03-22 10:00:00,2021-03-22 04:30:00,1.18869,1.18997,1.18744,1.18917,13826,0,12,19800.0
2021-03-22 14:00:00,2021-03-22 10:30:00,1.18915,1.19314,1.18911,1.19263,14115,0,8,12600.0
2021-03-22 17:00:00,2021-03-22 14:30:00,1.19263,1.1929400000000001,1.19108,1.1927,13281,0,6,9000.0
2021-03-23 00:30:00,2021-03-22 17:30:00,1.1927,1.19467,1.19262,1.19333,13151,0,15,25200.0
2021-03-23 08:00:00,2021-03-23 01:00:00,1.19334,1.19407,1.19195,1.19265,14104,0,15,25200.0
2021-03-23 12:00:00,2021-03-23 08:30:00,1.19265,1.1932,1.18851,1.1893,14745,0,8,12600.0
2021-03-23 15:30:00,2021-03-23 12:30:00,1.1893,1.18948,1.18707,1.18728,13113,0,7,10800.0
2021-03-23 19:30:00,2021-03-23 16:00:00,1.18728,1.18767,1.18556,1.18571,14397,0,8,12600.0
2021-03-24 03:30:00,2021-03-23 20:00:00,1.18571,1.18577,1.18361,1.18481,13599,0,16,27000.0
2021-03-24 09:30:00,2021-03-24 04:00:00,1.18481,1.18496,1.18176,1.18208,13267,0,12,19800.0
2021-03-24 13:00:00,2021-03-24 10:00:00,1.18205,1.18448,1.18123,1.1832799999999999,13902,0,7,10800.0
2021-03-24 16:30:00,2021-03-24 13:30:00,1.18327,1.18366,1.18143,1.18286,14273,0,7,10800.0
2021-03-24 21:00:00,2021-03-24 17:00:00,1.18289,1.1838899999999999,1.18177,1.1818,13860,0,9,14400.0
2021-03-25 05:00:00,2021-03-24 21:30:00,1.1818,1.18272,1.18041,1.18268,13598,0,16,27000.0
2021-03-25 10:30:00,2021-03-25 05:30:00,1.1827,1.18277,1.18015,1.18051,13904,0,11,18000.0
2021-03-25 14:30:00,2021-03-25 11:00:00,1.18051,1.18179,1.1791,1.17975,13552,0,8,12600.0
2021-03-25 17:00:00,2021-03-25 15:00:00,1.17975,1.18154,1.17853,1.17879,15256,0,5,7200.0
2021-03-25 20:00:00,2021-03-25 17:30:00,1.17878,1.17914,1.17619,1.17792,13155,0,6,9000.0
2021-03-26 04:00:00,2021-03-25 20:30:00,1.17792,1.17847,1.17621,1.17791,13347,0,16,27000.0
2021-03-26 11:30:00,2021-03-26 04:30:00,1.17792,1.17974,1.17746,1.17924,14190,0,15,25200.0
2021-03-26 16:00:00,2021-03-26 12:00:00,1.17922,1.17937,1.17719,1.17838,14840,0,9,14400.0
2021-03-26 20:30:00,2021-03-26 16:30:00,1.17837,1.18049,1.1781,1.17893,13994,0,9,14400.0
2021-03-29 07:00:00,2021-03-26 21:00:00,1.17895,1.17999,1.17751,1.17838,13376,0,19,208800.0
2021-03-29 12:00:00,2021-03-29 07:30:00,1.17836,1.17937,1.17628,1.17751,14262,0,10,16200.0
2021-03-29 16:30:00,2021-03-29 12:30:00,1.17751,1.17925,1.17649,1.17778,15947,0,9,14400.0
2021-03-29 20:00:00,2021-03-29 17:00:00,1.17777,1.17854,1.17608,1.17739,13112,0,7,10800.0
2021-03-30 05:30:00,2021-03-29 20:30:00,1.17737,1.1777,1.17622,1.1764999999999999,13064,0,19,32400.0
2021-03-30 11:00:00,2021-03-30 06:00:00,1.17651,1.17707,1.17332,1.17382,13121,0,11,18000.0
2021-03-30 15:30:00,2021-03-30 11:30:00,1.17382,1.17497,1.17276,1.17312,14867,0,9,14400.0
2021-03-30 18:30:00,2021-03-30 16:00:00,1.17312,1.17376,1.17114,1.17239,13935,0,6,9000.0
2021-03-31 04:00:00,2021-03-30 19:00:00,1.17239,1.17262,1.17138,1.17164,13109,0,19,32400.0
2021-03-31 10:30:00,2021-03-31 04:30:00,1.17164,1.17378,1.17041,1.17314,13775,0,13,21600.0
2021-03-31 15:00:00,2021-03-31 11:00:00,1.17314,1.17481,1.17212,1.17281,13648,0,9,14400.0
2021-03-31 18:00:00,2021-03-31 15:30:00,1.17281,1.17598,1.17212,1.17365,14804,0,6,9000.0
2021-04-01 00:30:00,2021-03-31 18:30:00,1.17365,1.17551,1.17196,1.1727400000000001,13361,0,13,21600.0
2021-04-01 09:00:00,2021-04-01 01:00:00,1.1727400000000001,1.17327,1.17124,1.17228,14267,0,17,28800.0
2021-04-01 13:00:00,2021-04-01 09:30:00,1.17228,1.17503,1.17187,1.17469,13547,0,8,12600.0
2021-04-01 17:00:00,2021-04-01 13:30:00,1.17469,1.17632,1.1733,1.17447,14884,0,8,12600.0
2021-04-02 03:30:00,2021-04-01 17:30:00,1.17446,1.17838,1.17417,1.17714,13172,0,21,36000.0
2021-04-02 17:30:00,2021-04-02 04:00:00,1.17713,1.17864,1.17488,1.17574,13265,0,28,48600.0
2021-04-05 02:00:00,2021-04-02 18:00:00,1.17575,1.17668,1.17511,1.17634,13593,0,17,201600.0
2021-04-05 14:00:00,2021-04-05 02:30:00,1.17635,1.17717,1.17382,1.17566,13390,0,24,41400.0
2021-04-05 19:00:00,2021-04-05 14:30:00,1.17567,1.18158,1.17556,1.18157,13738,0,10,16200.0
2021-04-06 06:00:00,2021-04-05 19:30:00,1.18157,1.18217,1.18017,1.18021,13605,0,22,37800.0
2021-04-06 11:30:00,2021-04-06 06:30:00,1.18023,1.18209,1.17951,1.18136,13275,0,11,18000.0
2021-04-06 16:00:00,2021-04-06 12:00:00,1.18137,1.18346,1.18023,1.1833,14656,0,9,14400.0
2021-04-06 21:00:00,2021-04-06 16:30:00,1.1833,1.18695,1.1832799999999999,1.18656,13732,0,10,16200.0
2021-04-07 05:30:00,2021-04-06 21:30:00,1.1865700000000001,1.1877900000000001,1.18653,1.18672,13360,0,17,28800.0
2021-04-07 11:00:00,2021-04-07 06:00:00,1.1867,1.18818,1.18639,1.18675,14725,0,11,18000.0
2021-04-07 15:00:00,2021-04-07 11:30:00,1.18675,1.18984,1.18672,1.18815,13880,0,8,12600.0
2021-04-07 18:00:00,2021-04-07 15:30:00,1.18815,1.19147,1.18767,1.18926,14408,0,6,9000.0
2021-04-08 01:30:00,2021-04-07 18:30:00,1.18927,1.18939,1.18609,1.18699,13291,0,15,25200.0
2021-04-08 10:30:00,2021-04-08 02:00:00,1.18699,1.18929,1.18605,1.18838,14446,0,18,30600.0
2021-04-08 15:00:00,2021-04-08 11:00:00,1.18835,1.18845,1.18618,1.18783,13160,0,9,14400.0
2021-04-08 18:00:00,2021-04-08 15:30:00,1.18783,1.19102,1.1877900000000001,1.19021,14053,0,6,9000.0
2021-04-09 03:30:00,2021-04-08 18:30:00,1.19024,1.19273,1.19002,1.19193,13844,0,19,32400.0
2021-04-09 10:30:00,2021-04-09 04:00:00,1.19193,1.19201,1.18845,1.18987,14705,0,14,23400.0
2021-04-09 15:00:00,2021-04-09 11:00:00,1.18984,1.19004,1.18743,1.18794,13200,0,9,14400.0
2021-04-09 18:00:00,2021-04-09 15:30:00,1.18794,1.18983,1.18672,1.18848,13539,0,6,9000.0
2021-04-12 04:00:00,2021-04-09 18:30:00,1.18847,1.19105,1.18844,1.18918,13212,0,20,207000.0
2021-04-12 10:00:00,2021-04-12 04:30:00,1.18919,1.18941,1.18744,1.18748,13805,0,12,19800.0
2021-04-12 14:30:00,2021-04-12 10:30:00,1.18749,1.1918199999999999,1.18712,1.19064,13773,0,9,14400.0
2021-04-12 19:00:00,2021-04-12 15:00:00,1.1907,1.1918,1.19028,1.19131,14088,0,9,14400.0
2021-04-13 04:30:00,2021-04-12 19:30:00,1.19133,1.1919,1.18973,1.18995,13108,0,19,32400.0
2021-04-13 10:30:00,2021-04-13 05:00:00,1.18995,1.19088,1.18829,1.19036,13648,0,12,19800.0
2021-04-13 14:30:00,2021-04-13 11:00:00,1.19038,1.19045,1.18849,1.18961,13740,0,8,12600.0
2021-04-13 16:30:00,2021-04-13 15:00:00,1.1896,1.19429,1.18775,1.19354,13844,0,4,5400.0
2021-04-13 21:30:00,2021-04-13 17:00:00,1.19354,1.1948,1.19237,1.19465,13514,0,10,16200.0
2021-04-14 07:30:00,2021-04-13 22:00:00,1.19465,1.19641,1.19441,1.19628,13494,0,20,34200.0
2021-04-14 13:00:00,2021-04-14 08:00:00,1.19628,1.1974,1.19514,1.19592,13817,0,11,18000.0
2021-04-14 18:00:00,2021-04-14 13:30:00,1.19592,1.1975,1.19509,1.19748,14017,0,10,16200.0
2021-04-15 04:30:00,2021-04-14 18:30:00,1.19748,1.19897,1.19697,1.19741,13079,0,21,36000.0
2021-04-15 12:30:00,2021-04-15 05:00:00,1.19741,1.19933,1.19698,1.19787,13883,0,16,27000.0
2021-04-15 17:00:00,2021-04-15 13:00:00,1.19787,1.1984,1.19561,1.1978900000000001,14111,0,9,14400.0
2021-04-16 03:00:00,2021-04-15 17:30:00,1.1978900000000001,1.19792,1.19571,1.19626,13527,0,20,34200.0
2021-04-16 10:30:00,2021-04-16 03:30:00,1.19626,1.1988699999999999,1.19504,1.19876,13512,0,15,25200.0
2021-04-16 16:00:00,2021-04-16 11:00:00,1.19876,1.19949,1.19692,1.1984,13551,0,11,18000.0
2021-04-19 03:30:00,2021-04-16 16:30:00,1.1984,1.19937,1.19607,1.19614,13722,0,23,212400.0
2021-04-19 10:30:00,2021-04-19 04:00:00,1.19614,1.2021,1.1942599999999999,1.20198,13971,0,14,23400.0
2021-04-19 14:30:00,2021-04-19 11:00:00,1.20198,1.20481,1.20133,1.20373,13294,0,8,12600.0
2021-04-19 19:30:00,2021-04-19 15:00:00,1.20374,1.20407,1.20153,1.2038,13227,0,10,16200.0
2021-04-20 08:00:00,2021-04-19 20:00:00,1.20381,1.20717,1.20324,1.206,13511,0,25,43200.0
2021-04-20 12:30:00,2021-04-20 08:30:00,1.206,1.20798,1.20483,1.2058,14066,0,9,14400.0
2021-04-20 17:30:00,2021-04-20 13:00:00,1.20579,1.206,1.20263,1.20487,14396,0,10,16200.0
2021-04-21 04:30:00,2021-04-20 18:00:00,1.20487,1.20504,1.20224,1.20369,14126,0,22,37800.0
2021-04-21 12:30:00,2021-04-21 05:00:00,1.20369,1.2038,1.20008,1.2006999999999999,14144,0,16,27000.0
2021-04-21 17:30:00,2021-04-21 13:00:00,1.20069,1.20319,1.19984,1.2028,14311,0,10,16200.0
2021-04-22 06:00:00,2021-04-21 18:00:00,1.20281,1.20468,1.20256,1.20444,13748,0,25,43200.0
2021-04-22 13:00:00,2021-04-22 06:30:00,1.20443,1.20556,1.20222,1.20508,13534,0,14,23400.0
2021-04-22 17:00:00,2021-04-22 13:30:00,1.20508,1.2069,1.20026,1.20055,15215,0,8,12600.0
2021-04-22 22:00:00,2021-04-22 17:30:00,1.20056,1.20249,1.19937,1.2010399999999999,13556,0,10,16200.0
2021-04-23 10:00:00,2021-04-22 22:30:00,1.2010399999999999,1.20507,1.20093,1.20497,14311,0,24,41400.0
2021-04-23 16:00:00,2021-04-23 10:30:00,1.20501,1.20756,1.20442,1.20651,13840,0,12,19800.0
2021-04-23 22:00:00,2021-04-23 16:30:00,1.20652,1.20973,1.20464,1.20971,13528,0,12,19800.0
2021-04-26 09:00:00,2021-04-23 22:30:00,1.20971,1.2117,1.2088700000000001,1.21123,13687,0,22,210600.0
2021-04-26 14:30:00,2021-04-26 09:30:00,1.21125,1.21128,1.2081,1.20827,13399,0,11,18000.0
2021-04-26 20:00:00,2021-04-26 15:00:00,1.20824,1.2089699999999999,1.20613,1.20852,13120,0,11,18000.0
2021-04-27 09:30:00,2021-04-26 20:30:00,1.20851,1.20936,1.20651,1.20698,13902,0,27,46800.0
2021-04-27 15:30:00,2021-04-27 10:00:00,1.20698,1.20928,1.20568,1.20817,13535,0,12,19800.0
2021-04-27 22:00:00,2021-04-27 16:00:00,1.20817,1.20903,1.20694,1.20868,13555,0,13,21600.0
2021-04-28 10:30:00,2021-04-27 22:30:00,1.20869,1.2093,1.20563,1.20732,14322,0,25,43200.0
2021-04-28 16:30:00,2021-04-28 11:00:00,1.20733,1.20797,1.2057,1.20717,14194,0,12,19800.0
2021-04-28 21:00:00,2021-04-28 17:00:00,1.20718,1.2106,1.20656,1.21023,13983,0,9,14400.0
2021-04-29 04:30:00,2021-04-28 21:30:00,1.21023,1.21502,1.20988,1.21469,13291,0,15,25200.0
2021-04-29 12:00:00,2021-04-29 05:00:00,1.21473,1.21487,1.21112,1.21152,13530,0,15,25200.0
2021-04-29 16:30:00,2021-04-29 12:30:00,1.21152,1.2135799999999999,1.21021,1.21063,14184,0,9,14400.0
2021-04-29 22:30:00,2021-04-29 17:00:00,1.21065,1.21293,1.21023,1.2128700000000001,13497,0,12,19800.0
2021-04-30 10:30:00,2021-04-29 23:00:00,1.21286,1.21286,1.20998,1.21021,13705,0,24,41400.0
2021-04-30 16:30:00,2021-04-30 11:00:00,1.21021,1.21041,1.2068,1.20749,14710,0,12,19800.0
2021-04-30 19:30:00,2021-04-30 17:00:00,1.2075,1.20797,1.2024,1.20267,13233,0,6,9000.0
2021-05-03 08:30:00,2021-04-30 20:00:00,1.20267,1.20355,1.20163,1.20219,13443,0,26,217800.0
2021-05-03 15:00:00,2021-05-03 09:00:00,1.20219,1.20577,1.20129,1.20516,13799,0,13,21600.0
2021-05-03 20:30:00,2021-05-03 15:30:00,1.20516,1.20759,1.20421,1.20607,13329,0,11,18000.0
2021-05-04 10:00:00,2021-05-03 21:00:00,1.20607,1.20673,1.20132,1.20185,13200,0,27,46800.0
2021-05-04 15:00:00,2021-05-04 10:30:00,1.20185,1.20249,1.19992,1.20215,13810,0,10,16200.0
2021-05-04 18:00:00,2021-05-04 15:30:00,1.20215,1.20356,1.20015,1.20169,14028,0,6,9000.0
2021-05-05 01:30:00,2021-05-04 18:30:00,1.20167,1.20245,1.20078,1.2016,13326,0,15,25200.0
2021-05-05 11:00:00,2021-05-05 02:00:00,1.20161,1.20268,1.1985999999999999,1.19888,13361,0,19,32400.0
2021-05-05 16:30:00,2021-05-05 11:30:00,1.19889,1.20197,1.1988,1.1998199999999999,14837,0,11,18000.0
2021-05-06 03:00:00,2021-05-05 17:00:00,1.1998199999999999,1.2012,1.19912,1.20056,13498,0,21,36000.0
2021-05-06 11:00:00,2021-05-06 03:30:00,1.20056,1.20342,1.19931,1.20324,14035,0,16,27000.0
2021-05-06 16:00:00,2021-05-06 11:30:00,1.20324,1.20606,1.20324,1.20535,13513,0,10,16200.0
2021-05-06 21:30:00,2021-05-06 16:30:00,1.20535,1.20716,1.20442,1.20549,13332,0,11,18000.0
2021-05-07 09:30:00,2021-05-06 22:00:00,1.20549,1.20698,1.2053,1.20579,13095,0,24,41400.0
2021-05-07 15:00:00,2021-05-07 10:00:00,1.20579,1.20906,1.20567,1.20621,13498,0,11,18000.0
2021-05-07 16:30:00,2021-05-07 15:30:00,1.20623,1.21462,1.2061600000000001,1.21209,16720,0,3,3600.0
2021-05-07 21:00:00,2021-05-07 17:00:00,1.21211,1.21652,1.21179,1.2158,13739,0,9,14400.0
2021-05-10 07:30:00,2021-05-07 21:30:00,1.21579,1.21769,1.21508,1.21517,13279,0,21,208800.0
2021-05-10 12:30:00,2021-05-10 08:00:00,1.21517,1.21754,1.21367,1.21644,13954,0,10,16200.0
2021-05-10 17:00:00,2021-05-10 13:00:00,1.21645,1.21783,1.21554,1.21661,14700,0,9,14400.0
2021-05-11 00:00:00,2021-05-10 17:30:00,1.2166,1.21729,1.2127,1.21299,13191,0,14,23400.0
2021-05-11 09:00:00,2021-05-11 00:30:00,1.2129,1.21493,1.2126000000000001,1.21357,13474,0,18,30600.0
2021-05-11 13:30:00,2021-05-11 09:30:00,1.21357,1.21692,1.2123,1.21612,13572,0,9,14400.0
2021-05-11 17:00:00,2021-05-11 14:00:00,1.21612,1.21817,1.21482,1.21707,14501,0,7,10800.0
2021-05-11 22:00:00,2021-05-11 17:30:00,1.2171,1.2172,1.21462,1.2155,13690,0,10,16200.0
2021-05-12 08:30:00,2021-05-11 22:30:00,1.2155,1.2155,1.21152,1.21222,13055,0,21,36000.0
2021-05-12 14:00:00,2021-05-12 09:00:00,1.21222,1.21439,1.21203,1.21254,14152,0,11,18000.0
2021-05-12 16:00:00,2021-05-12 14:30:00,1.21254,1.21521,1.20719,1.20941,14625,0,4,5400.0
2021-05-12 18:00:00,2021-05-12 16:30:00,1.20941,1.21106,1.20658,1.20781,13403,0,4,5400.0
2021-05-12 22:00:00,2021-05-12 18:30:00,1.2078,1.20828,1.20656,1.20778,13769,0,8,12600.0
2021-05-13 07:30:00,2021-05-12 22:30:00,1.20778,1.20889,1.20678,1.20778,13247,0,19,32400.0
2021-05-13 11:30:00,2021-05-13 08:00:00,1.20781,1.21061,1.20515,1.20623,15414,0,8,12600.0
2021-05-13 15:30:00,2021-05-13 12:00:00,1.20624,1.20941,1.206,1.20816,14340,0,8,12600.0
2021-05-13 19:00:00,2021-05-13 16:00:00,1.20815,1.21002,1.20642,1.2083599999999999,14441,0,7,10800.0
2021-05-14 03:00:00,2021-05-13 19:30:00,1.2083599999999999,1.20907,1.20622,1.20717,13196,0,16,27000.0
2021-05-14 10:30:00,2021-05-14 03:30:00,1.20717,1.21179,1.20711,1.21153,14470,0,15,25200.0
2021-05-14 15:30:00,2021-05-14 11:00:00,1.2115,1.21377,1.21031,1.21292,15757,0,10,16200.0
2021-05-14 20:00:00,2021-05-14 16:00:00,1.21295,1.21476,1.21241,1.21365,13483,0,9,14400.0
2021-05-17 07:30:00,2021-05-14 20:30:00,1.21365,1.21513,1.2129,1.21296,13376,0,23,212400.0
2021-05-17 13:00:00,2021-05-17 08:00:00,1.21296,1.21668,1.2126000000000001,1.21647,13136,0,11,18000.0
2021-05-17 17:30:00,2021-05-17 13:30:00,1.2165,1.2168700000000001,1.21347,1.2144300000000001,14704,0,9,14400.0
2021-05-18 04:00:00,2021-05-17 18:00:00,1.21444,1.21657,1.21423,1.21657,13390,0,21,36000.0
2021-05-18 11:00:00,2021-05-18 04:30:00,1.21657,1.22137,1.21623,1.22128,14243,0,14,23400.0
2021-05-18 16:00:00,2021-05-18 11:30:00,1.2213,1.22339,1.22066,1.22156,14304,0,10,16200.0
2021-05-18 21:00:00,2021-05-18 16:30:00,1.22157,1.22292,1.2198,1.22273,13523,0,10,16200.0
2021-05-19 08:30:00,2021-05-18 21:30:00,1.22273,1.22426,1.22173,1.22395,13387,0,23,39600.0
2021-05-19 12:30:00,2021-05-19 09:00:00,1.22394,1.22452,1.22048,1.22109,14608,0,8,12600.0
2021-05-19 16:00:00,2021-05-19 13:00:00,1.22109,1.2217500000000001,1.21889,1.22154,14563,0,7,10800.0
2021-05-19 18:30:00,2021-05-19 16:30:00,1.22152,1.22387,1.22118,1.22159,14339,0,5,7200.0
2021-05-19 21:30:00,2021-05-19 19:00:00,1.2215799999999999,1.2221,1.2168700000000001,1.21712,15019,0,6,9000.0
2021-05-20 04:30:00,2021-05-19 22:00:00,1.21709,1.2185,1.21599,1.2181,13388,0,14,23400.0
2021-05-20 11:00:00,2021-05-20 05:00:00,1.21811,1.22047,1.21726,1.21995,14274,0,13,21600.0
2021-05-20 15:30:00,2021-05-20 11:30:00,1.21995,1.22081,1.21811,1.22,13853,0,9,14400.0
2021-05-20 19:30:00,2021-05-20 16:00:00,1.22,1.22263,1.21973,1.22182,13980,0,8,12600.0
2021-05-21 05:00:00,2021-05-20 20:00:00,1.22183,1.2239200000000001,1.22121,1.22291,13279,0,19,32400.0
2021-05-21 11:00:00,2021-05-21 05:30:00,1.22291,1.22398,1.22098,1.22201,13801,0,12,19800.0
2021-05-21 15:00:00,2021-05-21 11:30:00,1.22203,1.2238,1.21784,1.21923,14898,0,8,12600.0
2021-05-21 18:00:00,2021-05-21 15:30:00,1.2192,1.22103,1.21707,1.21856,13653,0,6,9000.0
2021-05-24 03:00:00,2021-05-21 18:30:00,1.21856,1.21885,1.2161,1.21834,13688,0,18,203400.0
2021-05-24 09:00:00,2021-05-24 03:30:00,1.21834,1.21925,1.21751,1.21874,13092,0,12,19800.0
2021-05-24 13:00:00,2021-05-24 09:30:00,1.21875,1.22181,1.21747,1.22132,14608,0,8,12600.0
2021-05-24 17:00:00,2021-05-24 13:30:00,1.22133,1.223,1.22036,1.22267,13344,0,8,12600.0
2021-05-25 02:00:00,2021-05-24 17:30:00,1.22267,1.22291,1.22048,1.22131,13281,0,18,30600.0
2021-05-25 09:00:00,2021-05-25 02:30:00,1.22131,1.22381,1.22117,1.223,13535,0,14,23400.0
2021-05-25 12:00:00,2021-05-25 09:30:00,1.22301,1.22622,1.22289,1.22588,13689,0,6,9000.0
2021-05-25 16:30:00,2021-05-25 12:30:00,1.22587,1.22664,1.22408,1.22477,14979,0,9,14400.0
2021-05-25 20:30:00,2021-05-25 17:00:00,1.22477,1.22541,1.22268,1.22477,13155,0,8,12600.0
2021-05-26 05:30:00,2021-05-25 21:00:00,1.22478,1.2257,1.2242,1.22499,13500,0,18,30600.0
2021-05-26 11:30:00,2021-05-26 06:00:00,1.22498,1.2263,1.22324,1.22409,14057,0,12,19800.0
2021-05-26 16:00:00,2021-05-26 12:00:00,1.22409,1.2247,1.22169,1.22243,14103,0,9,14400.0
2021-05-26 19:30:00,2021-05-26 16:30:00,1.22241,1.22399,1.21958,1.21999,13863,0,7,10800.0
2021-05-27 04:00:00,2021-05-26 20:00:00,1.21999,1.22021,1.21751,1.21772,13118,0,17,28800.0
2021-05-27 10:00:00,2021-05-27 04:30:00,1.2178,1.22084,1.21779,1.2208,13183,0,12,19800.0
2021-05-27 14:00:00,2021-05-27 10:30:00,1.22075,1.22151,1.21802,1.22038,13281,0,8,12600.0
2021-05-27 17:00:00,2021-05-27 14:30:00,1.22037,1.22117,1.21798,1.22031,13538,0,6,9000.0
2021-05-27 22:30:00,2021-05-27 17:30:00,1.22031,1.22062,1.21853,1.21993,13087,0,11,18000.0
2021-05-28 09:00:00,2021-05-27 23:00:00,1.21993,1.21993,1.21716,1.21784,13679,0,21,36000.0
2021-05-28 13:30:00,2021-05-28 09:30:00,1.21783,1.22006,1.21726,1.21777,13965,0,9,14400.0
2021-05-28 16:30:00,2021-05-28 14:00:00,1.21778,1.21816,1.21327,1.21644,15554,0,6,9000.0
2021-05-28 20:30:00,2021-05-28 17:00:00,1.21644,1.2205,1.2163,1.22017,13651,0,8,12600.0
2021-05-31 07:00:00,2021-05-28 21:00:00,1.22018,1.22042,1.21847,1.21969,13055,0,21,208800.0
2021-05-31 13:30:00,2021-05-31 07:30:00,1.21969,1.22039,1.21833,1.2190400000000001,13590,0,13,21600.0
2021-05-31 22:00:00,2021-05-31 14:00:00,1.21903,1.22314,1.21859,1.22261,13131,0,17,28800.0
2021-06-01 09:30:00,2021-05-31 22:30:00,1.22263,1.22376,1.22183,1.22325,14136,0,23,39600.0
2021-06-01 13:30:00,2021-06-01 10:00:00,1.22324,1.22416,1.22133,1.22231,13196,0,8,12600.0
2021-06-01 17:30:00,2021-06-01 14:00:00,1.22231,1.22543,1.22159,1.22461,15410,0,8,12600.0
2021-06-02 03:00:00,2021-06-01 18:00:00,1.22461,1.22512,1.22111,1.22239,13426,0,19,32400.0
2021-06-02 10:00:00,2021-06-02 03:30:00,1.22237,1.22265,1.22045,1.22069,13670,0,14,23400.0
2021-06-02 13:30:00,2021-06-02 10:30:00,1.22069,1.22139,1.21693,1.21734,13127,0,7,10800.0
2021-06-02 17:30:00,2021-06-02 14:00:00,1.21734,1.22073,1.21643,1.22068,14162,0,8,12600.0
2021-06-03 04:00:00,2021-06-02 18:00:00,1.22068,1.2218499999999999,1.22028,1.22115,13303,0,21,36000.0
2021-06-03 11:30:00,2021-06-03 04:30:00,1.22117,1.22118,1.2178499999999999,1.21878,14191,0,15,25200.0
2021-06-03 15:00:00,2021-06-03 12:00:00,1.21876,1.22083,1.21595,1.2166,13961,0,7,10800.0
2021-06-03 17:00:00,2021-06-03 15:30:00,1.2166,1.21711,1.21303,1.2135,13744,0,4,5400.0
2021-06-03 23:00:00,2021-06-03 17:30:00,1.2135,1.21398,1.21183,1.21289,13676,0,12,19800.0
2021-06-04 08:30:00,2021-06-03 23:30:00,1.21289,1.21322,1.2105,1.21071,13405,0,19,32400.0
2021-06-04 14:00:00,2021-06-04 09:00:00,1.21069,1.2118,1.21041,1.21157,14143,0,11,18000.0
2021-06-04 16:00:00,2021-06-04 14:30:00,1.21158,1.21763,1.21109,1.21752,13870,0,4,5400.0
2021-06-04 21:30:00,2021-06-04 16:30:00,1.21752,1.21856,1.21603,1.21651,13540,0,11,18000.0
2021-06-07 09:30:00,2021-06-04 22:00:00,1.21652,1.21727,1.21515,1.21526,13468,0,24,214200.0
2021-06-07 15:00:00,2021-06-07 10:00:00,1.21524,1.21759,1.21448,1.21671,13707,0,11,18000.0
2021-06-07 21:00:00,2021-06-07 15:30:00,1.21671,1.22018,1.21613,1.2197,13446,0,12,19800.0
2021-06-08 08:30:00,2021-06-07 21:30:00,1.2197,1.21973,1.21763,1.21774,13091,0,23,39600.0
2021-06-08 13:30:00,2021-06-08 09:00:00,1.21777,1.21853,1.21643,1.21776,14005,0,10,16200.0
2021-06-08 17:30:00,2021-06-08 14:00:00,1.21776,1.2193100000000001,1.21707,1.2186,15448,0,8,12600.0
2021-06-09 06:00:00,2021-06-08 18:00:00,1.2186,1.21861,1.21709,1.21825,13496,0,25,43200.0
2021-06-09 13:30:00,2021-06-09 06:30:00,1.21826,1.21951,1.2175799999999999,1.21922,13426,0,15,25200.0
2021-06-09 17:30:00,2021-06-09 14:00:00,1.21923,1.22179,1.21813,1.21859,14469,0,8,12600.0
2021-06-10 04:00:00,2021-06-09 18:00:00,1.21859,1.21906,1.21706,1.2172,13254,0,21,36000.0
2021-06-10 11:00:00,2021-06-10 04:30:00,1.21719,1.21755,1.21534,1.21654,13917,0,14,23400.0
2021-06-10 15:00:00,2021-06-10 11:30:00,1.2165300000000001,1.21874,1.21599,1.21704,13104,0,8,12600.0
2021-06-10 16:30:00,2021-06-10 15:30:00,1.21703,1.2195,1.21432,1.21824,16856,0,3,3600.0
2021-06-10 20:00:00,2021-06-10 17:00:00,1.21822,1.21901,1.21619,1.2174800000000001,13734,0,7,10800.0
2021-06-11 06:00:00,2021-06-10 20:30:00,1.21747,1.21913,1.21674,1.21883,13090,0,20,34200.0
2021-06-11 12:00:00,2021-06-11 06:30:00,1.21883,1.2193100000000001,1.21595,1.21597,14129,0,12,19800.0
2021-06-11 16:00:00,2021-06-11 12:30:00,1.21597,1.21629,1.2122600000000001,1.21281,14274,0,8,12600.0
2021-06-11 19:30:00,2021-06-11 16:30:00,1.21277,1.21292,1.20929,1.20966,13172,0,7,10800.0
2021-06-14 06:30:00,2021-06-11 20:00:00,1.20966,1.2112,1.20927,1.20999,13360,0,22,210600.0
2021-06-14 12:00:00,2021-06-14 07:00:00,1.20999,1.21208,1.20942,1.21171,14309,0,11,18000.0
2021-06-14 17:00:00,2021-06-14 12:30:00,1.21174,1.21303,1.2111399999999999,1.21284,14509,0,10,16200.0
2021-06-15 04:00:00,2021-06-14 17:30:00,1.21283,1.21303,1.21139,1.21183,14407,0,21,37800.0
2021-06-15 11:00:00,2021-06-15 04:30:00,1.21181,1.21473,1.21148,1.21412,14166,0,14,23400.0
2021-06-15 15:30:00,2021-06-15 11:30:00,1.21412,1.21434,1.21014,1.21118,13689,0,9,14400.0
2021-06-15 19:30:00,2021-06-15 16:00:00,1.21118,1.21311,1.21091,1.2124,13234,0,8,12600.0
2021-06-16 07:00:00,2021-06-15 20:00:00,1.21241,1.2129699999999999,1.21167,1.21253,13191,0,23,39600.0
2021-06-16 12:00:00,2021-06-16 07:30:00,1.21253,1.2134800000000001,1.21181,1.21222,13096,0,10,16200.0
2021-06-16 19:00:00,2021-06-16 12:30:00,1.21223,1.21276,1.21124,1.21144,14242,0,12,23400.0
2021-06-16 21:30:00,2021-06-16 19:30:00,1.21144,1.21183,1.20084,1.20179,19480,0,5,7200.0
2021-06-17 01:30:00,2021-06-16 22:00:00,1.20178,1.20369,1.19908,1.1998,13421,0,8,12600.0
2021-06-17 05:30:00,2021-06-17 02:00:00,1.1998,1.20049,1.19841,1.20023,13223,0,8,12600.0
2021-06-17 10:00:00,2021-06-17 06:00:00,1.20023,1.20064,1.19504,1.19513,15071,0,9,14400.0
2021-06-17 13:00:00,2021-06-17 10:30:00,1.19513,1.19644,1.19295,1.19324,15077,0,6,9000.0
2021-06-17 15:30:00,2021-06-17 13:30:00,1.19323,1.19471,1.19262,1.19312,13227,0,5,7200.0
2021-06-17 17:30:00,2021-06-17 16:00:00,1.19312,1.19513,1.19213,1.19397,13086,0,4,5400.0
2021-06-17 20:30:00,2021-06-17 18:00:00,1.19397,1.19427,1.18918,1.19162,14541,0,6,9000.0
2021-06-18 04:30:00,2021-06-17 21:00:00,1.19162,1.19208,1.19008,1.19152,14026,0,14,27000.0
2021-06-18 09:30:00,2021-06-18 05:00:00,1.19151,1.19251,1.18853,1.18909,15565,0,10,16200.0
2021-06-18 12:00:00,2021-06-18 10:00:00,1.1891,1.19244,1.18905,1.1921,13131,0,5,7200.0
2021-06-18 15:00:00,2021-06-18 12:30:00,1.1921,1.19222,1.18674,1.18733,13659,0,6,9000.0
2021-06-18 19:00:00,2021-06-18 15:30:00,1.18731,1.18943,1.18537,1.18741,14974,0,6,12600.0
2021-06-18 23:00:00,2021-06-18 19:30:00,1.18741,1.1882,1.1861,1.18631,13441,0,8,12600.0
2021-06-21 05:00:00,2021-06-18 23:30:00,1.1863,1.18766,1.1855,1.18689,14357,0,12,192600.0
2021-06-21 09:00:00,2021-06-21 05:30:00,1.1869,1.18784,1.1847699999999999,1.18757,15324,0,8,12600.0
2021-06-21 11:30:00,2021-06-21 09:30:00,1.18757,1.1893799999999999,1.18514,1.18932,13791,0,5,7200.0
2021-06-21 15:00:00,2021-06-21 12:00:00,1.18931,1.18998,1.18849,1.18869,14122,0,7,10800.0
2021-06-21 17:30:00,2021-06-21 15:30:00,1.18869,1.1920600000000001,1.18856,1.19106,14928,0,5,7200.0
2021-06-21 22:00:00,2021-06-21 18:00:00,1.19106,1.19212,1.19039,1.1917,14125,0,9,14400.0
2021-06-22 06:00:00,2021-06-21 22:30:00,1.19169,1.19205,1.19007,1.1915,13398,0,16,27000.0
2021-06-22 11:30:00,2021-06-22 06:30:00,1.19149,1.19151,1.18918,1.18968,14315,0,11,18000.0
2021-06-22 15:30:00,2021-06-22 12:00:00,1.18968,1.19027,1.18809,1.18929,13560,0,8,12600.0
2021-06-22 18:00:00,2021-06-22 16:00:00,1.18929,1.19104,1.1890100000000001,1.19032,13181,0,5,7200.0
2021-06-22 22:00:00,2021-06-22 18:30:00,1.19028,1.19525,1.19008,1.19476,13538,0,8,12600.0
2021-06-23 06:00:00,2021-06-22 22:30:00,1.19475,1.19483,1.19204,1.1924299999999999,13183,0,16,27000.0
2021-06-23 11:00:00,2021-06-23 06:30:00,1.1924299999999999,1.19457,1.19116,1.19407,15093,0,10,16200.0
2021-06-23 15:00:00,2021-06-23 11:30:00,1.19408,1.19552,1.19324,1.19524,14435,0,8,12600.0
2021-06-23 18:00:00,2021-06-23 15:30:00,1.19523,1.19703,1.19428,1.19459,14353,0,6,9000.0
2021-06-24 01:00:00,2021-06-23 18:30:00,1.19459,1.19508,1.19195,1.1932800000000001,13262,0,14,23400.0
2021-06-24 08:30:00,2021-06-24 01:30:00,1.1932800000000001,1.19332,1.19192,1.19231,13724,0,15,25200.0
2021-06-24 12:30:00,2021-06-24 09:00:00,1.19228,1.19454,1.19175,1.19434,14729,0,8,12600.0
2021-06-24 16:00:00,2021-06-24 13:00:00,1.19434,1.19563,1.19316,1.1942,14525,0,7,10800.0
2021-06-24 19:30:00,2021-06-24 16:30:00,1.1942,1.19515,1.192,1.19268,13405,0,7,10800.0
2021-06-25 04:00:00,2021-06-24 20:00:00,1.19268,1.19424,1.19265,1.1942,13184,0,17,28800.0
2021-06-25 10:30:00,2021-06-25 04:30:00,1.1942,1.19506,1.19348,1.19479,14401,0,13,21600.0
2021-06-25 15:00:00,2021-06-25 11:00:00,1.19479,1.1954,1.19376,1.19497,13357,0,9,14400.0
2021-06-25 17:30:00,2021-06-25 15:30:00,1.19497,1.19752,1.19492,1.19499,14050,0,5,7200.0
2021-06-28 01:30:00,2021-06-25 18:00:00,1.195,1.1952099999999999,1.19265,1.19388,13184,0,16,199800.0
2021-06-28 09:00:00,2021-06-28 02:00:00,1.19388,1.19421,1.19202,1.19319,13335,0,15,25200.0
2021-06-28 13:00:00,2021-06-28 09:30:00,1.1932,1.19445,1.19254,1.19404,14054,0,8,12600.0
2021-06-28 16:30:00,2021-06-28 13:30:00,1.19405,1.19405,1.19025,1.19264,14599,0,7,10800.0
2021-06-28 20:30:00,2021-06-28 17:00:00,1.19263,1.19398,1.19205,1.1924299999999999,13838,0,8,12600.0
2021-06-29 06:30:00,2021-06-28 21:00:00,1.1924299999999999,1.19298,1.19077,1.19113,13791,0,20,34200.0
2021-06-29 11:30:00,2021-06-29 07:00:00,1.19112,1.19231,1.18994,1.19014,13396,0,10,16200.0
2021-06-29 15:30:00,2021-06-29 12:00:00,1.19016,1.19133,1.18798,1.18826,15348,0,8,12600.0
2021-06-29 18:30:00,2021-06-29 16:00:00,1.18826,1.19115,1.18777,1.19062,14549,0,6,9000.0
2021-06-30 03:30:00,2021-06-29 19:00:00,1.19059,1.1908,1.18931,1.19001,13365,0,18,30600.0
2021-06-30 10:00:00,2021-06-30 04:00:00,1.19001,1.1909,1.18941,1.1895,14638,0,13,21600.0
2021-06-30 13:30:00,2021-06-30 10:30:00,1.1895,1.19051,1.18837,1.18893,13458,0,7,10800.0
2021-06-30 16:30:00,2021-06-30 14:00:00,1.18893,1.18949,1.18655,1.18739,14358,0,6,9000.0
2021-06-30 19:00:00,2021-06-30 17:00:00,1.1874,1.18746,1.18452,1.18486,14051,0,5,7200.0
2021-07-01 03:30:00,2021-06-30 19:30:00,1.18487,1.18615,1.18462,1.18487,13628,0,17,28800.0
2021-07-01 10:00:00,2021-07-01 04:00:00,1.18488,1.186,1.18374,1.18563,15296,0,13,21600.0
2021-07-01 13:30:00,2021-07-01 10:30:00,1.1856200000000001,1.18668,1.18385,1.18668,14068,0,7,10800.0
2021-07-01 16:30:00,2021-07-01 14:00:00,1.18666,1.18842,1.18642,1.18784,14212,0,6,9000.0
2021-07-01 19:00:00,2021-07-01 17:00:00,1.1877900000000001,1.18801,1.18484,1.1852800000000001,13764,0,5,7200.0
2021-07-02 04:00:00,2021-07-01 19:30:00,1.1852800000000001,1.18549,1.18409,1.18457,13271,0,18,30600.0
2021-07-02 10:30:00,2021-07-02 04:30:00,1.18459,1.1848,1.18224,1.18247,13913,0,13,21600.0
2021-07-02 15:00:00,2021-07-02 11:00:00,1.18247,1.1834,1.18175,1.18222,14412,0,9,14400.0
2021-07-02 16:30:00,2021-07-02 15:30:00,1.18221,1.18592,1.18071,1.18449,16590,0,3,3600.0
2021-07-02 19:30:00,2021-07-02 17:00:00,1.18446,1.18508,1.18296,1.18435,13789,0,6,9000.0
2021-07-05 04:00:00,2021-07-02 20:00:00,1.18435,1.18743,1.18414,1.18611,13396,0,17,201600.0
2021-07-05 10:30:00,2021-07-05 04:30:00,1.18613,1.18732,1.18515,1.18717,13700,0,13,21600.0
2021-07-05 15:30:00,2021-07-05 11:00:00,1.18717,1.18805,1.18602,1.18634,13497,0,10,16200.0
2021-07-05 22:30:00,2021-07-05 16:00:00,1.18635,1.18698,1.18555,1.18649,13591,0,14,23400.0
2021-07-06 07:30:00,2021-07-05 23:00:00,1.18649,1.1876,1.18583,1.18744,14325,0,18,30600.0
2021-07-06 11:00:00,2021-07-06 08:00:00,1.18744,1.1895,1.18459,1.18486,13752,0,7,10800.0
2021-07-06 14:30:00,2021-07-06 11:30:00,1.18487,1.18524,1.18313,1.18403,13562,0,7,10800.0
2021-07-06 17:00:00,2021-07-06 15:00:00,1.18403,1.1846700000000001,1.18226,1.18244,16453,0,5,7200.0
2021-07-06 19:00:00,2021-07-06 17:30:00,1.18243,1.18337,1.18067,1.18142,13471,0,4,5400.0
2021-07-07 03:30:00,2021-07-06 19:30:00,1.18143,1.1828,1.1807400000000001,1.18209,14472,0,17,28800.0
2021-07-07 09:30:00,2021-07-07 04:00:00,1.18209,1.18346,1.18176,1.1827,13649,0,12,19800.0
2021-07-07 13:00:00,2021-07-07 10:00:00,1.1827,1.18322,1.18121,1.18235,14248,0,7,10800.0
2021-07-07 16:30:00,2021-07-07 13:30:00,1.18234,1.18362,1.18001,1.1804999999999999,16357,0,7,10800.0
2021-07-07 19:00:00,2021-07-07 17:00:00,1.18051,1.18059,1.17817,1.18021,13143,0,5,7200.0
2021-07-07 23:30:00,2021-07-07 19:30:00,1.18018,1.18207,1.1789399999999999,1.17903,13236,0,9,14400.0
2021-07-08 07:30:00,2021-07-08 00:00:00,1.17899,1.1798899999999999,1.17836,1.17961,13050,0,16,27000.0
2021-07-08 10:30:00,2021-07-08 08:00:00,1.17962,1.18208,1.17924,1.182,15408,0,6,9000.0
2021-07-08 13:00:00,2021-07-08 11:00:00,1.182,1.1837900000000001,1.18099,1.18266,14902,0,5,7200.0
2021-07-08 15:30:00,2021-07-08 13:30:00,1.1826699999999999,1.18593,1.18256,1.18513,15625,0,5,7200.0
2021-07-08 17:30:00,2021-07-08 16:00:00,1.18513,1.18679,1.18437,1.18531,15164,0,4,5400.0
2021-07-08 21:30:00,2021-07-08 18:00:00,1.18529,1.18597,1.18351,1.18393,13193,0,8,12600.0
2021-07-09 04:30:00,2021-07-08 22:00:00,1.18394,1.18502,1.18362,1.18393,14264,0,14,23400.0
2021-07-09 09:30:00,2021-07-09 05:00:00,1.18394,1.18399,1.18251,1.18278,14912,0,10,16200.0
2021-07-09 12:30:00,2021-07-09 10:00:00,1.18276,1.18555,1.18252,1.18552,15102,0,6,9000.0
2021-07-09 16:00:00,2021-07-09 13:00:00,1.18553,1.18706,1.18545,1.18671,14707,0,7,10800.0
2021-07-09 19:30:00,2021-07-09 16:30:00,1.18672,1.18748,1.18555,1.18681,13397,0,7,10800.0
2021-07-12 05:00:00,2021-07-09 20:00:00,1.18681,1.18811,1.1867,1.18731,13232,0,19,205200.0
2021-07-12 11:00:00,2021-07-12 05:30:00,1.18731,1.18799,1.18561,1.1875499999999999,13636,0,12,19800.0
2021-07-12 15:00:00,2021-07-12 11:30:00,1.1875499999999999,1.18757,1.18361,1.18523,13802,0,8,12600.0
2021-07-12 18:30:00,2021-07-12 15:30:00,1.18524,1.18742,1.18494,1.18577,13853,0,7,10800.0
2021-07-13 05:00:00,2021-07-12 19:00:00,1.18577,1.18697,1.18513,1.18647,14022,0,21,36000.0
2021-07-13 11:00:00,2021-07-13 05:30:00,1.18647,1.18752,1.18411,1.18494,14122,0,12,19800.0
2021-07-13 15:30:00,2021-07-13 11:30:00,1.18494,1.18513,1.17942,1.17994,17272,0,9,14400.0
2021-07-13 17:30:00,2021-07-13 16:00:00,1.17994,1.18327,1.17919,1.18227,15031,0,4,5400.0
2021-07-13 22:00:00,2021-07-13 18:00:00,1.18227,1.18259,1.1781,1.17831,13417,0,9,14400.0
2021-07-14 05:30:00,2021-07-13 22:30:00,1.1783,1.17846,1.17719,1.1784,13510,0,15,25200.0
2021-07-14 11:30:00,2021-07-14 06:00:00,1.17839,1.17994,1.178,1.17838,14855,0,12,19800.0
2021-07-14 15:30:00,2021-07-14 12:00:00,1.17839,1.1828,1.17757,1.18219,16403,0,8,12600.0
2021-07-14 17:30:00,2021-07-14 16:00:00,1.18219,1.18281,1.1813,1.18198,13479,0,4,5400.0
2021-07-14 22:30:00,2021-07-14 18:00:00,1.18198,1.18385,1.18173,1.1835,13926,0,10,16200.0
2021-07-15 05:30:00,2021-07-14 23:00:00,1.1835,1.18388,1.18213,1.18236,13980,0,14,23400.0
2021-07-15 10:30:00,2021-07-15 06:00:00,1.18234,1.18465,1.1823299999999999,1.18365,13068,0,10,16200.0
2021-07-15 14:00:00,2021-07-15 11:00:00,1.18365,1.18506,1.18125,1.18152,14593,0,7,10800.0
2021-07-15 17:00:00,2021-07-15 14:30:00,1.18152,1.18234,1.18038,1.18154,15148,0,6,9000.0
2021-07-15 21:00:00,2021-07-15 17:30:00,1.18155,1.18221,1.17962,1.1804000000000001,13982,0,8,12600.0
2021-07-16 05:00:00,2021-07-15 21:30:00,1.1804000000000001,1.1817,1.17987,1.18047,14205,0,16,27000.0
2021-07-16 10:30:00,2021-07-16 05:30:00,1.18049,1.18151,1.17969,1.18018,13800,0,11,18000.0
2021-07-16 14:30:00,2021-07-16 11:00:00,1.18017,1.18224,1.17921,1.17945,14278,0,8,12600.0
2021-07-16 17:00:00,2021-07-16 15:00:00,1.17943,1.1813500000000001,1.17932,1.18025,14190,0,5,7200.0
2021-07-16 21:00:00,2021-07-16 17:30:00,1.18024,1.18186,1.1799,1.18092,13470,0,8,12600.0
2021-07-19 05:00:00,2021-07-16 21:30:00,1.18092,1.18138,1.1797900000000001,1.1801300000000001,14071,0,16,199800.0
2021-07-19 10:30:00,2021-07-19 05:30:00,1.18014,1.18087,1.17782,1.17809,13194,0,11,18000.0
2021-07-19 13:30:00,2021-07-19 11:00:00,1.17812,1.17837,1.17654,1.17763,13720,0,6,9000.0
2021-07-19 16:00:00,2021-07-19 14:00:00,1.17763,1.18153,1.1764000000000001,1.18146,13646,0,5,7200.0
2021-07-19 17:30:00,2021-07-19 16:30:00,1.18145,1.18243,1.18045,1.18056,13673,0,3,3600.0
2021-07-19 21:30:00,2021-07-19 18:00:00,1.18056,1.181,1.17912,1.17915,14341,0,8,12600.0
2021-07-20 06:30:00,2021-07-19 22:00:00,1.1791800000000001,1.18022,1.179,1.17934,14078,0,18,30600.0
2021-07-20 11:00:00,2021-07-20 07:00:00,1.17932,1.1795,1.17723,1.17937,14684,0,9,14400.0
2021-07-20 14:30:00,2021-07-20 11:30:00,1.17937,1.18025,1.17759,1.17878,14121,0,7,10800.0
2021-07-20 17:00:00,2021-07-20 15:00:00,1.17877,1.17884,1.17558,1.17797,13902,0,5,7200.0
2021-07-20 21:00:00,2021-07-20 17:30:00,1.17797,1.17859,1.1756,1.17859,14050,0,8,12600.0
2021-07-21 09:00:00,2021-07-20 21:30:00,1.1786,1.1786,1.17604,1.17624,14405,0,24,41400.0
2021-07-21 12:30:00,2021-07-21 09:30:00,1.17624,1.17821,1.17519,1.17733,13202,0,7,10800.0
2021-07-21 16:30:00,2021-07-21 13:00:00,1.17733,1.17886,1.17599,1.17871,13535,0,8,12600.0
2021-07-21 20:30:00,2021-07-21 17:00:00,1.17871,1.18038,1.17822,1.17957,13859,0,8,12600.0
2021-07-22 07:30:00,2021-07-21 21:00:00,1.17958,1.18047,1.1786699999999999,1.17969,13169,0,22,37800.0
2021-07-22 12:30:00,2021-07-22 08:00:00,1.17969,1.1802,1.17792,1.17942,13327,0,10,16200.0
2021-07-22 15:30:00,2021-07-22 13:00:00,1.17942,1.1813500000000001,1.17708,1.17998,16382,0,6,9000.0
2021-07-22 17:30:00,2021-07-22 16:00:00,1.17998,1.18303,1.17826,1.17912,13299,0,4,5400.0
2021-07-22 23:30:00,2021-07-22 18:00:00,1.17911,1.17921,1.17575,1.17707,13566,0,12,19800.0
2021-07-23 10:00:00,2021-07-23 00:00:00,1.17705,1.17804,1.17605,1.17667,14650,0,21,36000.0
2021-07-23 14:30:00,2021-07-23 10:30:00,1.17667,1.17865,1.17544,1.17616,14624,0,9,14400.0
2021-07-23 19:00:00,2021-07-23 15:00:00,1.17614,1.17811,1.17548,1.17656,14134,0,9,14400.0
2021-07-26 05:30:00,2021-07-23 19:30:00,1.17656,1.1776,1.17635,1.17719,13175,0,21,208800.0
2021-07-26 11:00:00,2021-07-26 06:00:00,1.17719,1.18,1.17671,1.17718,13541,0,11,18000.0
2021-07-26 15:30:00,2021-07-26 11:30:00,1.17717,1.17993,1.17706,1.1783,13808,0,9,14400.0
2021-07-26 19:30:00,2021-07-26 16:00:00,1.17829,1.18173,1.17799,1.18124,13703,0,8,12600.0
2021-07-27 05:00:00,2021-07-26 20:00:00,1.18124,1.18134,1.17991,1.18018,14500,0,19,32400.0
2021-07-27 10:30:00,2021-07-27 05:30:00,1.18018,1.18065,1.17751,1.17829,15497,0,11,18000.0
2021-07-27 15:30:00,2021-07-27 11:00:00,1.17829,1.18195,1.1770100000000001,1.18186,14225,0,10,16200.0
2021-07-27 18:00:00,2021-07-27 16:00:00,1.18186,1.18369,1.18008,1.18352,13410,0,5,7200.0
2021-07-28 01:30:00,2021-07-27 18:30:00,1.18352,1.18411,1.18136,1.18169,13224,0,15,25200.0
2021-07-28 10:30:00,2021-07-28 02:00:00,1.18169,1.18275,1.18034,1.18071,13845,0,18,30600.0
2021-07-28 15:30:00,2021-07-28 11:00:00,1.18072,1.18302,1.1791800000000001,1.17988,13735,0,10,16200.0
2021-07-28 19:30:00,2021-07-28 16:00:00,1.1798899999999999,1.1816,1.1783299999999999,1.18145,13851,0,8,12600.0
2021-07-28 21:30:00,2021-07-28 20:00:00,1.18145,1.1843,1.17721,1.18384,14752,0,4,5400.0
2021-07-29 05:00:00,2021-07-28 22:00:00,1.18386,1.18505,1.18304,1.1849,13366,0,15,25200.0
2021-07-29 11:00:00,2021-07-29 05:30:00,1.18491,1.18751,1.18489,1.18712,13313,0,12,19800.0
2021-07-29 16:00:00,2021-07-29 11:30:00,1.18714,1.18852,1.1869399999999999,1.18795,13542,0,10,16200.0
2021-07-29 21:30:00,2021-07-29 16:30:00,1.18795,1.18913,1.18759,1.18913,13228,0,11,18000.0
2021-07-30 07:30:00,2021-07-29 22:00:00,1.18913,1.18943,1.18775,1.18785,13041,0,20,34200.0
2021-07-30 13:30:00,2021-07-30 08:00:00,1.18785,1.19087,1.18749,1.19009,14484,0,12,19800.0
2021-07-30 17:00:00,2021-07-30 14:00:00,1.19011,1.19046,1.18661,1.18677,13505,0,7,10800.0
2021-07-30 22:00:00,2021-07-30 17:30:00,1.18678,1.187,1.18517,1.18597,13732,0,10,16200.0
2021-08-02 09:00:00,2021-07-30 22:30:00,1.18596,1.18766,1.18586,1.18737,13141,0,22,210600.0
2021-08-02 15:00:00,2021-08-02 09:30:00,1.18736,1.18969,1.18642,1.18863,14355,0,12,19800.0
2021-08-02 18:30:00,2021-08-02 15:30:00,1.18864,1.18891,1.18716,1.18727,13867,0,7,10800.0
2021-08-03 05:00:00,2021-08-02 19:00:00,1.18729,1.18785,1.1865,1.18746,13610,0,21,36000.0
2021-08-03 10:30:00,2021-08-03 05:30:00,1.18742,1.18838,1.18702,1.18783,13594,0,11,18000.0
2021-08-03 16:00:00,2021-08-03 11:00:00,1.18783,1.18933,1.18738,1.18754,13612,0,11,18000.0
2021-08-03 20:00:00,2021-08-03 16:30:00,1.18754,1.1877,1.18537,1.18625,13184,0,8,12600.0
2021-08-04 09:00:00,2021-08-03 20:30:00,1.18625,1.18758,1.1859,1.18729,13788,0,26,45000.0
2021-08-04 15:00:00,2021-08-04 09:30:00,1.18729,1.188,1.18421,1.1871,13810,0,12,19800.0
2021-08-04 18:00:00,2021-08-04 15:30:00,1.1871,1.18997,1.1832799999999999,1.18356,15370,0,6,9000.0
2021-08-05 05:00:00,2021-08-04 18:30:00,1.18358,1.18427,1.18315,1.18335,13101,0,22,37800.0
2021-08-05 12:00:00,2021-08-05 05:30:00,1.18336,1.18496,1.18298,1.18396,13270,0,14,23400.0
2021-08-05 16:00:00,2021-08-05 12:30:00,1.18396,1.1857199999999999,1.18282,1.1842,13153,0,8,12600.0
2021-08-05 21:00:00,2021-08-05 16:30:00,1.1842,1.18515,1.18313,1.18384,13371,0,10,16200.0
2021-08-06 10:00:00,2021-08-05 21:30:00,1.18384,1.18388,1.18185,1.1825,13236,0,26,45000.0
2021-08-06 15:30:00,2021-08-06 10:30:00,1.18249,1.18298,1.17767,1.17843,17588,0,11,18000.0
2021-08-06 18:30:00,2021-08-06 16:00:00,1.17843,1.17884,1.1755,1.17603,14394,0,6,9000.0
2021-08-09 04:30:00,2021-08-06 19:00:00,1.17604,1.17644,1.17423,1.17537,13286,0,20,207000.0
2021-08-09 12:00:00,2021-08-09 05:00:00,1.17539,1.17666,1.1750099999999999,1.1757,13609,0,15,25200.0
2021-08-09 17:00:00,2021-08-09 12:30:00,1.1757,1.1769,1.1746699999999999,1.17527,14447,0,10,16200.0
2021-08-10 03:00:00,2021-08-09 17:30:00,1.17526,1.17536,1.17321,1.17347,13232,0,20,34200.0
2021-08-10 11:30:00,2021-08-10 03:30:00,1.17347,1.17429,1.1726,1.17322,13668,0,17,28800.0
2021-08-10 16:30:00,2021-08-10 12:00:00,1.17321,1.17321,1.17107,1.17163,13197,0,10,16200.0
2021-08-11 01:00:00,2021-08-10 17:00:00,1.17163,1.17246,1.17098,1.1719,13216,0,17,28800.0
2021-08-11 11:30:00,2021-08-11 01:30:00,1.17193,1.17254,1.17061,1.1712500000000001,13460,0,21,36000.0
2021-08-11 16:00:00,2021-08-11 12:00:00,1.1712500000000001,1.17495,1.17085,1.17404,14741,0,9,14400.0
2021-08-11 20:30:00,2021-08-11 16:30:00,1.17404,1.1754,1.17293,1.17473,13657,0,9,14400.0
2021-08-12 10:00:00,2021-08-11 21:00:00,1.17472,1.1748,1.17329,1.17344,13894,0,27,46800.0
2021-08-12 16:00:00,2021-08-12 10:30:00,1.17344,1.17482,1.1727400000000001,1.17334,13485,0,12,19800.0
2021-08-13 01:00:00,2021-08-12 16:30:00,1.17333,1.17425,1.17237,1.1733,13417,0,18,30600.0
2021-08-13 13:00:00,2021-08-13 01:30:00,1.1733,1.17513,1.17302,1.17487,13086,0,24,41400.0
2021-08-13 18:00:00,2021-08-13 13:30:00,1.17486,1.18011,1.17473,1.17966,14309,0,10,16200.0
2021-08-16 07:30:00,2021-08-13 18:30:00,1.17966,1.18048,1.179,1.17936,13256,0,27,219600.0
2021-08-16 15:00:00,2021-08-16 08:00:00,1.17937,1.17938,1.17675,1.1771099999999999,14433,0,15,25200.0
2021-08-16 19:30:00,2021-08-16 15:30:00,1.1771,1.17905,1.17703,1.17753,13477,0,9,14400.0
2021-08-17 09:00:00,2021-08-16 20:00:00,1.17752,1.17805,1.17633,1.17642,13332,0,27,46800.0
2021-08-17 14:00:00,2021-08-17 09:30:00,1.17642,1.17845,1.17602,1.17691,13192,0,10,16200.0
2021-08-17 17:00:00,2021-08-17 14:30:00,1.1769,1.17723,1.17239,1.17258,13176,0,6,9000.0
2021-08-17 23:00:00,2021-08-17 17:30:00,1.17258,1.17263,1.17085,1.17099,13307,0,12,19800.0
2021-08-18 10:30:00,2021-08-17 23:30:00,1.17098,1.17294,1.17019,1.17238,13423,0,23,39600.0
2021-08-18 16:30:00,2021-08-18 11:00:00,1.17239,1.17262,1.1706,1.17184,13881,0,12,19800.0
2021-08-18 21:00:00,2021-08-18 17:00:00,1.17183,1.17425,1.16937,1.1722,15931,0,9,14400.0
2021-08-19 05:00:00,2021-08-18 21:30:00,1.1722,1.17257,1.16754,1.16754,13141,0,16,27000.0
2021-08-19 10:30:00,2021-08-19 05:30:00,1.16755,1.16844,1.16657,1.16829,14573,0,11,18000.0
2021-08-19 15:00:00,2021-08-19 11:00:00,1.1683,1.17039,1.16801,1.1696,13630,0,9,14400.0
2021-08-19 18:00:00,2021-08-19 15:30:00,1.16962,1.17041,1.16789,1.16889,13438,0,6,9000.0
2021-08-20 03:30:00,2021-08-19 18:30:00,1.16891,1.16972,1.16726,1.1682299999999999,13158,0,19,32400.0
2021-08-20 11:00:00,2021-08-20 04:00:00,1.1682299999999999,1.16893,1.16758,1.16758,13186,0,15,25200.0
2021-08-20 16:30:00,2021-08-20 11:30:00,1.16758,1.16853,1.1663999999999999,1.16795,14336,0,11,18000.0
2021-08-23 00:00:00,2021-08-20 17:00:00,1.16795,1.17045,1.16712,1.1694,13282,0,15,198000.0
2021-08-23 10:30:00,2021-08-23 00:30:00,1.16957,1.17262,1.16928,1.17224,14506,0,21,36000.0
2021-08-23 16:00:00,2021-08-23 11:00:00,1.17224,1.17418,1.17153,1.17405,13355,0,11,18000.0
2021-08-23 22:30:00,2021-08-23 16:30:00,1.17405,1.17503,1.17241,1.1746699999999999,13170,0,13,21600.0
2021-08-24 11:00:00,2021-08-23 23:00:00,1.1746699999999999,1.17485,1.17323,1.1733,13933,0,25,43200.0
2021-08-24 16:30:00,2021-08-24 11:30:00,1.17333,1.17551,1.17273,1.1748,14620,0,11,18000.0
2021-08-25 01:00:00,2021-08-24 17:00:00,1.17481,1.1764999999999999,1.17422,1.17572,13206,0,17,28800.0
2021-08-25 11:00:00,2021-08-25 01:30:00,1.17572,1.17584,1.17324,1.17565,13428,0,20,34200.0
2021-08-25 16:30:00,2021-08-25 11:30:00,1.17565,1.17596,1.1726,1.17469,15422,0,11,18000.0
2021-08-25 21:30:00,2021-08-25 17:00:00,1.17469,1.17743,1.1745700000000001,1.17712,13559,0,10,16200.0
2021-08-26 10:00:00,2021-08-25 22:00:00,1.17712,1.17741,1.17567,1.17708,13950,0,25,43200.0
2021-08-26 15:30:00,2021-08-26 10:30:00,1.17709,1.1779,1.1751800000000001,1.17558,15966,0,11,18000.0
2021-08-26 18:30:00,2021-08-26 16:00:00,1.17557,1.17675,1.17459,1.17621,14346,0,6,9000.0
2021-08-27 06:00:00,2021-08-26 19:00:00,1.17621,1.17635,1.17421,1.17558,13368,0,23,39600.0
2021-08-27 13:30:00,2021-08-27 06:30:00,1.17558,1.17714,1.17497,1.17588,13228,0,15,25200.0
2021-08-27 17:00:00,2021-08-27 14:00:00,1.17586,1.18019,1.17349,1.17893,19004,0,7,10800.0
2021-08-27 20:30:00,2021-08-27 17:30:00,1.17893,1.18026,1.17835,1.17951,13133,0,7,10800.0
2021-08-30 09:30:00,2021-08-27 21:00:00,1.1795200000000001,1.18099,1.17892,1.18007,13761,0,26,217800.0
2021-08-30 16:00:00,2021-08-30 10:00:00,1.18006,1.18053,1.17829,1.17934,13270,0,13,21600.0
2021-08-31 01:30:00,2021-08-30 16:30:00,1.17934,1.1804000000000001,1.17844,1.17965,13231,0,19,32400.0
2021-08-31 10:30:00,2021-08-31 02:00:00,1.17968,1.18316,1.17953,1.18278,13422,0,18,30600.0
2021-08-31 15:00:00,2021-08-31 11:00:00,1.18277,1.1844999999999999,1.18199,1.18357,13827,0,9,14400.0
2021-08-31 17:30:00,2021-08-31 15:30:00,1.18356,1.18388,1.17997,1.18039,14450,0,5,7200.0
2021-08-31 22:30:00,2021-08-31 18:00:00,1.18039,1.18132,1.17967,1.18071,13189,0,10,16200.0
2021-09-01 09:30:00,2021-08-31 23:00:00,1.18069,1.18118,1.17936,1.18091,13220,0,22,37800.0
2021-09-01 14:30:00,2021-09-01 10:00:00,1.18092,1.18234,1.1795499999999999,1.18141,13206,0,10,16200.0
2021-09-01 17:30:00,2021-09-01 15:00:00,1.18143,1.1857199999999999,1.18137,1.18541,14608,0,6,9000.0
2021-09-02 04:00:00,2021-09-01 18:00:00,1.18542,1.18563,1.18362,1.18439,13442,0,21,36000.0
2021-09-02 12:30:00,2021-09-02 04:30:00,1.18439,1.18532,1.18344,1.18517,13177,0,17,28800.0
2021-09-02 17:00:00,2021-09-02 13:00:00,1.18518,1.18624,1.18366,1.18552,13527,0,9,14400.0
2021-09-03 03:00:00,2021-09-02 17:30:00,1.18551,1.18791,1.18548,1.1879,13295,0,20,34200.0
2021-09-03 12:00:00,2021-09-03 03:30:00,1.18788,1.1884299999999999,1.18695,1.1874,13753,0,18,30600.0
2021-09-03 15:30:00,2021-09-03 12:30:00,1.1874,1.19091,1.1865700000000001,1.18912,14389,0,7,10800.0
2021-09-03 17:30:00,2021-09-03 16:00:00,1.18914,1.19048,1.1871800000000001,1.18814,13958,0,4,5400.0
2021-09-06 04:30:00,2021-09-03 18:00:00,1.18812,1.1898,1.1874500000000001,1.18775,13551,0,22,210600.0
2021-09-06 14:00:00,2021-09-06 05:00:00,1.18776,1.18776,1.18557,1.18638,13561,0,19,32400.0
2021-09-07 01:00:00,2021-09-06 14:30:00,1.18638,1.18716,1.18576,1.18709,13253,0,22,37800.0
2021-09-07 10:00:00,2021-09-07 01:30:00,1.18709,1.18852,1.18628,1.18789,13649,0,18,30600.0
2021-09-07 14:00:00,2021-09-07 10:30:00,1.18789,1.18825,1.18596,1.18679,14111,0,8,12600.0
2021-09-07 17:30:00,2021-09-07 14:30:00,1.18679,1.18696,1.18373,1.18465,14952,0,7,10800.0
2021-09-08 03:00:00,2021-09-07 18:00:00,1.18463,1.18534,1.18356,1.18422,13304,0,19,32400.0
2021-09-08 10:00:00,2021-09-08 03:30:00,1.18427,1.18512,1.18286,1.18407,13622,0,14,23400.0
2021-09-08 13:30:00,2021-09-08 10:30:00,1.18407,1.18449,1.18122,1.18175,13538,0,7,10800.0
2021-09-08 17:00:00,2021-09-08 14:00:00,1.18175,1.1829399999999999,1.18064,1.18068,16576,0,7,10800.0
2021-09-08 20:30:00,2021-09-08 17:30:00,1.18065,1.18288,1.18022,1.18239,13889,0,7,10800.0
2021-09-09 07:00:00,2021-09-08 21:00:00,1.18241,1.183,1.18121,1.18142,13446,0,21,36000.0
2021-09-09 11:30:00,2021-09-09 07:30:00,1.18142,1.18361,1.18113,1.18337,14139,0,9,14400.0
2021-09-09 15:00:00,2021-09-09 12:00:00,1.18337,1.18413,1.18242,1.18316,13518,0,7,10800.0
2021-09-09 17:00:00,2021-09-09 15:30:00,1.18316,1.18349,1.18083,1.18123,15355,0,4,5400.0
2021-09-09 21:00:00,2021-09-09 17:30:00,1.18122,1.18398,1.18053,1.1832799999999999,14066,0,8,12600.0
2021-09-10 09:30:00,2021-09-09 21:30:00,1.1832799999999999,1.18338,1.18187,1.18291,13648,0,25,43200.0
2021-09-10 14:30:00,2021-09-10 10:00:00,1.18287,1.1851,1.18272,1.18335,14304,0,10,16200.0
2021-09-10 17:30:00,2021-09-10 15:00:00,1.18336,1.18415,1.18214,1.18333,13641,0,6,9000.0
2021-09-10 23:00:00,2021-09-10 18:00:00,1.18331,1.1834,1.18109,1.18116,13119,0,11,18000.0
2021-09-13 09:00:00,2021-09-10 23:30:00,1.18115,1.18148,1.17843,1.17859,14466,0,20,207000.0
2021-09-13 14:00:00,2021-09-13 09:30:00,1.17858,1.17929,1.17737,1.1774499999999999,14387,0,10,16200.0
2021-09-13 17:30:00,2021-09-13 14:30:00,1.17746,1.18108,1.17702,1.18096,14337,0,7,10800.0
2021-09-14 04:30:00,2021-09-13 18:00:00,1.18096,1.18171,1.18015,1.18083,13786,0,22,37800.0
2021-09-14 11:00:00,2021-09-14 05:00:00,1.18083,1.18299,1.18066,1.18238,13211,0,13,21600.0
2021-09-14 15:30:00,2021-09-14 11:30:00,1.18238,1.1846,1.18002,1.18415,15995,0,9,14400.0
2021-09-14 18:00:00,2021-09-14 16:00:00,1.18415,1.18457,1.18158,1.18215,14211,0,5,7200.0
2021-09-15 01:00:00,2021-09-14 18:30:00,1.18215,1.18278,1.18001,1.18017,13812,0,14,23400.0
2021-09-15 10:00:00,2021-09-15 01:30:00,1.1801599999999999,1.18155,1.17991,1.18142,14924,0,18,30600.0
2021-09-15 15:00:00,2021-09-15 10:30:00,1.1814,1.18319,1.18131,1.18309,14808,0,10,16200.0
2021-09-15 17:30:00,2021-09-15 15:30:00,1.18311,1.18311,1.18075,1.18187,14065,0,5,7200.0
2021-09-16 03:00:00,2021-09-15 18:00:00,1.18188,1.18216,1.18033,1.18169,13348,0,19,32400.0
2021-09-16 10:00:00,2021-09-16 03:30:00,1.18169,1.1820599999999999,1.17863,1.1789399999999999,13063,0,14,23400.0
2021-09-16 14:00:00,2021-09-16 10:30:00,1.1789399999999999,1.1793,1.17619,1.17727,13133,0,8,12600.0
2021-09-16 17:00:00,2021-09-16 14:30:00,1.17727,1.17741,1.17506,1.17582,15031,0,6,9000.0
2021-09-16 22:30:00,2021-09-16 17:30:00,1.17583,1.17712,1.17534,1.17691,13417,0,11,18000.0
2021-09-17 09:00:00,2021-09-16 23:00:00,1.17688,1.17747,1.17587,1.17719,13875,0,21,36000.0
2021-09-17 13:30:00,2021-09-17 09:30:00,1.17718,1.17875,1.1768399999999999,1.17829,13902,0,9,14400.0
2021-09-17 17:00:00,2021-09-17 14:00:00,1.17829,1.17888,1.17414,1.17418,14551,0,7,10800.0
2021-09-17 21:30:00,2021-09-17 17:30:00,1.17418,1.17483,1.17245,1.17291,13615,0,9,14400.0
2021-09-20 09:30:00,2021-09-17 22:00:00,1.17292,1.17322,1.17097,1.17146,13896,0,24,214200.0
2021-09-20 13:30:00,2021-09-20 10:00:00,1.17146,1.17184,1.17004,1.17129,13523,0,8,12600.0
2021-09-20 17:00:00,2021-09-20 14:00:00,1.17129,1.17233,1.17034,1.1719,15744,0,7,10800.0
2021-09-20 21:30:00,2021-09-20 17:30:00,1.1719,1.17363,1.17171,1.17243,13602,0,9,14400.0
2021-09-21 08:30:00,2021-09-20 22:00:00,1.17243,1.17401,1.1722,1.17336,13544,0,22,37800.0
2021-09-21 12:30:00,2021-09-21 09:00:00,1.17336,1.17381,1.17183,1.17371,13412,0,8,12600.0
2021-09-21 16:30:00,2021-09-21 13:00:00,1.17371,1.17486,1.17282,1.17307,15157,0,8,12600.0
2021-09-21 20:30:00,2021-09-21 17:00:00,1.17307,1.17313,1.17149,1.17262,14452,0,8,12600.0
2021-09-22 04:30:00,2021-09-21 21:00:00,1.17263,1.17322,1.17166,1.17278,13271,0,16,27000.0
2021-09-22 11:30:00,2021-09-22 05:00:00,1.17278,1.17376,1.17167,1.17341,13732,0,14,23400.0
2021-09-22 17:00:00,2021-09-22 12:00:00,1.17342,1.17448,1.17242,1.17355,15179,0,11,18000.0
2021-09-22 21:00:00,2021-09-22 17:30:00,1.17354,1.17555,1.17054,1.17464,17712,0,8,12600.0
2021-09-22 22:00:00,2021-09-22 21:30:00,1.17465,1.1755200000000001,1.16843,1.17032,13575,0,2,1800.0
2021-09-23 06:30:00,2021-09-22 22:30:00,1.17032,1.17092,1.16835,1.17068,13301,0,17,28800.0
2021-09-23 11:00:00,2021-09-23 07:00:00,1.17068,1.17281,1.1705,1.17275,14281,0,9,14400.0
2021-09-23 14:00:00,2021-09-23 11:30:00,1.17276,1.17326,1.17113,1.17116,14321,0,6,9000.0
2021-09-23 17:00:00,2021-09-23 14:30:00,1.17115,1.17498,1.17115,1.17446,14616,0,6,9000.0
2021-09-23 21:30:00,2021-09-23 17:30:00,1.17446,1.1750099999999999,1.17306,1.1746699999999999,13248,0,9,14400.0
2021-09-24 07:30:00,2021-09-23 22:00:00,1.1746699999999999,1.17489,1.17341,1.17371,13309,0,20,34200.0
2021-09-24 12:30:00,2021-09-24 08:00:00,1.17371,1.17416,1.1731,1.17349,13723,0,10,16200.0
2021-09-24 16:30:00,2021-09-24 13:00:00,1.17349,1.17374,1.17007,1.17116,13610,0,8,12600.0
2021-09-24 22:30:00,2021-09-24 17:00:00,1.17116,1.1724999999999999,1.17045,1.17164,13213,0,12,19800.0
2021-09-27 09:30:00,2021-09-24 23:00:00,1.1716199999999999,1.17255,1.17108,1.17108,13729,0,22,210600.0
2021-09-27 13:00:00,2021-09-27 10:00:00,1.17108,1.17148,1.16848,1.1701,13464,0,7,10800.0
2021-09-27 16:00:00,2021-09-27 13:30:00,1.1701,1.17105,1.16894,1.1697,13239,0,6,9000.0
2021-09-27 19:30:00,2021-09-27 16:30:00,1.16968,1.17098,1.1690800000000001,1.17022,13354,0,7,10800.0
2021-09-28 10:00:00,2021-09-27 20:00:00,1.1702,1.17082,1.16724,1.16767,14786,0,29,50400.0
2021-09-28 14:30:00,2021-09-28 10:30:00,1.16767,1.16932,1.16721,1.16873,15343,0,9,14400.0
2021-09-28 17:00:00,2021-09-28 15:00:00,1.16873,1.17011,1.16717,1.16928,16271,0,5,7200.0
2021-09-28 19:30:00,2021-09-28 17:30:00,1.16928,1.16971,1.16682,1.16818,13557,0,5,7200.0
2021-09-29 04:00:00,2021-09-28 20:00:00,1.16818,1.1689,1.16754,1.16812,14249,0,17,28800.0
2021-09-29 10:00:00,2021-09-29 04:30:00,1.16811,1.16901,1.16566,1.16681,15698,0,12,19800.0
2021-09-29 13:30:00,2021-09-29 10:30:00,1.16681,1.16728,1.16555,1.16592,13269,0,7,10800.0
2021-09-29 16:30:00,2021-09-29 14:00:00,1.1659,1.16594,1.16321,1.1636,14429,0,6,9000.0
2021-09-29 19:30:00,2021-09-29 17:00:00,1.1636,1.16436,1.16008,1.16015,13355,0,6,9000.0
2021-09-30 07:30:00,2021-09-29 20:00:00,1.16015,1.16086,1.15894,1.16079,13354,0,24,41400.0
2021-09-30 12:00:00,2021-09-30 08:00:00,1.16079,1.16097,1.15915,1.16002,13905,0,9,14400.0
2021-09-30 16:00:00,2021-09-30 12:30:00,1.16,1.16012,1.15679,1.1589800000000001,15483,0,8,12600.0
2021-09-30 18:00:00,2021-09-30 16:30:00,1.15897,1.15983,1.15762,1.15869,15141,0,4,5400.0
2021-09-30 21:30:00,2021-09-30 18:30:00,1.15867,1.15894,1.15626,1.15845,14329,0,7,10800.0
2021-10-01 06:30:00,2021-09-30 22:00:00,1.15845,1.15887,1.1562999999999999,1.15758,13644,0,18,30600.0
2021-10-01 11:00:00,2021-10-01 07:00:00,1.15757,1.15912,1.15745,1.158,14533,0,9,14400.0
2021-10-01 15:00:00,2021-10-01 11:30:00,1.15802,1.16059,1.15725,1.16031,13529,0,8,12600.0
2021-10-01 17:00:00,2021-10-01 15:30:00,1.16031,1.16075,1.15838,1.15972,13352,0,4,5400.0
2021-10-01 21:00:00,2021-10-01 17:30:00,1.15972,1.16038,1.15866,1.16016,13256,0,8,12600.0
2021-10-04 08:30:00,2021-10-01 21:30:00,1.16016,1.16137,1.15876,1.15982,13634,0,23,212400.0
2021-10-04 12:30:00,2021-10-04 09:00:00,1.15978,1.16181,1.15962,1.16099,14160,0,8,12600.0
2021-10-04 17:00:00,2021-10-04 13:00:00,1.16099,1.164,1.16079,1.1629800000000001,14860,0,9,14400.0
2021-10-04 22:00:00,2021-10-04 17:30:00,1.16299,1.16375,1.1615199999999999,1.16176,13078,0,10,16200.0
2021-10-05 09:30:00,2021-10-04 22:30:00,1.16176,1.16225,1.159,1.15989,14430,0,23,39600.0
2021-10-05 14:30:00,2021-10-05 10:00:00,1.15988,1.16053,1.15902,1.15979,13656,0,10,16200.0
2021-10-05 17:30:00,2021-10-05 15:00:00,1.15979,1.16055,1.15806,1.15922,13364,0,6,9000.0
2021-10-06 03:00:00,2021-10-05 18:00:00,1.15922,1.16131,1.1592,1.1593499999999999,13785,0,19,32400.0
2021-10-06 10:00:00,2021-10-06 03:30:00,1.15933,1.15966,1.15694,1.15709,14070,0,14,23400.0
2021-10-06 13:30:00,2021-10-06 10:30:00,1.15709,1.15739,1.15292,1.15368,13725,0,7,10800.0
2021-10-06 16:30:00,2021-10-06 14:00:00,1.15368,1.15522,1.15357,1.15426,13497,0,6,9000.0
2021-10-06 20:30:00,2021-10-06 17:00:00,1.15426,1.15561,1.1532499999999999,1.15511,14082,0,8,12600.0
2021-10-07 08:00:00,2021-10-06 21:00:00,1.15512,1.1561,1.15488,1.15529,13407,0,23,39600.0
2021-10-07 12:30:00,2021-10-07 08:30:00,1.15529,1.15706,1.1549,1.15605,13234,0,9,14400.0
2021-10-07 16:30:00,2021-10-07 13:00:00,1.15605,1.15723,1.1547399999999999,1.15562,13876,0,8,12600.0
2021-10-07 22:00:00,2021-10-07 17:00:00,1.15561,1.15689,1.15493,1.15528,13122,0,11,18000.0
2021-10-08 09:00:00,2021-10-07 22:30:00,1.15526,1.15598,1.15414,1.15471,13875,0,22,37800.0
2021-10-08 14:30:00,2021-10-08 09:30:00,1.15471,1.15692,1.15432,1.15622,14384,0,11,18000.0
2021-10-08 16:30:00,2021-10-08 15:00:00,1.15622,1.15861,1.15556,1.1564,16436,0,4,5400.0
2021-10-08 20:30:00,2021-10-08 17:00:00,1.15639,1.15795,1.1559599999999999,1.1568,13733,0,8,12600.0
2021-10-11 08:30:00,2021-10-08 21:00:00,1.1568,1.15794,1.15635,1.15734,13686,0,24,214200.0
2021-10-11 12:30:00,2021-10-11 09:00:00,1.15734,1.15867,1.15522,1.15554,13041,0,8,12600.0
2021-10-11 17:00:00,2021-10-11 13:00:00,1.15554,1.1583700000000001,1.1554,1.15773,13075,0,9,14400.0
2021-10-12 03:30:00,2021-10-11 17:30:00,1.15773,1.15814,1.15473,1.15493,13756,0,21,36000.0
2021-10-12 10:30:00,2021-10-12 04:00:00,1.15494,1.15702,1.15477,1.15561,13862,0,14,23400.0
2021-10-12 15:30:00,2021-10-12 11:00:00,1.1556,1.15672,1.15332,1.1541299999999999,15271,0,10,16200.0
2021-10-12 18:00:00,2021-10-12 16:00:00,1.15415,1.155,1.15337,1.15423,13417,0,5,7200.0
2021-10-13 02:30:00,2021-10-12 18:30:00,1.15423,1.1543700000000001,1.15242,1.15304,13272,0,17,28800.0
2021-10-13 10:00:00,2021-10-13 03:00:00,1.15304,1.15557,1.15297,1.15488,14114,0,15,25200.0
2021-10-13 14:00:00,2021-10-13 10:30:00,1.15488,1.15668,1.1547,1.15611,13225,0,8,12600.0
2021-10-13 16:30:00,2021-10-13 14:30:00,1.15611,1.15706,1.15363,1.15646,16348,0,5,7200.0
2021-10-13 20:00:00,2021-10-13 17:00:00,1.15644,1.15894,1.1557,1.15881,14252,0,7,10800.0
2021-10-14 04:00:00,2021-10-13 20:30:00,1.15881,1.1601,1.1581,1.15966,13930,0,16,27000.0
2021-10-14 10:30:00,2021-10-14 04:30:00,1.15966,1.16116,1.15876,1.16076,13857,0,13,21600.0
2021-10-14 15:00:00,2021-10-14 11:00:00,1.16075,1.16245,1.1598,1.16002,13593,0,9,14400.0
2021-10-14 18:00:00,2021-10-14 15:30:00,1.16001,1.16086,1.15852,1.15876,13416,0,6,9000.0
2021-10-15 03:30:00,2021-10-14 18:30:00,1.15876,1.16021,1.15838,1.15937,13797,0,19,32400.0
2021-10-15 10:00:00,2021-10-15 04:00:00,1.15937,1.1615199999999999,1.1593499999999999,1.16127,13150,0,13,21600.0
2021-10-15 14:00:00,2021-10-15 10:30:00,1.16126,1.16186,1.15985,1.16036,13598,0,8,12600.0
2021-10-15 17:00:00,2021-10-15 14:30:00,1.16036,1.16072,1.15887,1.15942,14837,0,6,9000.0
2021-10-15 21:30:00,2021-10-15 17:30:00,1.15942,1.16101,1.1590799999999999,1.16055,13382,0,9,14400.0
2021-10-18 06:30:00,2021-10-15 22:00:00,1.16054,1.16058,1.15811,1.15816,14058,0,18,203400.0
2021-10-18 11:30:00,2021-10-18 07:00:00,1.15816,1.15962,1.15717,1.15806,14960,0,10,16200.0
2021-10-18 15:30:00,2021-10-18 12:00:00,1.15807,1.16096,1.15767,1.16013,15717,0,8,12600.0
2021-10-18 18:30:00,2021-10-18 16:00:00,1.16013,1.16131,1.1592500000000001,1.16086,13288,0,6,9000.0
2021-10-19 04:30:00,2021-10-18 19:00:00,1.16088,1.16369,1.16074,1.16341,14433,0,20,34200.0
2021-10-19 10:00:00,2021-10-19 05:00:00,1.16341,1.16576,1.16304,1.1652,13513,0,11,18000.0
2021-10-19 13:30:00,2021-10-19 10:30:00,1.1652,1.16692,1.16448,1.16593,13207,0,7,10800.0
2021-10-19 17:00:00,2021-10-19 14:00:00,1.16594,1.16621,1.16415,1.16519,13313,0,7,10800.0
2021-10-19 23:00:00,2021-10-19 17:30:00,1.16521,1.16527,1.1629800000000001,1.16334,13379,0,12,19800.0
2021-10-20 07:30:00,2021-10-19 23:30:00,1.16334,1.16514,1.16276,1.1651,13888,0,17,28800.0
2021-10-20 11:30:00,2021-10-20 08:00:00,1.1651,1.16521,1.1617,1.16262,13434,0,8,12600.0
2021-10-20 16:00:00,2021-10-20 12:00:00,1.1626,1.1643,1.1621299999999999,1.16398,14037,0,9,14400.0
2021-10-20 19:30:00,2021-10-20 16:30:00,1.16397,1.1657899999999999,1.1636199999999999,1.16562,13367,0,7,10800.0
2021-10-21 04:30:00,2021-10-20 20:00:00,1.16562,1.16632,1.16419,1.1661299999999999,14135,0,18,30600.0
2021-10-21 10:00:00,2021-10-21 05:00:00,1.16612,1.16675,1.1636199999999999,1.16424,15368,0,11,18000.0
2021-10-21 15:00:00,2021-10-21 10:30:00,1.1642299999999999,1.16458,1.1631,1.16375,15308,0,10,16200.0
2021-10-21 17:30:00,2021-10-21 15:30:00,1.16376,1.1651799999999999,1.16356,1.16455,14153,0,5,7200.0
2021-10-21 23:30:00,2021-10-21 18:00:00,1.16455,1.16466,1.16192,1.1623999999999999,13736,0,12,19800.0
2021-10-22 09:00:00,2021-10-22 00:00:00,1.16197,1.16356,1.16194,1.16323,14123,0,19,32400.0
2021-10-22 13:00:00,2021-10-22 09:30:00,1.16322,1.16466,1.1631,1.16424,13613,0,8,12600.0
2021-10-22 16:30:00,2021-10-22 13:30:00,1.16424,1.16471,1.16246,1.16446,13610,0,7,10800.0
2021-10-22 18:30:00,2021-10-22 17:00:00,1.16446,1.16554,1.16254,1.1632,13132,0,4,5400.0
2021-10-25 02:30:00,2021-10-22 19:00:00,1.16319,1.1644700000000001,1.16219,1.16389,13314,0,16,199800.0
2021-10-25 09:00:00,2021-10-25 03:00:00,1.1639,1.1665,1.16389,1.1653,13567,0,13,21600.0
2021-10-25 12:30:00,2021-10-25 09:30:00,1.1653,1.16642,1.16227,1.16269,13849,0,7,10800.0
2021-10-25 16:00:00,2021-10-25 13:00:00,1.16269,1.1627399999999999,1.15907,1.16112,13433,0,7,10800.0
2021-10-25 20:30:00,2021-10-25 16:30:00,1.16112,1.16151,1.16037,1.16112,13184,0,9,14400.0
2021-10-26 08:30:00,2021-10-25 21:00:00,1.16112,1.16168,1.15968,1.16027,13708,0,24,41400.0
2021-10-26 12:30:00,2021-10-26 09:00:00,1.16027,1.16178,1.15941,1.1616,13908,0,8,12600.0
2021-10-26 16:30:00,2021-10-26 13:00:00,1.1616,1.16257,1.16018,1.16114,14734,0,8,12600.0
2021-10-26 21:00:00,2021-10-26 17:00:00,1.16111,1.16124,1.1585,1.15981,13092,0,9,14400.0
2021-10-27 08:30:00,2021-10-26 21:30:00,1.15981,1.1605,1.15849,1.1596,13700,0,23,39600.0
2021-10-27 12:00:00,2021-10-27 09:00:00,1.1596,1.16133,1.15885,1.15892,13923,0,7,10800.0
2021-10-27 16:00:00,2021-10-27 12:30:00,1.15892,1.16257,1.15848,1.1621,14811,0,8,12600.0
2021-10-27 18:00:00,2021-10-27 16:30:00,1.16207,1.1623999999999999,1.15881,1.1593,13685,0,4,5400.0
2021-10-28 00:00:00,2021-10-27 18:30:00,1.15929,1.16161,1.1591,1.16027,13196,0,12,19800.0
2021-10-28 09:00:00,2021-10-28 00:30:00,1.16023,1.16097,1.15893,1.16027,13888,0,18,30600.0
2021-10-28 12:00:00,2021-10-28 09:30:00,1.16027,1.1614200000000001,1.15831,1.15876,13266,0,6,9000.0
2021-10-28 15:00:00,2021-10-28 12:30:00,1.15876,1.1617899999999999,1.15824,1.15877,13097,0,6,9000.0
2021-10-28 16:30:00,2021-10-28 15:30:00,1.15877,1.16599,1.15862,1.16573,17056,0,3,3600.0
2021-10-28 18:30:00,2021-10-28 17:00:00,1.16574,1.1692,1.16574,1.16841,13778,0,4,5400.0
2021-10-29 01:00:00,2021-10-28 19:00:00,1.16841,1.16891,1.16714,1.16812,13532,0,13,21600.0
2021-10-29 07:30:00,2021-10-29 01:30:00,1.16814,1.16901,1.16642,1.16645,13763,0,13,21600.0
2021-10-29 11:00:00,2021-10-29 08:00:00,1.16645,1.16758,1.16582,1.1663000000000001,13061,0,7,10800.0
2021-10-29 14:30:00,2021-10-29 11:30:00,1.1663000000000001,1.16632,1.16449,1.16471,14105,0,7,10800.0
2021-10-29 17:00:00,2021-10-29 15:00:00,1.1647,1.16482,1.15945,1.15957,17038,0,5,7200.0
2021-10-29 19:00:00,2021-10-29 17:30:00,1.15957,1.15992,1.1538599999999999,1.15404,15602,0,4,5400.0
2021-11-01 05:00:00,2021-10-29 19:30:00,1.15404,1.15637,1.15353,1.15533,13160,0,20,207000.0
2021-11-01 11:00:00,2021-11-01 05:30:00,1.15533,1.1575199999999999,1.1546,1.1573,13532,0,12,19800.0
2021-11-01 16:00:00,2021-11-01 11:30:00,1.1573,1.15804,1.15619,1.15697,14728,0,10,16200.0
2021-11-01 23:00:00,2021-11-01 16:30:00,1.15697,1.1609,1.15687,1.16039,13095,0,14,23400.0
2021-11-02 08:00:00,2021-11-01 23:30:00,1.16036,1.16084,1.15951,1.16017,13666,0,18,30600.0
2021-11-02 12:00:00,2021-11-02 08:30:00,1.1602000000000001,1.16132,1.1586,1.1592,13043,0,8,12600.0
2021-11-02 15:30:00,2021-11-02 12:30:00,1.15921,1.16077,1.1589,1.15913,13985,0,7,10800.0
2021-11-02 19:00:00,2021-11-02 16:00:00,1.15913,1.1599599999999999,1.15753,1.1582,13720,0,7,10800.0
2021-11-03 08:00:00,2021-11-02 19:30:00,1.1582,1.1587399999999999,1.15747,1.15838,13144,0,26,45000.0
2021-11-03 13:00:00,2021-11-03 08:30:00,1.15839,1.15979,1.15785,1.1589,13602,0,10,16200.0
2021-11-03 16:00:00,2021-11-03 13:30:00,1.1589,1.15927,1.15621,1.15699,13111,0,6,9000.0
2021-11-03 20:00:00,2021-11-03 16:30:00,1.15697,1.16092,1.1569,1.15823,17187,0,8,12600.0
2021-11-03 21:30:00,2021-11-03 20:30:00,1.15823,1.16161,1.15717,1.1607,14959,0,3,3600.0
2021-11-04 08:00:00,2021-11-03 22:00:00,1.16071,1.16162,1.1581,1.15836,13673,0,21,36000.0
2021-11-04 12:00:00,2021-11-04 08:30:00,1.15836,1.15862,1.15444,1.15452,13106,0,8,12600.0
2021-11-04 15:00:00,2021-11-04 12:30:00,1.15451,1.15731,1.15427,1.15628,13819,0,6,9000.0
2021-11-04 17:30:00,2021-11-04 15:30:00,1.15628,1.1567,1.15284,1.15453,14200,0,5,7200.0
2021-11-04 23:30:00,2021-11-04 18:00:00,1.15453,1.15575,1.1540300000000001,1.15539,13363,0,12,19800.0
2021-11-05 08:30:00,2021-11-05 00:00:00,1.15537,1.15577,1.15409,1.15543,13233,0,18,30600.0
2021-11-05 12:30:00,2021-11-05 09:00:00,1.15544,1.1562999999999999,1.15313,1.15366,14133,0,8,12600.0
2021-11-05 15:00:00,2021-11-05 13:00:00,1.15367,1.15405,1.15134,1.15305,14725,0,5,7200.0
2021-11-05 17:30:00,2021-11-05 15:30:00,1.15306,1.15563,1.15171,1.15523,14476,0,5,7200.0
2021-11-08 01:00:00,2021-11-05 18:00:00,1.15522,1.1573,1.15482,1.15647,14324,0,13,198000.0
2021-11-08 09:30:00,2021-11-08 01:30:00,1.15647,1.15692,1.15511,1.15595,13359,0,17,28800.0
2021-11-08 13:30:00,2021-11-08 10:00:00,1.15595,1.1576,1.15503,1.15716,13454,0,8,12600.0
2021-11-08 17:00:00,2021-11-08 14:00:00,1.15711,1.15947,1.15642,1.15927,13525,0,7,10800.0
2021-11-09 02:00:00,2021-11-08 17:30:00,1.15926,1.1595,1.15822,1.15851,13546,0,18,30600.0
2021-11-09 08:30:00,2021-11-09 02:30:00,1.15851,1.16066,1.15771,1.15972,13624,0,13,21600.0
2021-11-09 12:30:00,2021-11-09 09:00:00,1.15973,1.16031,1.15804,1.15907,13150,0,8,12600.0
2021-11-09 16:00:00,2021-11-09 13:00:00,1.15905,1.15999,1.15697,1.15938,13900,0,7,10800.0
2021-11-09 18:30:00,2021-11-09 16:30:00,1.15938,1.16086,1.15714,1.1587399999999999,14687,0,5,7200.0
2021-11-10 03:00:00,2021-11-09 19:00:00,1.1587399999999999,1.1598600000000001,1.15863,1.1592,13633,0,17,28800.0
2021-11-10 09:30:00,2021-11-10 03:30:00,1.1592,1.15937,1.1558,1.15684,13174,0,13,21600.0
2021-11-10 13:00:00,2021-11-10 10:00:00,1.15684,1.15822,1.15527,1.15564,13149,0,7,10800.0
2021-11-10 16:00:00,2021-11-10 13:30:00,1.15564,1.1569,1.15328,1.15637,16064,0,6,9000.0
2021-11-10 18:00:00,2021-11-10 16:30:00,1.15637,1.15743,1.15113,1.15249,15697,0,4,5400.0
2021-11-10 20:30:00,2021-11-10 18:30:00,1.15251,1.15269,1.14816,1.14985,14815,0,5,7200.0
2021-11-11 03:00:00,2021-11-10 21:00:00,1.14984,1.14987,1.14725,1.14785,14335,0,13,21600.0
2021-11-11 10:00:00,2021-11-11 03:30:00,1.14787,1.14851,1.14539,1.14628,13394,0,14,23400.0
2021-11-11 14:00:00,2021-11-11 10:30:00,1.14627,1.14764,1.14541,1.14685,13877,0,8,12600.0
2021-11-11 18:00:00,2021-11-11 14:30:00,1.14684,1.14772,1.14558,1.14626,13064,0,8,12600.0
2021-11-12 03:30:00,2021-11-11 18:30:00,1.14626,1.1469,1.14361,1.14385,13895,0,19,32400.0
2021-11-12 10:30:00,2021-11-12 04:00:00,1.14385,1.1456,1.14362,1.14543,13850,0,14,23400.0
2021-11-12 15:00:00,2021-11-12 11:00:00,1.14543,1.14555,1.14372,1.1451,13866,0,9,14400.0
2021-11-12 18:00:00,2021-11-12 15:30:00,1.14511,1.14623,1.14328,1.14496,15188,0,6,9000.0
2021-11-15 03:30:00,2021-11-12 18:30:00,1.14496,1.14601,1.14409,1.14599,14082,0,19,205200.0
2021-11-15 10:30:00,2021-11-15 04:00:00,1.146,1.14641,1.14369,1.14489,14200,0,14,23400.0
2021-11-15 15:00:00,2021-11-15 11:00:00,1.14489,1.14566,1.14404,1.14465,14865,0,9,14400.0
2021-11-15 18:00:00,2021-11-15 15:30:00,1.14465,1.14468,1.14152,1.14212,14837,0,6,9000.0
2021-11-15 22:30:00,2021-11-15 18:30:00,1.14212,1.14241,1.13562,1.13601,14133,0,9,14400.0
2021-11-16 06:30:00,2021-11-15 23:00:00,1.1360000000000001,1.13855,1.13593,1.13839,13245,0,16,27000.0
2021-11-16 11:00:00,2021-11-16 07:00:00,1.13839,1.13846,1.1358,1.13618,13237,0,9,14400.0
2021-11-16 15:00:00,2021-11-16 11:30:00,1.13617,1.13723,1.13514,1.13692,14074,0,8,12600.0
2021-11-16 17:00:00,2021-11-16 15:30:00,1.13692,1.1374900000000001,1.13296,1.1347,15745,0,4,5400.0
2021-11-16 20:30:00,2021-11-16 17:30:00,1.13469,1.13556,1.13194,1.1327,13661,0,7,10800.0
2021-11-17 03:30:00,2021-11-16 21:00:00,1.1327,1.1331,1.1308799999999999,1.1323,13452,0,14,23400.0
2021-11-17 08:00:00,2021-11-17 04:00:00,1.13231,1.1324,1.12632,1.13012,13638,0,9,14400.0
2021-11-17 11:00:00,2021-11-17 08:30:00,1.13012,1.13211,1.12976,1.13111,13293,0,6,9000.0
2021-11-17 15:30:00,2021-11-17 11:30:00,1.13111,1.13324,1.12978,1.12988,15546,0,9,14400.0
2021-11-17 18:30:00,2021-11-17 16:00:00,1.1299,1.13223,1.12933,1.13206,14959,0,6,9000.0
2021-11-17 23:30:00,2021-11-17 19:00:00,1.13206,1.13262,1.13111,1.13187,13149,0,10,16200.0
2021-11-18 06:30:00,2021-11-18 00:00:00,1.13177,1.1338,1.13151,1.1325,13906,0,14,23400.0
2021-11-18 11:30:00,2021-11-18 07:00:00,1.1325,1.13399,1.13138,1.13318,14735,0,10,16200.0
2021-11-18 15:30:00,2021-11-18 12:00:00,1.13318,1.13485,1.13277,1.13345,13490,0,8,12600.0
2021-11-18 18:00:00,2021-11-18 16:00:00,1.13345,1.13591,1.13267,1.13475,14637,0,5,7200.0
2021-11-19 00:00:00,2021-11-18 18:30:00,1.13475,1.13741,1.13474,1.13701,13156,0,12,19800.0
2021-11-19 09:30:00,2021-11-19 00:30:00,1.13703,1.13724,1.13436,1.13437,14064,0,19,32400.0
2021-11-19 11:30:00,2021-11-19 10:00:00,1.13434,1.13453,1.12826,1.12996,14350,0,4,5400.0
2021-11-19 14:00:00,2021-11-19 12:00:00,1.12996,1.13051,1.12837,1.12915,14741,0,5,7200.0
2021-11-19 16:00:00,2021-11-19 14:30:00,1.12915,1.13211,1.12498,1.13142,15291,0,4,5400.0
2021-11-19 18:00:00,2021-11-19 16:30:00,1.13141,1.13222,1.13002,1.1317599999999999,13903,0,4,5400.0
2021-11-19 21:00:00,2021-11-19 18:30:00,1.13175,1.13201,1.12854,1.12901,13135,0,6,9000.0
2021-11-22 04:00:00,2021-11-19 21:30:00,1.12902,1.1292200000000001,1.12649,1.12759,14086,0,14,196200.0
2021-11-22 09:00:00,2021-11-22 04:30:00,1.12759,1.12787,1.12626,1.12684,13063,0,10,16200.0
2021-11-22 12:30:00,2021-11-22 09:30:00,1.12684,1.12901,1.12601,1.12859,14487,0,7,10800.0
2021-11-22 16:00:00,2021-11-22 13:00:00,1.12859,1.12882,1.12359,1.1243400000000001,17262,0,7,10800.0
2021-11-22 18:00:00,2021-11-22 16:30:00,1.12436,1.12667,1.12367,1.12634,13933,0,4,5400.0
2021-11-22 23:30:00,2021-11-22 18:30:00,1.12638,1.12655,1.12307,1.12364,13392,0,11,18000.0
2021-11-23 09:00:00,2021-11-23 00:00:00,1.12362,1.12601,1.1226,1.12554,14251,0,19,32400.0
2021-11-23 11:00:00,2021-11-23 09:30:00,1.12555,1.1275,1.12391,1.1265,14542,0,4,5400.0
2021-11-23 14:00:00,2021-11-23 11:30:00,1.1265100000000001,1.12692,1.12401,1.12402,13059,0,6,9000.0
2021-11-23 16:30:00,2021-11-23 14:30:00,1.12403,1.12594,1.12344,1.12494,14543,0,5,7200.0
2021-11-23 19:00:00,2021-11-23 17:00:00,1.12494,1.12714,1.12424,1.12649,14295,0,5,7200.0
2021-11-24 02:00:00,2021-11-23 19:30:00,1.12648,1.12649,1.12417,1.12438,13338,0,14,23400.0
2021-11-24 08:00:00,2021-11-24 02:30:00,1.12439,1.12464,1.12325,1.12429,14006,0,12,19800.0
2021-11-24 11:30:00,2021-11-24 08:30:00,1.12427,1.12554,1.12054,1.12082,16273,0,7,10800.0
2021-11-24 15:00:00,2021-11-24 12:00:00,1.12081,1.12201,1.12003,1.12055,14708,0,7,10800.0
2021-11-24 16:30:00,2021-11-24 15:30:00,1.12055,1.1216,1.1186099999999999,1.1204,13849,0,3,3600.0
2021-11-24 18:30:00,2021-11-24 17:00:00,1.1204,1.12132,1.11874,1.1195599999999999,13162,0,4,5400.0
2021-11-25 01:30:00,2021-11-24 19:00:00,1.11954,1.12052,1.11883,1.12022,13155,0,14,23400.0
2021-11-25 10:30:00,2021-11-25 02:00:00,1.12022,1.12265,1.12022,1.12255,13303,0,18,30600.0
2021-11-25 16:00:00,2021-11-25 11:00:00,1.12255,1.12299,1.1215,1.12177,13746,0,11,18000.0
2021-11-25 21:30:00,2021-11-25 16:30:00,1.12177,1.12189,1.12057,1.12094,16119,0,11,18000.0
2021-11-26 03:30:00,2021-11-25 22:00:00,1.12094,1.12248,1.12044,1.12179,14383,0,12,19800.0
2021-11-26 08:30:00,2021-11-26 04:00:00,1.12179,1.12327,1.12123,1.12316,15080,0,10,16200.0
2021-11-26 10:00:00,2021-11-26 09:00:00,1.12315,1.12716,1.12274,1.12696,13700,0,3,3600.0
2021-11-26 11:30:00,2021-11-26 10:30:00,1.12696,1.12791,1.12418,1.12648,13643,0,3,3600.0
2021-11-26 13:30:00,2021-11-26 12:00:00,1.12648,1.12953,1.1258,1.12778,13046,0,4,5400.0
2021-11-26 16:00:00,2021-11-26 14:00:00,1.12778,1.1297,1.1273900000000001,1.12883,14511,0,5,7200.0
2021-11-26 17:30:00,2021-11-26 16:30:00,1.12882,1.13213,1.12839,1.13167,13494,0,3,3600.0
2021-11-26 20:00:00,2021-11-26 18:00:00,1.13167,1.1320999999999999,1.12907,1.13102,13614,0,5,7200.0
2021-11-29 03:00:00,2021-11-26 20:30:00,1.13102,1.13303,1.12799,1.12877,13698,0,14,196200.0
2021-11-29 09:00:00,2021-11-29 03:30:00,1.12877,1.1289,1.12634,1.12685,14854,0,12,19800.0
2021-11-29 12:00:00,2021-11-29 09:30:00,1.12685,1.12913,1.12603,1.1291,13993,0,6,9000.0
2021-11-29 16:00:00,2021-11-29 12:30:00,1.1291,1.12949,1.12587,1.12698,14565,0,8,12600.0
2021-11-29 18:30:00,2021-11-29 16:30:00,1.127,1.12755,1.12584,1.12621,13548,0,5,7200.0
2021-11-30 02:00:00,2021-11-29 19:00:00,1.12622,1.13001,1.12585,1.12877,13248,0,15,25200.0
2021-11-30 08:00:00,2021-11-30 02:30:00,1.12878,1.13164,1.12845,1.13117,13087,0,12,19800.0
2021-11-30 10:30:00,2021-11-30 08:30:00,1.13117,1.13511,1.1311499999999999,1.13487,16116,0,5,7200.0
2021-11-30 13:30:00,2021-11-30 11:00:00,1.13487,1.13729,1.13442,1.13476,14319,0,6,9000.0
2021-11-30 16:30:00,2021-11-30 14:00:00,1.13476,1.1383,1.13413,1.13782,15541,0,6,9000.0
2021-11-30 17:30:00,2021-11-30 17:00:00,1.13781,1.1383,1.12502,1.12592,13465,0,2,1800.0
2021-11-30 18:30:00,2021-11-30 18:00:00,1.12592,1.12898,1.12354,1.12877,13947,0,2,1800.0
2021-11-30 21:30:00,2021-11-30 19:00:00,1.12876,1.13216,1.12794,1.13188,14577,0,6,9000.0
2021-12-01 04:00:00,2021-11-30 22:00:00,1.13187,1.1345,1.13179,1.13196,13884,0,13,21600.0
2021-12-01 10:00:00,2021-12-01 04:30:00,1.13196,1.13597,1.13163,1.13218,17191,0,12,19800.0
2021-12-01 12:30:00,2021-12-01 10:30:00,1.13218,1.13397,1.13025,1.1326100000000001,13561,0,5,7200.0
2021-12-01 16:00:00,2021-12-01 13:00:00,1.13263,1.13459,1.13107,1.1343,15627,0,7,10800.0
2021-12-01 18:00:00,2021-12-01 16:30:00,1.13429,1.13577,1.1323,1.133,15579,0,4,5400.0
2021-12-01 21:30:00,2021-12-01 18:30:00,1.13303,1.13334,1.13153,1.13175,13850,0,7,10800.0
2021-12-02 06:30:00,2021-12-01 22:00:00,1.13175,1.13394,1.13091,1.13226,13699,0,18,30600.0
2021-12-02 11:00:00,2021-12-02 07:00:00,1.13226,1.13276,1.13073,1.13189,13736,0,9,14400.0
2021-12-02 14:30:00,2021-12-02 11:30:00,1.13188,1.1347800000000001,1.13147,1.13424,14666,0,7,10800.0
2021-12-02 17:00:00,2021-12-02 15:00:00,1.1343,1.13475,1.13243,1.1327099999999999,15916,0,5,7200.0
2021-12-02 19:30:00,2021-12-02 17:30:00,1.1327099999999999,1.13286,1.12958,1.13025,14298,0,5,7200.0
2021-12-03 03:30:00,2021-12-02 20:00:00,1.13025,1.13082,1.12907,1.12988,13699,0,16,27000.0
2021-12-03 10:30:00,2021-12-03 04:00:00,1.12988,1.13025,1.12816,1.12912,14176,0,14,23400.0
2021-12-03 14:30:00,2021-12-03 11:00:00,1.12912,1.13161,1.12856,1.1296599999999999,13277,0,8,12600.0
2021-12-03 16:00:00,2021-12-03 15:00:00,1.1296599999999999,1.13335,1.1286100000000001,1.12994,14597,0,3,3600.0
2021-12-03 17:30:00,2021-12-03 16:30:00,1.12992,1.13057,1.12666,1.12791,14239,0,3,3600.0
2021-12-03 20:00:00,2021-12-03 18:00:00,1.12791,1.1317300000000001,1.12765,1.13163,14650,0,5,7200.0
2021-12-06 02:00:00,2021-12-03 20:30:00,1.13163,1.13274,1.12968,1.13002,13237,0,12,192600.0
2021-12-06 10:00:00,2021-12-06 02:30:00,1.12999,1.13003,1.1274899999999999,1.12899,14268,0,16,27000.0
2021-12-06 14:30:00,2021-12-06 10:30:00,1.12899,1.131,1.12847,1.12916,13111,0,9,14400.0
2021-12-06 17:30:00,2021-12-06 15:00:00,1.12917,1.13079,1.12665,1.12724,13968,0,6,9000.0
2021-12-06 23:30:00,2021-12-06 18:00:00,1.12724,1.12883,1.12698,1.12847,13462,0,12,19800.0
2021-12-07 09:30:00,2021-12-07 00:00:00,1.12821,1.1298300000000001,1.12757,1.12888,13846,0,20,34200.0
2021-12-07 13:30:00,2021-12-07 10:00:00,1.12888,1.12948,1.12534,1.12577,14430,0,8,12600.0
2021-12-07 16:30:00,2021-12-07 14:00:00,1.12577,1.12601,1.12274,1.12456,13636,0,6,9000.0
2021-12-07 20:30:00,2021-12-07 17:00:00,1.12456,1.12547,1.12366,1.12526,13277,0,8,12600.0
2021-12-08 07:30:00,2021-12-07 21:00:00,1.12526,1.12955,1.12506,1.12937,13058,0,22,37800.0
2021-12-08 12:00:00,2021-12-08 08:00:00,1.12936,1.12953,1.12726,1.12863,14476,0,9,14400.0
2021-12-08 14:30:00,2021-12-08 12:30:00,1.12863,1.13023,1.12668,1.1291,15430,0,5,7200.0
2021-12-08 17:00:00,2021-12-08 15:00:00,1.1291,1.13269,1.12879,1.13269,15968,0,5,7200.0
2021-12-08 21:30:00,2021-12-08 17:30:00,1.13268,1.13507,1.13195,1.13493,13860,0,9,14400.0
2021-12-09 07:30:00,2021-12-08 22:00:00,1.13493,1.1354899999999999,1.13267,1.13267,13238,0,20,34200.0
2021-12-09 12:30:00,2021-12-09 08:00:00,1.13268,1.1334,1.13107,1.1313900000000001,13910,0,10,16200.0
2021-12-09 16:00:00,2021-12-09 13:00:00,1.13138,1.13229,1.13069,1.13107,15027,0,7,10800.0
2021-12-09 19:00:00,2021-12-09 16:30:00,1.13106,1.1314899999999999,1.12784,1.12903,13814,0,6,9000.0
2021-12-10 04:00:00,2021-12-09 19:30:00,1.12902,1.1298300000000001,1.12819,1.1296599999999999,13518,0,18,30600.0
2021-12-10 11:00:00,2021-12-10 04:30:00,1.1296599999999999,1.1302699999999999,1.1283,1.12857,13057,0,14,23400.0
2021-12-10 15:30:00,2021-12-10 11:30:00,1.12856,1.13095,1.12649,1.12935,16761,0,9,14400.0
2021-12-10 17:30:00,2021-12-10 16:00:00,1.12934,1.13069,1.12701,1.13016,14297,0,4,5400.0
2021-12-13 02:00:00,2021-12-10 18:00:00,1.1301700000000001,1.13243,1.13004,1.13122,13126,0,17,201600.0
2021-12-13 11:00:00,2021-12-13 02:30:00,1.13122,1.13133,1.12599,1.12635,14744,0,18,30600.0
2021-12-13 15:30:00,2021-12-13 11:30:00,1.12635,1.1292200000000001,1.12624,1.12842,14283,0,9,14400.0
2021-12-13 18:00:00,2021-12-13 16:00:00,1.12842,1.12974,1.12731,1.12931,13307,0,5,7200.0
2021-12-14 03:00:00,2021-12-13 18:30:00,1.1293,1.13071,1.12738,1.12786,13512,0,18,30600.0
2021-12-14 11:30:00,2021-12-14 03:30:00,1.12786,1.13042,1.12663,1.1301,14779,0,17,28800.0
2021-12-14 15:30:00,2021-12-14 12:00:00,1.13011,1.1323699999999999,1.13005,1.13084,14678,0,8,12600.0
2021-12-14 18:30:00,2021-12-14 16:00:00,1.13084,1.13087,1.12653,1.12664,13727,0,6,9000.0
2021-12-15 06:30:00,2021-12-14 19:00:00,1.12664,1.12769,1.1253199999999999,1.12642,13210,0,24,41400.0
2021-12-15 13:00:00,2021-12-15 07:00:00,1.12641,1.12774,1.1262699999999999,1.12639,13518,0,13,21600.0
2021-12-15 16:30:00,2021-12-15 13:30:00,1.12639,1.12758,1.12499,1.12585,14571,0,7,10800.0
2021-12-15 21:00:00,2021-12-15 17:00:00,1.12584,1.1267800000000001,1.1221700000000001,1.12315,20452,0,9,14400.0
2021-12-15 22:30:00,2021-12-15 21:30:00,1.12316,1.12992,1.1226099999999999,1.12877,15908,0,3,3600.0
2021-12-16 09:00:00,2021-12-15 23:00:00,1.12877,1.13023,1.12811,1.1301700000000001,13330,0,21,36000.0
2021-12-16 13:00:00,2021-12-16 09:30:00,1.13016,1.1319,1.12924,1.12955,14003,0,8,12600.0
2021-12-16 15:30:00,2021-12-16 13:30:00,1.12955,1.13593,1.12903,1.13591,16916,0,5,7200.0
2021-12-16 17:30:00,2021-12-16 16:00:00,1.13592,1.13602,1.12984,1.13072,14979,0,4,5400.0
2021-12-16 22:30:00,2021-12-16 18:00:00,1.13072,1.13368,1.13012,1.13334,13610,0,10,16200.0
2021-12-17 09:00:00,2021-12-16 23:00:00,1.13333,1.13489,1.1320000000000001,1.13266,13701,0,21,36000.0
2021-12-17 12:30:00,2021-12-17 09:30:00,1.13266,1.13399,1.1317300000000001,1.13251,13537,0,7,10800.0
2021-12-17 16:30:00,2021-12-17 13:00:00,1.13249,1.13328,1.12927,1.13068,16055,0,8,12600.0
2021-12-17 20:00:00,2021-12-17 17:00:00,1.13067,1.13077,1.12639,1.12652,13853,0,7,10800.0
2021-12-20 04:00:00,2021-12-17 20:30:00,1.12652,1.12659,1.12341,1.12409,13125,0,16,199800.0
2021-12-20 10:30:00,2021-12-20 04:30:00,1.12409,1.12707,1.12407,1.12673,14280,0,13,21600.0
2021-12-20 14:30:00,2021-12-20 11:00:00,1.12677,1.12769,1.12491,1.12685,13276,0,8,12600.0
2021-12-20 17:30:00,2021-12-20 15:00:00,1.12685,1.13038,1.12684,1.12888,14935,0,6,9000.0
