time,start_time,open,high,low,close,tick_volume,real_volume,num_time_bars,duration_seconds,raw_log_return,volatility_sigma,norm_return,norm_open,norm_high,norm_low,norm_close,norm_range,norm_body,norm_price_index,ffd_norm_price_index,ffd_d_star
2020-12-21 04:30:00,2020-12-21 00:00:00,1.22166,1.22349,1.21791,1.21894,14669,0,10,16200.0,0.0,0.0016305330178896,0.0,0.0,0.918694545440606,-1.8825707898372688,-1.3654913462286895,2.801265335277876,-1.3654913462286895,100.0,,0.34
2020-12-21 09:30:00,2020-12-21 05:00:00,1.21894,1.21995,1.2168,1.21758,13776,0,10,16200.0,-0.0011163463802795,0.0007893760956487,-1.4142135623730951,0.0,1.0496755328927287,-2.224064990484994,-1.413424479934544,3.2737405233777226,-1.413424479934544,99.7766785495872,,0.34
2020-12-21 11:30:00,2020-12-21 10:00:00,1.21758,1.22268,1.2172,1.21753,13698,0,4,5400.0,-4.1065906679248615e-05,0.0006330012830898,-0.0648749185448612,0.0,6.617105821944014,-0.4930392573210814,-0.0648735864894946,7.110145079265096,-0.0648735864894946,99.76643401418582,,0.34
2020-12-21 13:30:00,2020-12-21 12:00:00,1.21754,1.21813,1.21296,1.21622,16173,0,4,5400.0,-0.0010765280957489,0.0006216124146171,-1.7318317176983382,0.0,0.7795591872266598,-6.051493351693086,-1.744098520575273,6.831052538919746,-1.744098520575273,99.49295681006518,,0.34
2020-12-21 15:30:00,2020-12-21 14:00:00,1.21623,1.22145,1.21565,1.21906,14982,0,4,5400.0,0.0023323817281524,0.0014004369654247,1.665467126144469,0.0,3.064722985645345,-0.3405247761827003,1.6615260630989772,3.4052477618280457,1.6615260630989772,99.75595424137344,,0.34
2020-12-21 18:00:00,2020-12-21 16:00:00,1.21912,1.22246,1.21912,1.22194,14147,0,5,7200.0,0.0023596897471137,0.00157530317976,1.4979273687958583,0.0,1.739145274786407,0.0,1.468380142184998,1.739145274786407,1.468380142184998,99.9924951157596,,0.34
2020-12-21 22:30:00,2020-12-21 18:30:00,1.22194,1.22528,1.22158,1.2232,14064,0,9,14400.0,0.0010306159250821,0.0014570731333906,0.7073192837506617,0.0,1.8759239789679456,-0.2021953989307604,0.707683896257412,2.078119377898706,0.707683896257412,100.1041893976947,,0.34
2020-12-22 06:30:00,2020-12-21 23:00:00,1.2232,1.22498,1.22193,1.22233,13373,0,16,27000.0,-0.0007115022401706,0.0014151848527614,-0.5027627583649539,0.0,1.0282751924193063,-0.7336570193105085,-0.5025839423623613,1.7619322117298148,-0.5025839423623613,100.02479706870078,,0.34
2020-12-22 10:30:00,2020-12-22 07:00:00,1.22234,1.22298,1.22062,1.22217,13423,0,8,12600.0,-0.0001309061159569,0.001333341034166,-0.098179019922569,0.0,0.3926871637320457,-1.0553467525298814,-0.104307527866331,1.4480339162619271,-0.104307527866331,100.00929341231353,,0.34
2020-12-22 14:00:00,2020-12-22 11:00:00,1.22214,1.22573,1.22043,1.22529,15155,0,7,10800.0,0.0025495833967439,0.0014453421181407,1.7639999310499768,0.0,2.032370261715178,-0.9680649436025562,1.7832775276888069,3.0004352053177348,1.7832775276888069,100.28785036694286,,0.34
2020-12-22 17:00:00,2020-12-22 14:30:00,1.22529,1.22545,1.22011,1.2208,15551,0,6,9000.0,-0.0036711691252762,0.0018645915354582,-1.9688865123878263,0.0,0.0700321380222367,-2.2672904684707764,-1.9652768732497288,2.337322606493013,-1.9652768732497288,99.97693933953988,,0.34
2020-12-22 19:30:00,2020-12-22 17:30:00,1.22081,1.22113,1.21609,1.21746,14257,0,5,7200.0,-0.0027396603226046,0.0019623989628262,-1.3960771354358512,0.0,0.1335717434340372,-1.9701832156514705,-1.3983291890746343,2.103754959085508,-1.3983291890746343,99.75648185060837,,0.34
2020-12-23 02:30:00,2020-12-22 20:00:00,1.21746,1.21879,1.2152,1.21631,14627,0,14,23400.0,-0.0009450359611533,0.0018933727856291,-0.4991283113004368,0.0,0.5769800662373273,-0.9804322930047116,-0.4988925384758578,1.557412359242039,-0.4988925384758578,99.67766344482624,,0.34
2020-12-23 08:30:00,2020-12-23 03:00:00,1.2163,1.21919,1.2154,1.21839,13615,0,12,19800.0,0.0017086298156094,0.001886838351553,0.9055517735279686,0.0,1.2592803915787996,-0.3921634437442116,0.9106906638061668,1.6514438353230112,0.9106906638061668,99.8206610378834,,0.34
2020-12-23 12:00:00,2020-12-23 09:00:00,1.21834,1.22009,1.2172,1.21867,13377,0,7,10800.0,0.0002297850699053,0.0018194611626807,0.1262929237614353,0.0,0.7894538660905174,-0.5142728041960958,0.1488684433199066,1.3037266702866133,0.1488684433199066,99.8406042202016,,0.34
2020-12-23 15:30:00,2020-12-23 12:30:00,1.21867,1.21976,1.21604,1.21762,14000,0,7,10800.0,-0.0008619664038446,0.001770480727243,-0.4868544404811814,0.0,0.5051835194195738,-1.218929042269166,-0.4866446746702138,1.7241125616887396,-0.4866446746702138,99.76372400728262,,0.34
2020-12-23 17:30:00,2020-12-23 16:00:00,1.21762,1.22212,1.21736,1.21843,15780,0,4,5400.0,0.0006650110053992,0.0017234475006557,0.3858609009825929,0.0,2.1443846127809687,-0.1238977776273053,0.3859892303006548,2.2682823904082743,0.3859892303006548,99.82465611708392,,0.34
2020-12-23 22:00:00,2020-12-23 18:00:00,1.21843,1.22035,1.21727,1.21769,13651,0,9,14400.0,-0.0006075234575968,0.0016776251458184,-0.3621330182795206,0.0,0.9393030185529953,-0.5674955737091488,-0.3620230384007388,1.506798592262144,-0.3620230384007388,99.76747092735286,,0.34
2020-12-24 04:30:00,2020-12-23 22:30:00,1.21769,1.22157,1.21769,1.22111,13187,0,13,21600.0,0.002804659867019,0.0017575762745007,1.5957542825933466,0.0,1.8129290358121288,0.0,1.5979941501230086,1.8129290358121288,1.5979941501230086,100.01945985630444,,0.34
2020-12-24 10:30:00,2020-12-24 05:00:00,1.22111,1.22156,1.21937,1.22013,13171,0,12,19800.0,-0.0008028707154089,0.0017224040403939,-0.46613378544172,0.0,0.2139551232829159,-0.8272931433604253,-0.4659467129271664,1.0412482666433411,-0.4659467129271664,99.94585168578416,,0.34
2020-12-24 16:00:00,2020-12-24 11:00:00,1.22013,1.22035,1.21774,1.2184,14278,0,11,18000.0,-0.0014188878465653,0.0017534608030978,-0.8091927940782043,0.0,0.1028301603985638,-1.1171094697837944,-0.8086189885883105,1.2199396301823584,-0.8086189885883105,99.8180703426793,,0.34
2020-12-28 02:00:00,2020-12-24 16:30:00,1.21842,1.22081,1.21696,1.2191,14619,0,14,293400.0,0.0005743589901486,0.0017386250151146,0.3303524251379499,0.0,1.1282230229006411,-0.6892073696380876,0.3210006927081533,1.8174303925387287,0.3210006927081533,99.87023699182768,,0.34
2020-12-28 09:00:00,2020-12-28 02:30:00,1.21911,1.2227,1.2181,1.22225,13989,0,14,23400.0,0.0025805408876544,0.0018269951485125,1.4124508703569467,0.0,1.6118111687021646,-0.453462195094435,1.4097735570263898,2.0652733637966,1.4097735570263898,100.09328009182144,,0.34
2020-12-28 12:30:00,2020-12-28 09:30:00,1.22225,1.22506,1.22076,1.22136,13180,0,7,10800.0,-0.000728430510068,0.0018158841216188,-0.4011437191370455,0.0,1.2660712381595811,-0.6713331476362204,-0.4009976519438108,1.9374043857958017,-0.4009976519438108,100.0299346399285,,0.34
2020-12-28 16:00:00,2020-12-28 13:00:00,1.22136,1.22227,1.21914,1.22222,13373,0,7,10800.0,0.0007038853121301,0.0017511034731428,0.4019667158028489,0.0,0.4254866030161133,-1.038000284281158,0.4021082182350619,1.4634868872972713,0.4021082182350619,100.0934100529631,,0.34
2020-12-28 19:30:00,2020-12-28 16:30:00,1.22222,1.22402,1.22052,1.22063,13689,0,7,10800.0,-0.0013017583761028,0.0016962018176567,-0.7674548880634644,0.0,0.868251604901864,-0.8200154046296454,-0.766955584330162,1.6882670095315095,-0.766955584330162,99.97221963074628,,0.34
2020-12-29 03:30:00,2020-12-28 20:00:00,1.22063,1.22348,1.22026,1.22271,13456,0,16,27000.0,0.0017025878530698,0.0017252162163195,0.986883752288141,0.0,1.3533723166749012,-0.1757009674278542,0.9877243574329424,1.5290732841027554,0.9877243574329424,100.12806052834028,,0.34
2020-12-29 11:30:00,2020-12-29 04:00:00,1.22272,1.22579,1.22243,1.22497,13971,0,16,27000.0,0.0018466471452449,0.001765610223713,1.045897401614217,0.0,1.4220554284994025,-0.1343309688159657,1.0422230339164684,1.556386397315368,1.0422230339164684,100.29322039593448,,0.34
2020-12-29 16:30:00,2020-12-29 12:00:00,1.22498,1.22749,1.22388,1.22674,15266,0,10,16200.0,0.0014438904336245,0.0017893564626478,0.8069328072774837,0.0,1.1451117135592093,-0.5018417868187193,0.8029468589100319,1.6469535003779283,0.8029468589100319,100.4206448597506,,0.34
2020-12-29 20:00:00,2020-12-29 17:00:00,1.2267,1.22676,1.22361,1.22444,14164,0,7,10800.0,-0.0018766477166204,0.0017551125560491,-1.0692463626634572,0.0,0.0278681354007577,-1.4352089731402642,-1.0496997667628396,1.463077108541022,-1.0496997667628396,100.25179790840475,,0.34
2020-12-30 03:00:00,2020-12-29 20:30:00,1.22442,1.22845,1.22401,1.228,13452,0,14,23400.0,0.0029032331070546,0.0016507471419208,1.7587388360863223,0.0,1.993857320891938,-0.2028490078326903,1.7712181659536008,2.1967063287246287,1.7712181659536008,100.52952407241712,,0.34
2020-12-30 09:30:00,2020-12-30 03:30:00,1.228,1.2295,1.22652,1.22671,14028,0,13,21600.0,-0.0010510407492158,0.0015258776350458,-0.688810639251713,0.0,0.8005218395502769,-0.7898482150228704,-0.6884487820132192,1.5903700545731474,-0.6884487820132192,100.42075252962458,,0.34
2020-12-30 14:00:00,2020-12-30 10:00:00,1.22673,1.22848,1.22529,1.22781,14316,0,9,14400.0,0.0008963056513221,0.0014970983961955,0.5986952184304696,0.0,0.9528811096592424,-0.784085027376623,0.5880637705326184,1.7369661370358656,0.5880637705326184,100.51529375599404,,0.34
2020-12-30 17:00:00,2020-12-30 14:30:00,1.22781,1.23099,1.22713,1.2283,15241,0,6,9000.0,0.0003990049358543,0.0014684616440112,0.271716280422878,0.0,1.7637350537394116,-0.3771508919946035,0.2717704957019213,2.140885945734015,0.2717704957019213,100.55820104769262,,0.34
2020-12-30 21:30:00,2020-12-30 17:30:00,1.2283,1.23022,1.22763,1.22883,13279,0,9,14400.0,0.0004313976128408,0.0014678871454525,0.2938901768962961,0.0,1.0648884326879358,-0.3716016926566711,0.2939535777732887,1.436490125344607,0.2939535777732887,100.60460986621392,,0.34
2020-12-31 06:30:00,2020-12-30 22:00:00,1.22886,1.23093,1.22852,1.22866,13545,0,18,30600.0,-0.0001383525469248,0.001443467358859,-0.0958473678505778,0.0,1.1669734350195735,-0.1916767960901739,-0.112751056523617,1.3586502311097477,-0.112751056523617,100.58947440592976,,0.34
2020-12-31 11:30:00,2020-12-31 07:00:00,1.22866,1.23041,1.2277,1.22793,14952,0,10,16200.0,-0.0005943197859532,0.0014610147215853,-0.406785624520152,0.0,0.9748812933689536,-0.5347920237910339,-0.4066647680911348,1.5096733171599874,-0.4066647680911348,100.5252380288422,,0.34
2020-12-31 15:30:00,2020-12-31 12:00:00,1.22793,1.22885,1.22596,1.22842,13120,0,8,12600.0,0.0003989659506989,0.0014421191684454,0.2766525537060656,0.0,0.5195329155897875,-1.1124780909911522,0.2767077485206954,1.6320110065809397,0.2767077485206954,100.5689248178802,,0.34
2020-12-31 18:30:00,2020-12-31 16:00:00,1.22845,1.22852,1.22209,1.223,13623,0,6,9000.0,-0.0044219340885378,0.0017003197949298,-2.600648479023497,0.0,0.0335127405650468,-3.0448718570521582,-2.609206229706656,3.078384597617205,-2.609206229706656,100.15825092406264,,0.34
2021-01-04 02:30:00,2020-12-31 19:00:00,1.223,1.22528,1.22127,1.22407,13182,0,13,286200.0,0.000874515292323,0.0016959818565578,0.5156395329004094,0.0,1.0992264957077524,-0.8340622094625251,0.5158650659681024,1.9332887051702772,0.5158650659681024,100.23967665171882,,0.34
2021-01-04 08:00:00,2021-01-04 03:00:00,1.22407,1.22591,1.22398,1.22455,14466,0,11,18000.0,0.0003920575721413,0.0016550303401686,0.2368884500941832,0.0,0.908250423621739,-0.0444252924597196,0.236934893118724,0.9526757160814588,0.236934893118724,100.2770842071748,,0.34
2021-01-04 12:00:00,2021-01-04 08:30:00,1.22458,1.23004,1.22458,1.22929,14348,0,8,12600.0,0.0038633373777605,0.0018416530273928,2.0977552884810566,0.0,2.42101605362737,0.0,2.0884589034038186,2.42101605362737,2.0884589034038186,100.60834517517785,,0.34
2021-01-04 15:30:00,2021-01-04 12:30:00,1.22929,1.2306,1.22863,1.22988,14637,0,7,10800.0,0.0004798367020746,0.0017702369415908,0.2710578967148991,0.0,0.6019848303973077,-0.3032900672231372,0.2711229388812878,0.9052748976204448,0.2711229388812878,100.65114850011456,,0.34
2021-01-04 17:30:00,2021-01-04 16:00:00,1.2299,1.23098,1.22605,1.22719,14004,0,4,5400.0,-0.0021896006827105,0.0018440136381644,-1.187410243283272,0.0,0.4762004760690437,-1.697566511912802,-1.1949104538399444,2.1737669879818458,-1.1949104538399444,100.46364204082136,,0.34
2021-01-04 20:00:00,2021-01-04 18:00:00,1.22715,1.22775,1.22455,1.22498,13403,0,5,7200.0,-0.0018024856338256,0.001895150062383,-0.9511044373758454,0.0,0.2579942308379943,-1.1179750002980708,-0.9330791348641844,1.375969231136065,-0.9330791348641844,100.31345113041006,,0.34
2021-01-05 03:30:00,2021-01-04 20:30:00,1.22498,1.22632,1.22416,1.22572,13911,0,15,25200.0,0.0006039091055536,0.0018679989904821,0.3232919871106606,0.0,0.5855974313214665,-0.3583506669280485,0.3233896262521082,0.943948098249515,0.3233896262521082,100.3645028508781,,0.34
2021-01-05 09:30:00,2021-01-05 04:00:00,1.22572,1.22768,1.22551,1.22582,13629,0,12,19800.0,8.158137338602073e-05,0.0018346088355638,0.0444679932880338,0.0,0.8716082214606082,-0.0933865951565149,0.0444698072173739,0.964994816617123,0.0444698072173739,100.37152488561334,,0.34
2021-01-05 13:00:00,2021-01-05 10:00:00,1.22582,1.2285,1.22581,1.22832,13667,0,7,10800.0,0.0020373742857127,0.0018444871064928,1.104574967502308,0.0,1.185311416654395,-0.0044228037934172,1.1057009483717053,1.1897342204478123,1.1057009483717053,100.54595065156226,,0.34
2021-01-05 16:30:00,2021-01-05 13:30:00,1.22832,1.22906,1.22592,1.22642,15893,0,7,10800.0,-0.0015480257619359,0.0018541788909433,-0.8348847942867198,0.0,0.3249141041354759,-1.0537754728719455,-0.8342389160235668,1.3786895770074217,-0.8342389160235668,100.41411223044372,,0.34
2021-01-05 18:30:00,2021-01-05 17:00:00,1.22643,1.22963,1.2254,1.22944,13144,0,4,5400.0,0.0024594248224848,0.0018781516433582,1.3094921441419116,0.0,1.3892376936941386,-0.4471608826577292,1.3067517056310896,1.836398576351868,1.3067517056310896,100.620896900535,,0.34
2021-01-06 00:30:00,2021-01-05 19:00:00,1.22944,1.23056,1.22895,1.22964,13264,0,12,19800.0,0.0001626624594896,0.0017675527484878,0.0920269336396116,0.0,0.5153927447715,-0.2254843258375759,0.0920344187091854,0.7408770706090759,0.0920344187091854,100.63542906798428,,0.34
2021-01-06 03:30:00,2021-01-06 01:00:00,1.22963,1.23261,1.22811,1.22892,14985,0,6,9000.0,-0.0005857087242803,0.0017550835810815,-0.3337212715074577,0.0,1.3808420704627258,-0.704322129900439,-0.3289925738350755,2.0851642003631645,-0.3289925738350755,100.58273043719078,,0.34
2021-01-06 06:30:00,2021-01-06 04:00:00,1.22893,1.23065,1.22757,1.22918,13755,0,6,9000.0,0.0002115455034129,0.0017451774926281,0.1212171852470688,0.0,0.8019766015099443,-0.6341210337520827,0.1165663664984776,1.436097635262027,0.1165663664984776,100.60187209892035,,0.34
2021-01-06 10:00:00,2021-01-06 07:00:00,1.22918,1.23455,1.22916,1.23249,16065,0,7,10800.0,0.0026892329149068,0.0018413718240198,1.4604507790480354,0.0,2.372560561820078,-0.0088363521855092,1.462416286708503,2.3813969140055877,1.462416286708503,100.83249496586996,,0.34
2021-01-06 13:00:00,2021-01-06 10:30:00,1.2325,1.23469,1.23208,1.23469,14834,0,6,9000.0,0.001783413113841,0.0018759558631963,0.950669015635782,0.0,0.9471844741171443,-0.1816518169539031,0.9471844741171443,1.1288362910710477,0.9471844741171443,100.9826171179147,,0.34
2021-01-06 15:30:00,2021-01-06 13:30:00,1.23469,1.23494,1.23166,1.23196,13513,0,5,7200.0,-0.0022135293735913,0.001953640343231,-1.1330280833218616,0.0,0.1036424004202909,-1.2561458930946587,-1.1317750125902544,1.3597882935149497,-1.1317750125902544,100.80369826035457,,0.34
2021-01-06 17:30:00,2021-01-06 16:00:00,1.23195,1.23206,1.22754,1.22824,16865,0,4,5400.0,-0.0030241466832722,0.0020732162446939,-1.4586740244834886,0.0,0.043068029333594,-1.7266364487367936,-1.4525671711595427,1.7697044780703877,-1.4525671711595427,100.57335596447068,,0.34
2021-01-06 21:00:00,2021-01-06 18:00:00,1.22822,1.23174,1.22657,1.23044,15296,0,7,10800.0,0.0017895786252313,0.0021098504733748,0.8482016369476696,0.0,1.3583598014417233,-0.6367311569258721,0.8566928293183246,1.9950909583675955,0.8566928293183246,100.7072972763386,,0.34
2021-01-07 00:30:00,2021-01-06 21:30:00,1.23044,1.23399,1.22976,1.23276,13061,0,7,10800.0,0.0018837290402979,0.0018573995896833,1.0141754368638591,0.0,1.5533258394089242,-0.2975384706473541,1.0151312527968783,1.8508643100562785,1.0151312527968783,100.8674478614832,,0.34
2021-01-07 06:00:00,2021-01-07 01:00:00,1.23276,1.23441,1.23189,1.23285,13708,0,11,18000.0,7.300424644599045e-05,0.0018552097384134,0.0393509396454663,0.0,0.7214602280108876,-0.3804063020421855,0.0393523760732893,1.1018665300530732,0.0393523760732893,100.87366185147066,,0.34
2021-01-07 10:30:00,2021-01-07 06:30:00,1.23286,1.23295,1.22929,1.22944,15293,0,9,14400.0,-0.0027697811224815,0.0019824520131727,-1.397149138580516,0.0,0.0368235846738478,-1.460668858730568,-1.3992962176073975,1.497492443404416,-1.3992962176073975,100.65303508025852,,0.34
2021-01-07 13:00:00,2021-01-07 11:00:00,1.22944,1.22957,1.22452,1.22588,13413,0,5,7200.0,-0.0028998277166885,0.0018996421791693,-1.5265125972074376,0.0,0.055662692423691,-2.106618820958761,-1.5243014232953562,2.1622815133824527,-1.5243014232953562,100.4119802520827,,0.34
2021-01-07 16:00:00,2021-01-07 13:30:00,1.22588,1.22826,1.2251,1.22687,13637,0,6,9000.0,0.0008072572041684,0.0019066528925642,0.42338970418616,0.0,1.0182568978297877,-0.3337144455072668,0.4235606423745311,1.3519713433370544,0.4235606423745311,100.47883861445764,,0.34
2021-01-07 18:00:00,2021-01-07 16:30:00,1.22687,1.22771,1.22464,1.22717,15016,0,4,5400.0,0.000244494793479,0.0018444342217553,0.1325581528444868,0.0,0.3712082053519658,-0.9854694023032088,0.1325743590543295,1.3566776076551743,0.1325743590543295,100.49977115233231,,0.34
2021-01-07 23:30:00,2021-01-07 18:30:00,1.22719,1.2279,1.22547,1.2271,13094,0,11,18000.0,-5.704343859390309e-05,0.0017953394354242,-0.0317730661224087,0.0,0.3222552271537917,-0.7806746347950883,-0.0408492541462212,1.10292986194888,-0.0408492541462212,100.49475380035712,,0.34
2021-01-08 04:30:00,2021-01-08 00:00:00,1.22713,1.22731,1.22349,1.22598,13273,0,10,16200.0,-0.0009131378331104,0.0018043513540098,-0.5060753999387024,0.0,0.0812944358728916,-1.6439541476512187,-0.5193811180766017,1.7252485835241105,-0.5193811180766017,100.41483836513608,,0.34
2021-01-08 10:00:00,2021-01-08 05:00:00,1.22598,1.22691,1.22133,1.22295,16862,0,11,18000.0,-0.0024745513723622,0.001887664466225,-1.3109063695577992,0.0,0.4018599839073546,-2.0092999195370607,-1.3092857540209497,2.4111599034444158,-1.3092857540209497,100.2078303717226,,0.34
2021-01-08 13:30:00,2021-01-08 10:30:00,1.22295,1.22537,1.22176,1.22504,13742,0,7,10800.0,0.0017075237299226,0.0018691998107453,0.913505190887956,0.0,1.0586464273362528,-0.5205740696405456,0.9142855508812432,1.5792204969767984,0.9142855508812432,100.35208390571246,,0.34
2021-01-08 16:00:00,2021-01-08 14:00:00,1.22505,1.22845,1.22342,1.22775,15603,0,5,7200.0,0.0022097294124018,0.0019080096486962,1.158133248388845,0.0,1.454603190540008,-0.6973538825235864,1.1551260630758329,2.151957073063594,1.1551260630758329,100.53496717290972,,0.34
2021-01-08 17:30:00,2021-01-08 16:30:00,1.22775,1.22821,1.22222,1.22551,13276,0,3,3600.0,-0.0018261420497582,0.0018638067340278,-0.9797915290346544,0.0,0.2010235843237185,-2.416653089803954,-0.978897454097846,2.6176766741276727,-0.978897454097846,100.38024622326829,,0.34
2021-01-08 19:30:00,2021-01-08 18:00:00,1.22553,1.22634,1.22241,1.22288,13957,0,4,5400.0,-0.0021483513750216,0.0019137141338162,-1.1226083023891833,0.0,0.3453695204719038,-1.3303122270029308,-1.129912628704426,1.675681747474835,-1.129912628704426,100.20297277532148,,0.34
2021-01-08 23:30:00,2021-01-08 20:00:00,1.22288,1.22288,1.21932,1.22218,13425,0,8,12600.0,-0.0005725831015391,0.0019136044495084,-0.2992170621709213,0.0,0.0,-1.521296911596924,-0.2991314152016088,1.521296911596924,-0.2991314152016088,100.15572277709622,,0.34
2021-01-11 04:30:00,2021-01-11 00:00:00,1.22116,1.22285,1.21669,1.21801,14022,0,10,16200.0,-0.0034177699762718,0.0020333740211808,-1.6808368458878058,0.0,0.6806077088241246,-1.8001872535170855,-1.2685883330153978,2.48079496234121,-1.2685883330153978,99.89029828088287,,0.34
2021-01-11 09:30:00,2021-01-11 05:00:00,1.21803,1.21934,1.21666,1.21785,13097,0,10,16200.0,-0.0001313704401979,0.0018969529830711,-0.0692533981444729,0.0,0.5669656449128482,-0.59293353704614,-0.0779036764002599,1.159899181958988,-0.0779036764002599,99.8793623305207,,0.34
2021-01-11 12:30:00,2021-01-11 10:00:00,1.21784,1.21996,1.21545,1.21673,13134,0,6,9000.0,-0.0009200766284207,0.0018128224776392,-0.5075381841133076,0.0,0.96026333993617,-1.0825610294564454,-0.502779390249597,2.042824369392615,-0.502779390249597,99.7992159039613,,0.34
2021-01-11 16:00:00,2021-01-11 13:00:00,1.21673,1.21719,1.21361,1.21503,15013,0,7,10800.0,-0.0013981645202973,0.0017867472026042,-0.7825194959082424,0.0,0.2115926143683579,-1.4351499061509037,-0.7819727052745439,1.6467425205192614,-0.7819727052745439,99.6756465977037,,0.34
2021-01-11 18:30:00,2021-01-11 16:30:00,1.21503,1.21716,1.21323,1.21687,15131,0,5,7200.0,0.0015132204047108,0.0017629292894815,0.8583557002197215,0.0,0.9943922000710984,-0.8403314366798262,0.859005468606063,1.8347236367509243,0.859005468606063,99.811191359148,,0.34
2021-01-12 02:30:00,2021-01-11 19:00:00,1.21686,1.21743,1.21487,1.21593,13253,0,16,27000.0,-0.0007727721528929,0.0016816928124882,-0.4595203994179704,0.0,0.2785400006156103,-0.9724466688160492,-0.4544600010044967,1.2509866694316594,-0.4544600010044967,99.73862752238202,,0.34
2021-01-12 09:30:00,2021-01-12 03:00:00,1.21594,1.21754,1.21387,1.21635,14832,0,14,23400.0,0.0003453549790109,0.0015954097844276,0.2164678832873503,0.0,0.8247751853813853,-1.067052896087145,0.211348641253985,1.8918280814685304,0.211348641253985,99.77281042300588,,0.34
2021-01-12 13:00:00,2021-01-12 10:00:00,1.21635,1.21791,1.21408,1.21495,13763,0,7,10800.0,-0.0011516473941792,0.0015888780330924,-0.7248179974757617,0.0,0.8071894520158499,-1.1745641385102357,-0.724400790270667,1.9817535905260857,-0.724400790270667,99.65835288222966,,0.34
2021-01-12 16:30:00,2021-01-12 13:30:00,1.21494,1.21647,1.21372,1.21513,15396,0,7,10800.0,0.0001481432712744,0.0015245073451823,0.0971745211609717,0.0,0.8260514138894467,-0.658681519571963,0.1025815481301325,1.4847329334614097,0.1025815481301325,99.673697916096,,0.34
2021-01-12 20:00:00,2021-01-12 17:00:00,1.21512,1.21833,1.21491,1.21833,13674,0,7,10800.0,0.0026300015981431,0.0015829927252166,1.661411045198091,0.0,1.668810195079311,-0.1091744987435311,1.668810195079311,1.7779846938228423,1.668810195079311,99.93605484309568,,0.34
2021-01-13 02:00:00,2021-01-12 20:30:00,1.21833,1.2216,1.21821,1.22103,13240,0,12,19800.0,0.0022136962995225,0.0016643351579787,1.330078433367329,0.0,1.6126570772402469,-0.0591800762289476,1.3315517151525265,1.6718371534691945,1.3315517151525265,100.1460903375962,,0.34
2021-01-13 09:30:00,2021-01-13 02:30:00,1.22102,1.22229,1.22027,1.22031,13641,0,15,25200.0,-0.0005898400229994,0.0016620445292643,-0.3548882190662887,0.0,0.6258039328868666,-0.3695692517048261,-0.349858891613883,0.9953731845916928,-0.349858891613883,100.09004918940973,,0.34
2021-01-13 13:00:00,2021-01-13 10:00:00,1.22031,1.22078,1.21719,1.21758,13823,0,7,10800.0,-0.0022396425935049,0.0017173493830342,-1.3041275209520289,0.0,0.2242688878335536,-1.488763680937732,-1.3026682208205689,1.7130325687712855,-1.3026682208205689,99.88411165829628,,0.34
2021-01-13 16:30:00,2021-01-13 13:30:00,1.21758,1.21786,1.21537,1.21639,16260,0,7,10800.0,-0.0009778264274559,0.0017184482262554,-0.5690171007285281,0.0,0.133820939153951,-1.056229555464811,-0.5687389914040798,1.1900504946187618,-0.5687389914040798,99.79425696617244,,0.34
2021-01-13 19:30:00,2021-01-13 17:00:00,1.2164,1.21806,1.21399,1.21653,14236,0,6,9000.0,0.0001150880424794,0.001649504112141,0.0697712977084317,0.0,0.8273290500639955,-1.2011222955748522,0.0647908292219718,2.028451345638848,0.0647908292219718,99.80527469914855,,0.34
2021-01-14 03:00:00,2021-01-13 20:00:00,1.21653,1.21747,1.21486,1.21678,13542,0,15,25200.0,0.0002054814231474,0.0015881071483878,0.1293876319088506,0.0,0.4865474825002689,-0.8643981869952442,0.1294009261968164,1.350945669495513,0.1294009261968164,99.82570657336623,,0.34
2021-01-14 07:30:00,2021-01-14 03:30:00,1.21679,1.21691,1.21358,1.21552,13402,0,9,14400.0,-0.0010360565001919,0.001475901643035,-0.7019820765707306,0.0,0.0668202656603473,-1.7874421064158983,-0.707181144906002,1.8542623720762457,-0.707181144906002,99.71485510108896,,0.34
2021-01-14 11:30:00,2021-01-14 08:00:00,1.21552,1.21675,1.21362,1.21663,14129,0,8,12600.0,0.0009127727130864,0.0014734974876935,0.619459972419253,0.0,0.68674199008087,-1.0608209602874743,0.6197427715363314,1.7475629503683443,0.6197427715363314,99.81267533361536,,0.34
2021-01-14 15:00:00,2021-01-14 12:00:00,1.21662,1.21672,1.21112,1.21122,13875,0,7,10800.0,-0.0044566253716065,0.0016944761001045,-2.6300904281457043,0.0,0.0485075791267987,-2.6679168519742538,-2.619409272847455,2.716424431101052,-2.619409272847455,99.39735219943138,,0.34
2021-01-14 17:30:00,2021-01-14 15:30:00,1.21126,1.21391,1.2112,1.21354,14108,0,5,7200.0,0.0019135920321637,0.0017764626970438,1.0771923527288894,0.0,1.2315510135348458,-0.0278841738913308,1.0595986078715012,1.2594351874261769,1.0595986078715012,99.56745391885012,,0.34
2021-01-14 20:30:00,2021-01-14 18:00:00,1.21355,1.21784,1.21323,1.21508,14109,0,6,9000.0,0.0012682100998968,0.0016561575756222,0.7657544901307858,0.0,2.134508861308721,-0.1592174442001178,0.7612584050821244,2.293726305508839,0.7612584050821244,99.6883758276382,,0.34
2021-01-15 03:30:00,2021-01-14 21:00:00,1.21508,1.21652,1.21468,1.21509,13697,0,14,23400.0,8.229876922219281e-06,0.0016564031690602,0.0049685228064907,0.0,0.7154702282481872,-0.198741730068904,0.0049685432517556,0.9142119583170912,0.0049685432517556,99.68916041756796,,0.34
2021-01-15 10:00:00,2021-01-15 04:00:00,1.21511,1.21546,1.21178,1.21217,15528,0,13,21600.0,-0.0024060062857905,0.0017263369623364,-1.393706059872698,0.0,0.1668502570653038,-1.5874610172209112,-1.401542159348235,1.754311274286215,-1.401542159348235,99.46907735018624,,0.34
2021-01-15 14:00:00,2021-01-15 10:30:00,1.21217,1.21444,1.21154,1.21212,13519,0,8,12600.0,-4.124919049043462e-05,0.0017027658094557,-0.0242248172128958,0.0,1.0997840187106442,-0.3052264016685493,-0.024224317592689,1.4050104203791935,-0.024224317592689,99.46525195813804,,0.34
2021-01-15 17:00:00,2021-01-15 14:30:00,1.21212,1.21329,1.20817,1.20855,16862,0,6,9000.0,-0.0029495987377785,0.001768632348322,-1.6677285929870789,0.0,0.5457612296680159,-1.8425272283666023,-1.6652714443718242,2.3882884580346184,-1.6652714443718242,99.20189741382453,,0.34
2021-01-15 20:30:00,2021-01-15 17:30:00,1.20855,1.21003,1.20776,1.20807,13958,0,7,10800.0,-0.0003972490555505,0.0017658211350381,-0.2249656251520427,0.0,0.6935062544131054,-0.3701823925583974,-0.2249209473772515,1.063688646971503,-0.2249209473772515,99.16637261683582,,0.34
2021-01-18 03:30:00,2021-01-15 21:00:00,1.20807,1.20864,1.20649,1.20789,13570,0,14,196200.0,-0.0001490090898302,0.0017594028835969,-0.0846929894337649,0.0,0.268174485825946,-0.7433608554473721,-0.0846866797345477,1.011535341273318,-0.0846866797345477,99.15299856800516,,0.34
2021-01-18 10:00:00,2021-01-18 04:00:00,1.20789,1.20867,1.20655,1.20714,14403,0,13,21600.0,-0.0006211103167341,0.0017506416069176,-0.354790103399682,0.0,0.3688671420835114,-0.6336948338357248,-0.3546799443110807,1.002561975919236,-0.3546799443110807,99.0969729134708,,0.34
2021-01-18 14:30:00,2021-01-18 10:30:00,1.20714,1.20798,1.20536,1.20562,13485,0,9,14400.0,-0.0012599680043483,0.0017590146470669,-0.7162919344925808,0.0,0.3955962710891431,-0.838287336355341,-0.7158408714944755,1.233883607444484,-0.7158408714944755,98.98386174130708,,0.34
2021-01-18 21:30:00,2021-01-18 15:00:00,1.2056,1.2082,1.20548,1.20789,13197,0,14,23400.0,0.0018810783210824,0.0016981969348799,1.1076915064715054,0.0,1.269936647081766,-0.0586124606344946,1.1185211237758437,1.3285491077162608,1.1185211237758437,99.15877964650666,,0.34
2021-01-19 07:00:00,2021-01-18 22:00:00,1.20789,1.20985,1.20739,1.20953,13085,0,19,32400.0,0.0013568186344098,0.0016377125505839,0.8284839936813371,0.0,0.990811430785408,-0.2527580180574505,0.8290462992285723,1.2435694488428584,0.8290462992285723,99.2896073036833,,0.34
2021-01-19 11:30:00,2021-01-19 07:30:00,1.20954,1.21227,1.20854,1.21183,14234,0,9,14400.0,0.0018997593845948,0.001720879524215,1.1039467655130817,0.0,1.311571420222843,-0.4804290916567905,1.1001826198938809,1.7920005118796334,1.1001826198938809,99.46393386892936,,0.34
2021-01-19 15:30:00,2021-01-19 12:00:00,1.21184,1.21412,1.21183,1.21359,13312,0,8,12600.0,0.0014512952881709,0.001705255253848,0.8510721693400564,0.0,1.1033166378000543,-0.0048391080605581,0.8468439105920854,1.1081557458606128,0.8468439105920854,99.59832847262985,,0.34
2021-01-19 18:30:00,2021-01-19 16:00:00,1.21356,1.21449,1.21158,1.21248,13281,0,6,9000.0,-0.0009150602228735,0.0017037359885469,-0.5370903878446361,0.0,0.4497999450334114,-0.9576385926516164,-0.5223483232645375,1.4074385376850278,-0.5223483232645375,99.5135153951658,,0.34
2021-01-20 03:00:00,2021-01-19 19:00:00,1.21248,1.21465,1.21169,1.21374,14009,0,17,28800.0,0.0010386528124192,0.0017240079897208,0.6024640364847716,0.0,1.0381159794380763,-0.37793162385076,0.6027770203189001,1.4160476032888365,0.6027770203189001,99.60865176355388,,0.34
2021-01-20 10:00:00,2021-01-20 03:30:00,1.21378,1.21582,1.21372,1.21425,13369,0,14,23400.0,0.0004201005831988,0.0017267722201288,0.2432866236216734,0.0,0.9733188561350936,-0.028627025180528,0.2242450305801498,1.0019458813156217,0.2242450305801498,99.64706966810436,,0.34
2021-01-20 13:30:00,2021-01-20 10:30:00,1.21424,1.21432,1.21115,1.21122,13852,0,7,10800.0,-0.0024984861294629,0.001797817318153,-1.3897330414136837,0.0,0.0366471235125959,-1.4154951456726208,-1.3834289125991248,1.4521422691852168,-1.3834289125991248,99.4276139884584,,0.34
2021-01-20 17:00:00,2021-01-20 14:00:00,1.21121,1.21149,1.20767,1.21025,15082,0,7,10800.0,-0.0008011662765875,0.0017839228563245,-0.4491036558823827,0.0,0.1295873216004028,-1.638353994518983,-0.4442993883440769,1.7679413161193855,-0.4442993883440769,99.356695081664,,0.34
2021-01-20 22:30:00,2021-01-20 17:30:00,1.21024,1.21177,1.20923,1.21072,13346,0,11,18000.0,0.0003882741264077,0.0014890508481265,0.2607527653580308,0.0,0.8490052966983593,-0.5604544769054167,0.2663546028857743,1.4094597736037762,0.2663546028857743,99.39787110154404,,0.34
2021-01-21 09:00:00,2021-01-20 23:00:00,1.21072,1.21381,1.21022,1.21276,13299,0,21,36000.0,0.00168352986765,0.0014741361247466,1.142045052277236,0.0,1.7313193135646534,-0.2801487562402009,1.1430069254601691,2.011468069804854,1.1430069254601691,99.5782138477155,,0.34
2021-01-21 13:00:00,2021-01-21 09:30:00,1.21276,1.2147,1.2115,1.21374,14140,0,8,12600.0,0.0008077478287937,0.0014562453844203,0.5546783786822083,0.0,1.0984803782968742,-0.7134460188938487,0.5549024591396322,1.8119263971907231,0.5549024591396322,99.66580428195805,,0.34
2021-01-21 16:00:00,2021-01-21 13:30:00,1.21374,1.21732,1.21353,1.21456,16466,0,6,9000.0,0.0006753696258027,0.0014653862021578,0.4608816602805607,0.0,2.012821505433859,-0.1180705352349742,0.4610373280603042,2.130892040668833,0.4610373280603042,99.73858307830176,,0.34
2021-01-21 18:30:00,2021-01-21 16:30:00,1.21455,1.21699,1.21365,1.21426,13240,0,5,7200.0,-0.0002470335401765,0.001355943444034,-0.1821857255650973,0.0,1.481606424036482,-0.5464941728004169,-0.1760925667912964,2.0281005968368992,-0.1760925667912964,99.70981374560677,,0.34
2021-01-22 02:30:00,2021-01-21 19:00:00,1.21425,1.21775,1.21358,1.2169,13136,0,16,27000.0,0.0021718036144729,0.0014331044229025,1.5154538495347007,0.0,2.011324278044173,-0.3850249332256903,1.5228598105191578,2.396349211269864,1.5228598105191578,99.94912226358184,,0.34
2021-01-22 09:30:00,2021-01-22 03:00:00,1.21693,1.21766,1.21532,1.21566,13654,0,14,23400.0,-0.0010195021766395,0.0012652299205167,-0.8057841188447491,0.0,0.474119490347244,-1.0456607937797573,-0.8248380174536082,1.5197802841270014,-0.8248380174536082,99.82187919158213,,0.34
2021-01-22 12:30:00,2021-01-22 10:00:00,1.21565,1.21894,1.21515,1.2168,13235,0,6,9000.0,0.0009373227789684,0.0012620827017581,0.742679364563557,0.0,2.144369044462087,-0.3258919520460392,0.7495514897056297,2.4702609965081264,0.7495514897056297,99.93915725855786,,0.34
2021-01-22 17:00:00,2021-01-22 13:00:00,1.21681,1.21872,1.21543,1.21784,13997,0,9,14400.0,0.0008543358059155,0.0012607245809559,0.6776545954769178,0.0,1.24506027440795,-0.8995723448601162,0.6714199385551013,2.1446326192680663,0.6714199385551013,100.04616712691669,,0.34
2021-01-25 01:00:00,2021-01-22 17:30:00,1.21784,1.21815,1.21622,1.2165,13049,0,16,199800.0,-0.0011009145274214,0.0012856996259248,-0.8562766179771876,0.0,0.1979848422662005,-1.0346304660361367,-0.8558054472151758,1.2326153083023372,-0.8558054472151758,99.91095067774026,,0.34
2021-01-25 10:00:00,2021-01-25 01:30:00,1.21651,1.21833,1.21602,1.21768,14684,0,18,30600.0,0.0009695257478342,0.0012309458099508,0.7876266688563998,0.0,1.2153931108714855,-0.3272212221577874,0.7813241427032037,1.5426143330292728,0.7813241427032037,100.03532646846428,,0.34
2021-01-25 14:30:00,2021-01-25 10:30:00,1.21768,1.21771,1.21402,1.21534,13077,0,9,14400.0,-0.0019235359524361,0.0012980554070955,-1.4818596663297667,0.0,0.0189799406990773,-2.315552765289397,-1.4804353745292935,2.3345327059884746,-1.4804353745292935,99.80132287890908,,0.34
2021-01-25 17:30:00,2021-01-25 15:00:00,1.21535,1.21536,1.2116,1.21302,13049,0,6,9000.0,-0.001910755164685,0.0013630338351749,-1.401839862940611,0.0,0.0060365944212852,-2.263722907967101,-1.4065265001502212,2.2697595023883865,-1.4065265001502212,99.57995538550657,,0.34
2021-01-26 00:30:00,2021-01-25 18:00:00,1.21302,1.21477,1.21196,1.21419,13487,0,14,23400.0,0.0009640699326547,0.0013148049613826,0.7332417818387879,0.0,1.0972579926040753,-0.6646248412345377,0.733595343626692,1.761882833838613,0.733595343626692,99.69574314386232,,0.34
2021-01-26 10:00:00,2021-01-26 01:00:00,1.21419,1.2146,1.21078,1.21259,14033,0,19,32400.0,-0.0013186199258558,0.0013105506302025,-1.0061571796368072,0.0,0.2576578635517825,-2.1429593041744144,-1.0054941016653292,2.400617167726197,-1.0054941016653292,99.53685873865078,,0.34
2021-01-26 14:30:00,2021-01-26 10:30:00,1.21259,1.21489,1.21208,1.21443,14167,0,9,14400.0,0.0015162630324609,0.0013377099806983,1.1334766536386596,0.0,1.4179205156223316,-0.3144084621597451,1.13433641249792,1.7323289777820765,1.13433641249792,99.71584843089704,,0.34
2021-01-26 18:00:00,2021-01-26 15:00:00,1.21443,1.2176,1.21407,1.21618,13495,0,7,10800.0,0.0014399679935377,0.0013557296868223,1.0621350314404063,0.0,1.9253676438692584,-0.218653738736032,1.0629001188552545,2.1440213826052905,1.0629001188552545,99.88357241691048,,0.34
2021-01-27 03:30:00,2021-01-26 18:30:00,1.21619,1.21696,1.21399,1.21608,13573,0,19,32400.0,-8.222805132374033e-05,0.0013541476142366,-0.0607231076281837,0.0,0.4675448612918504,-1.3358424608340895,-0.0667921230417314,1.80338732212594,-0.0667921230417314,99.87398350273946,,0.34
2021-01-27 11:00:00,2021-01-27 04:00:00,1.21608,1.21659,1.21194,1.21239,14275,0,15,25200.0,-0.003038952789068,0.0014123550311946,-2.1516918352302623,0.0,0.2969368853188662,-2.410428833764884,-2.148425699659971,2.7073657190837497,-2.148425699659971,99.53420530072684,,0.34
2021-01-27 15:00:00,2021-01-27 11:30:00,1.21236,1.21333,1.21044,1.21149,13825,0,8,12600.0,-0.0007426110544749,0.0014105610449737,-0.526465024056327,0.0,0.5672157079992348,-1.122736246761167,-0.5087398618136315,1.6899519547604018,-0.5087398618136315,99.45107009689907,,0.34
2021-01-27 17:00:00,2021-01-27 15:30:00,1.21145,1.21148,1.20586,1.20758,13854,0,4,5400.0,-0.0032326500721071,0.0015864307040925,-2.0376875357794604,0.0,0.0156097034948437,-2.908608084541687,-2.0136517508364635,2.9242177880365308,-2.0136517508364635,99.12929455458656,,0.34
2021-01-27 20:30:00,2021-01-27 17:30:00,1.20757,1.21202,1.20731,1.21199,14146,0,7,10800.0,0.0036452798500254,0.0017560316326606,2.07586229212864,0.0,2.0985308637340325,-0.1226107920383628,2.084383464652796,2.2211416557723958,2.084383464652796,99.45709835329818,,0.34
2021-01-27 23:00:00,2021-01-27 21:00:00,1.212,1.21288,1.20933,1.2113,13449,0,5,7200.0,-0.0005694737473825,0.0017483651302398,-0.3257178592348307,0.0,0.4152865981496065,-1.2600172921129988,-0.3303416121644264,1.6753038902626054,-0.3303416121644264,99.40566355823962,,0.34
2021-01-28 05:30:00,2021-01-27 23:30:00,1.21132,1.21137,1.20825,1.2091,13168,0,13,21600.0,-0.0018178818425553,0.0017787467563318,-1.022001494076798,0.0,0.0232058240657722,-1.4248375976353642,-1.030338588518061,1.4480434217011364,-1.030338588518061,99.24427714387214,,0.34
2021-01-28 10:30:00,2021-01-28 06:00:00,1.2091,1.21133,1.20805,1.20909,15436,0,10,16200.0,-8.27064870842093e-06,0.0017793941851907,-0.0046480137887683,0.0,1.036502788608879,-0.4880394296140539,-0.0046479945677833,1.524542218222933,-0.0046479945677833,99.24354316619828,,0.34
2021-01-28 14:00:00,2021-01-28 11:00:00,1.20909,1.21174,1.20906,1.21101,14297,0,7,10800.0,0.0015867116258208,0.0017425448303598,0.9105714803866234,0.0,1.257775945295906,-0.0142389729656017,0.9112942697992464,1.2720149182615077,0.9112942697992464,99.38733343176696,,0.34
2021-01-28 16:30:00,2021-01-28 14:30:00,1.21101,1.21421,1.2088,1.21295,14845,0,5,7200.0,0.0016006868217479,0.0017791722772611,0.8996806223914537,0.0,1.485197625066628,-1.0257146098115286,0.900401060196642,2.5109122348781567,0.900401060196642,99.52940389894846,,0.34
2021-01-28 20:00:00,2021-01-28 17:00:00,1.21295,1.21417,1.21188,1.21305,13520,0,7,10800.0,8.244023087943089e-05,0.001762840416152,0.0467655665958583,0.0,0.5705634308361628,-0.500412189339869,0.0467674943308279,1.0709756201760317,0.0467674943308279,99.53678874833714,,0.34
2021-01-29 04:30:00,2021-01-28 20:30:00,1.21305,1.21399,1.2102,1.21043,13406,0,17,28800.0,-0.0021621808479655,0.0018006374041825,-1.200786367618022,0.0,0.4303510669625656,-1.3047878094078698,-1.1994891440871551,1.7351388763704354,-1.1994891440871551,99.34717003700024,,0.34
2021-01-29 10:30:00,2021-01-29 05:00:00,1.21043,1.21194,1.20944,1.21171,13810,0,12,19800.0,0.0010569167093186,0.0018150367089324,0.5823114783944551,0.0,0.687308722223699,-0.4506196258288336,0.5826193142028854,1.1379283480525326,0.5826193142028854,99.43912407237865,,0.34
2021-01-29 14:00:00,2021-01-29 11:00:00,1.21171,1.21449,1.21059,1.21437,15125,0,7,10800.0,0.0021928387076214,0.0018760144900224,1.1688815407791155,0.0,1.2229534186046087,-0.4927006578550976,1.1701640624057958,1.7156540764597064,1.1701640624057958,99.62370462512732,,0.34
2021-01-29 16:30:00,2021-01-29 14:30:00,1.21439,1.21558,1.21263,1.21468,15204,0,5,7200.0,0.000255243820986,0.0018294382568887,0.1395203254468546,0.0,0.5356375591424991,-0.7922034488157735,0.1305335228161922,1.3278410079582723,0.1305335228161922,99.64573657438156,,0.34
2021-01-29 19:00:00,2021-01-29 17:00:00,1.21467,1.2155,1.2125,1.21363,13960,0,5,7200.0,-0.000864799029316,0.0017872214561561,-0.4838790550198404,0.0,0.3823326767325658,-0.9995926608548934,-0.4790674503636021,1.3819253375874592,-0.4790674503636021,99.5693262108647,,0.34
2021-02-01 01:30:00,2021-01-29 19:30:00,1.21361,1.21391,1.21206,1.21227,13415,0,13,194400.0,-0.0011212334741569,0.0017903865807975,-0.6262521659749358,0.0,0.1380687186198815,-0.7133550462028746,-0.6167069431689268,0.8514237648227562,-0.6167069431689268,99.470433408709,,0.34
2021-02-01 09:30:00,2021-02-01 02:00:00,1.21227,1.21364,1.21201,1.21285,13667,0,16,27000.0,0.0004783268548017,0.0017698819696905,0.2702591828117214,0.0,0.6385235276667448,-0.1211796475863472,0.2703238292311698,0.7597031752530921,0.2703238292311698,99.51311060704644,,0.34
2021-02-01 12:30:00,2021-02-01 10:00:00,1.21285,1.21308,1.20696,1.20797,13740,0,6,9000.0,-0.0040316972019357,0.0019473685637845,-2.0703308438442627,0.0,0.0973806319424333,-2.4937909658306343,-2.0661629733877054,2.591171597773068,-2.0661629733877054,99.18618029101566,,0.34
2021-02-01 16:30:00,2021-02-01 13:00:00,1.20798,1.20992,1.20722,1.20869,14917,0,8,12600.0,0.0005958637303577,0.0019173495097943,0.3107747060793784,0.0,0.8376077735869483,-0.3281350040856778,0.3065471748694719,1.165742777672626,0.3065471748694719,99.23525538119992,,0.34
2021-02-01 20:30:00,2021-02-01 17:00:00,1.20867,1.20984,1.20616,1.20677,13394,0,8,12600.0,-0.001589759635327,0.0019374969209868,-0.8205224060523112,0.0,0.4996168742468861,-1.07182765329868,-0.8113436419392184,1.5714445275455664,-0.8113436419392184,99.10568495514042,,0.34
2021-02-02 05:30:00,2021-02-01 21:00:00,1.20678,1.20876,1.20562,1.20814,13757,0,18,30600.0,0.0011346179749747,0.0018597206176903,0.6101013045625356,0.0,0.8822453548088509,-0.5168710159486177,0.6059867083535382,1.3991163707574688,0.6059867083535382,99.20202734066034,,0.34
2021-02-02 11:30:00,2021-02-02 06:00:00,1.20819,1.20872,1.20639,1.20669,13549,0,12,19800.0,-0.0012009128379759,0.0018698710129435,-0.642243678661808,0.0,0.2346005271378326,-0.7967565072606952,-0.6639637560505958,1.031357034398528,-0.6639637560505958,99.10060928496264,,0.34
2021-02-02 15:30:00,2021-02-02 12:00:00,1.2067,1.20696,1.20262,1.2048,13983,0,8,12600.0,-0.0015674959356947,0.001761598700316,-0.8898144256200479,0.0,0.1223114328967843,-1.919348639303964,-0.8938143173229119,2.041660072200748,-0.8938143173229119,98.96009680975044,,0.34
2021-02-02 18:30:00,2021-02-02 16:00:00,1.2048,1.20491,1.20187,1.20192,13280,0,6,9000.0,-0.0023932999058406,0.0015925188177641,-1.5028393254409111,0.0,0.0573314800458181,-1.527102150313716,-1.501042386656547,1.584433630359534,-1.501042386656547,98.72278027791654,,0.34
2021-02-03 03:00:00,2021-02-02 19:00:00,1.20192,1.205,1.20117,1.20467,13688,0,17,28800.0,0.0022853923576026,0.0017023100333716,1.3425241658689833,0.0,1.5053465643359092,-0.3665616633933667,1.3440594324427064,1.871908227729276,1.3440594324427064,98.93478110432142,,0.34
2021-02-03 10:30:00,2021-02-03 03:30:00,1.20467,1.20479,1.20275,1.20314,13271,0,15,25200.0,-0.0012708645664939,0.0016804604714433,-0.7562597205290971,0.0,0.0592768135055926,-0.9484290160884952,-0.7557793721955659,1.007705829594088,-0.7557793721955659,98.81535853465384,,0.34
2021-02-03 15:30:00,2021-02-03 11:00:00,1.20313,1.20317,1.20049,1.20171,13748,0,10,16200.0,-0.0011892635037884,0.0016923350094643,-0.7027352723530079,0.0,0.0196454099768093,-1.29659705846811,-0.6974120541760239,1.3162424684449194,-0.6974120541760239,98.70438812363984,,0.34
2021-02-03 20:00:00,2021-02-03 16:00:00,1.20171,1.20325,1.20042,1.2023,13825,0,9,14400.0,0.0004908465537545,0.0016449003897034,0.2984050321995751,0.0,0.7790788996194519,-0.6526050522786916,0.2984782797242931,1.4316839518981437,0.2984782797242931,98.75150989249737,,0.34
2021-02-04 07:00:00,2021-02-03 20:30:00,1.20228,1.20428,1.20133,1.20145,13108,0,22,37800.0,-0.0007072283186096,0.0015797063098937,-0.4476960775431435,0.0,1.053047642361139,-0.500197630121544,-0.4370147715799293,1.5532452724826828,-0.4370147715799293,98.68081325937123,,0.34
2021-02-04 12:00:00,2021-02-04 07:30:00,1.20144,1.20175,1.19832,1.19935,14347,0,10,16200.0,-0.0017494173072148,0.0015985976572753,-1.094344971202145,0.0,0.1614062823833171,-1.6244761323738668,-1.088190742519746,1.785882414757184,-1.088190742519746,98.50800293374354,,0.34
2021-02-04 16:30:00,2021-02-04 12:30:00,1.19936,1.1998,1.19759,1.1981,13814,0,9,14400.0,-0.0010427747091856,0.0015589454573119,-0.6688974936837755,0.0,0.2353272366608226,-0.9466572929310716,-0.673891632256019,1.181984529591894,-0.673891632256019,98.40237591782362,,0.34
2021-02-04 22:30:00,2021-02-04 17:00:00,1.19809,1.19843,1.19574,1.19657,13223,0,12,19800.0,-0.0012778380388036,0.0015222674517276,-0.8394307040811745,0.0,0.1864225791435345,-1.288509002903856,-0.833418589112358,1.4749315820473905,-0.833418589112358,98.2698196424886,,0.34
2021-02-05 05:30:00,2021-02-04 23:00:00,1.1966,1.19717,1.19522,1.19548,13161,0,14,23400.0,-0.0009113522505322,0.0013700911722026,-0.6651763539700211,0.0,0.3476773422287418,-0.8417451443434265,-0.6831554794671916,1.1894224865721683,-0.6831554794671916,98.16478023959982,,0.34
2021-02-05 11:00:00,2021-02-05 06:00:00,1.19548,1.19877,1.19537,1.19801,13888,0,11,18000.0,0.0021140685294482,0.0015010771733235,1.4083676489247177,0.0,1.8333718647162067,-0.0612981474524197,1.4098573914078818,1.8946700121686264,1.4098573914078818,98.3871785494736,,0.34
2021-02-05 15:30:00,2021-02-05 11:30:00,1.19802,1.20239,1.19692,1.20039,18276,0,9,14400.0,0.0019846570890659,0.0016146378058894,1.2291655019019094,0.0,2.259135351708507,-0.5686610725124929,1.2252061289586136,2.8277964242209994,1.2252061289586136,98.58127866984118,,0.34
2021-02-05 18:00:00,2021-02-05 16:00:00,1.20038,1.20338,1.20007,1.20257,14071,0,5,7200.0,0.0018144293688404,0.0016914392634978,1.0727132850683585,0.0,1.4775633023796242,-0.1526815412459047,1.0786212107370423,1.6302448436255288,1.0786212107370423,98.750673090226,,0.34
2021-02-08 01:30:00,2021-02-05 18:30:00,1.20258,1.20553,1.20249,1.20486,13254,0,15,198000.0,0.0019024442585513,0.0017590600714745,1.0815118195233475,0.0,1.3945284164609342,-0.0425449347394498,1.0778050134003403,1.4370733512003842,1.0778050134003403,98.92145690576886,,0.34
2021-02-08 08:30:00,2021-02-08 02:00:00,1.20487,1.20527,1.20298,1.20391,13694,0,14,23400.0,-0.0007887843582043,0.0015351454450853,-0.5138173459261135,0.0,0.2162570487709788,-1.0218145554430793,-0.5190169170504454,1.2380716042140585,-0.5190169170504454,98.8403189235062,,0.34
2021-02-08 13:00:00,2021-02-08 09:00:00,1.2039,1.20487,1.20232,1.20324,13061,0,9,14400.0,-0.0005566749203846,0.0015265570726504,-0.3646604050106911,0.0,0.5277986488663414,-0.8597132631017076,-0.3591207301563651,1.387511911968049,-0.3591207301563651,98.78273462879864,,0.34
2021-02-08 16:30:00,2021-02-08 13:30:00,1.20323,1.20638,1.20197,1.20564,13165,0,7,10800.0,0.0019926279383888,0.0015677282427962,1.2710289219735356,0.0,1.6699025193194337,-0.6679610077277969,1.2776079592253622,2.3378635270472303,1.2776079592253622,98.98344549024408,,0.34
2021-02-08 21:30:00,2021-02-08 17:00:00,1.20564,1.20661,1.20332,1.20555,13847,0,10,16200.0,-7.46519353860753e-05,0.0015428864978974,-0.0483845930908122,0.0,0.5214589279997848,-1.2472007350099568,-0.0483827871339637,1.7686596630097415,-0.0483827871339637,98.97580497696224,,0.34
2021-02-09 04:00:00,2021-02-08 22:00:00,1.20555,1.20781,1.20472,1.20769,13352,0,13,21600.0,0.0017735497181743,0.0015749476001659,1.1261007782020782,0.0,1.190301833967491,-0.4371462487580432,1.1270999666771164,1.627448082725534,1.1270999666771164,99.15362992914066,,0.34
2021-02-09 10:00:00,2021-02-09 04:30:00,1.20769,1.20869,1.20674,1.20685,14864,0,12,19800.0,-0.0006957847324028,0.0015397472082323,-0.4518824445225955,0.0,0.5377681839572716,-0.5108797747593542,-0.4517252745240316,1.0486479587166255,-0.4517252745240316,99.08227221796334,,0.34
2021-02-09 13:00:00,2021-02-09 10:30:00,1.20685,1.21165,1.20685,1.21002,13342,0,6,9000.0,0.002623229067197,0.0015232915417041,1.7220794545096014,0.0,2.610988217457236,0.0,1.724340135279064,2.610988217457236,1.724340135279064,99.35420942160734,,0.34
2021-02-09 17:00:00,2021-02-09 13:30:00,1.21,1.21071,1.20886,1.20971,13674,0,8,12600.0,-0.0002562269358118,0.0014566485415712,-0.1759016869885874,0.0,0.4028266549947388,-0.6467920939351789,-0.1645348309132907,1.0496187489299176,-0.1645348309132907,99.32643241471564,,0.34
2021-02-10 00:30:00,2021-02-09 17:30:00,1.20973,1.21221,1.20923,1.21186,13229,0,15,25200.0,0.001775707962138,0.0014530674458007,1.2220409777052792,0.0,1.4108390017743972,-0.2844433471318993,1.2117286587820046,1.6952823489062965,1.2117286587820046,99.51940748642058,,0.34
2021-02-10 11:00:00,2021-02-10 01:00:00,1.21187,1.2144,1.21088,1.21233,14659,0,21,36000.0,0.0003877583901334,0.0014065541629508,0.2756796718869272,0.0,1.48425331012774,-0.5807947735282913,0.2698642382049962,2.0650480836560314,0.2698642382049962,99.5629406456358,,0.34
2021-02-10 15:30:00,2021-02-10 11:30:00,1.21234,1.21395,1.21131,1.21284,13358,0,9,14400.0,0.0004205890783062,0.0014065080372914,0.299030696700612,0.0,0.9441896234730276,-0.6040467777497037,0.2932265911406392,1.5482364012227312,0.2932265911406392,99.61016121449605,,0.34
2021-02-10 19:00:00,2021-02-10 16:00:00,1.21284,1.21395,1.2123,1.21325,13460,0,7,10800.0,0.000337992410754,0.0013809640425985,0.2447510581941197,0.0,0.6627307111919462,-0.3224095351744029,0.2447924248546589,0.9851402463663492,0.2447924248546589,99.64881037100268,,0.34
2021-02-11 08:30:00,2021-02-10 19:30:00,1.21324,1.21384,1.21135,1.21294,13331,0,27,46800.0,-0.0002555447031658,0.0012910091485569,-0.1979418220633836,0.0,0.3830674142539709,-1.206662354900249,-0.1915337071271272,1.58972976915422,-0.1915337071271272,99.6175529598332,,0.34
2021-02-11 14:30:00,2021-02-11 09:00:00,1.21295,1.21361,1.2118,1.2135,13925,0,12,19800.0,0.0004615815844963,0.0012351196464512,0.3737140655341071,0.0,0.4405467551875844,-0.7676193461600525,0.367122295989629,1.2081661013476368,0.367122295989629,99.67656693719508,,0.34
2021-02-11 18:00:00,2021-02-11 15:00:00,1.2135,1.21493,1.21275,1.21289,13728,0,7,10800.0,-0.0005028045885873,0.0011828810359425,-0.4250677568659479,0.0,0.9962198423339524,-0.5224929243010282,-0.4249609117648198,1.518712766634981,-0.4249609117648198,99.60944358997747,,0.34
2021-02-12 00:30:00,2021-02-11 18:30:00,1.21289,1.21372,1.21214,1.21315,13084,0,13,21600.0,0.0002143410669199,0.0011288561466449,0.1898745624559753,0.0,0.6062029910791954,-0.5477737871198506,0.1898949128681543,1.153976778199046,0.1898949128681543,99.63942708314453,,0.34
2021-02-12 08:30:00,2021-02-12 01:00:00,1.21315,1.21332,1.21186,1.21253,13454,0,16,27000.0,-0.000511196871394,0.0011124029266848,-0.4595429040424238,0.0,0.1259714986342705,-0.9559013719894552,-0.4594254656072139,1.081872870623726,-0.4594254656072139,99.56685969262575,,0.34
2021-02-12 13:00:00,2021-02-12 09:00:00,1.21255,1.2127,1.20966,1.21006,14769,0,9,14400.0,-0.002039140635332,0.0012089276187447,-1.6867350896072002,0.0,0.1023272502007376,-1.9715050205359288,-1.6986323533337595,2.0738322707366663,-1.6986323533337595,99.3005037922898,,0.34
2021-02-12 17:00:00,2021-02-12 13:30:00,1.21005,1.21148,1.20815,1.21003,13476,0,8,12600.0,-2.479246639713311e-05,0.0011649175814972,-0.0212825926837389,0.0,1.0144660593541197,-1.3478919669741836,-0.0141883364945579,2.362358026328303,-0.0141883364945579,99.29714301313086,,0.34
2021-02-15 00:30:00,2021-02-12 17:30:00,1.21003,1.21289,1.20982,1.21229,13295,0,15,198000.0,0.0018659802633464,0.0011623184250158,1.6053950648859032,0.0,2.033502792061976,-0.1493131420743493,1.606893814706376,2.182815934136325,1.606893814706376,99.55065433837532,,0.34
2021-02-15 09:30:00,2021-02-15 01:00:00,1.21229,1.21404,1.21167,1.21332,13146,0,18,30600.0,0.000849270956096,0.0011384796210781,0.745969396704516,0.0,1.2679620777372091,-0.4492208503983935,0.7462862514681226,1.7171829281356028,0.7462862514681226,99.66845194127488,,0.34
2021-02-15 14:30:00,2021-02-15 10:00:00,1.21331,1.21452,1.21241,1.21304,13825,0,10,16200.0,-0.0002307983986242,0.0011264973888298,-0.2048814324052288,0.0,0.8852856078033957,-0.658476898366005,-0.1975430695098177,1.5437625061694007,-0.1975430695098177,99.63609868158008,,0.34
2021-02-16 01:00:00,2021-02-15 15:00:00,1.21305,1.2138,1.21208,1.21288,13256,0,21,36000.0,-0.0001319087193575,0.0010675954205423,-0.1235568426197513,0.0,0.5791297282940625,-0.7490077819268938,-0.1312694050799852,1.3281375102209565,-0.1312694050799852,99.61658755961348,,0.34
2021-02-16 09:00:00,2021-02-16 01:30:00,1.21287,1.21504,1.21286,1.21325,13203,0,16,27000.0,0.0003050125119993,0.001063964317384,0.2866755087701807,0.0,1.6815834202278876,-0.0077492323513313,0.294470829348526,1.6893326525792192,0.294470829348526,99.6618570946538,,0.34
2021-02-16 13:30:00,2021-02-16 09:30:00,1.21326,1.2168,1.21283,1.21652,13658,0,9,14400.0,0.0026916144114089,0.0011466434746297,2.3473856267991766,0.0,2.5446085293267937,-0.3090908665565858,2.3433400580805706,2.853699395883379,2.3433400580805706,100.03253771659276,,0.34
2021-02-16 16:00:00,2021-02-16 14:00:00,1.2165,1.21694,1.21002,1.21031,13044,0,5,7200.0,-0.0051177985720325,0.0016691071246006,-3.0661893994711966,0.0,0.2166987231222103,-3.1913811950724926,-3.048557036651083,3.408079918194703,-3.048557036651083,99.54834927281824,,0.34
2021-02-16 18:30:00,2021-02-16 16:30:00,1.21035,1.21237,1.20949,1.2107,14390,0,5,7200.0,0.0003221795889927,0.0015652297691812,0.2058353318703474,0.0,1.0662579830704335,-0.4539514185350009,0.1847476703340324,1.5202094016054346,0.1847476703340324,99.5808531647922,,0.34
2021-02-17 02:00:00,2021-02-16 19:00:00,1.2107,1.21179,1.2086,1.20912,13312,0,15,25200.0,-0.0013058824412849,0.0015926227889685,-0.8199571488806273,0.0,0.565297454338633,-1.0891051872580986,-0.8194219980323583,1.6544026415967314,-0.8194219980323583,99.45137199968649,,0.34
2021-02-17 08:30:00,2021-02-17 02:30:00,1.20912,1.20982,1.20832,1.20864,13395,0,13,21600.0,-0.0003970617483176,0.0015364856730758,-0.2584220310514364,0.0,0.3767906524221681,-0.4306178884823413,-0.2583707330894526,0.8074085409045094,-0.2583707330894526,99.41056403098324,,0.34
2021-02-17 12:00:00,2021-02-17 09:00:00,1.20864,1.20867,1.20594,1.20618,14710,0,7,10800.0,-0.0020374196428479,0.0015880537415278,-1.2829664321610037,0.0,0.0156300042538878,-1.4067003828510594,-1.2816603488198413,1.4223303871049473,-1.2816603488198413,99.2079680920924,,0.34
2021-02-17 16:00:00,2021-02-17 12:30:00,1.20619,1.20693,1.20304,1.2042,16043,0,8,12600.0,-0.0016428948508966,0.0016087956446555,-1.0211954864214068,0.0,0.3813424164786184,-1.623281907983382,-1.0255019037737148,2.004624324462001,-1.0255019037737148,99.04670895609604,,0.34
2021-02-17 19:00:00,2021-02-17 16:30:00,1.20419,1.20476,1.20234,1.20399,13815,0,6,9000.0,-0.0001744048439136,0.0016011996991757,-0.1089213569071863,0.0,0.2956203585982873,-0.9594695849244014,-0.1037264416134301,1.2550899435226888,-0.1037264416134301,99.02950895458804,,0.34
2021-02-18 04:00:00,2021-02-17 19:30:00,1.20399,1.205,1.20344,1.20428,13682,0,18,30600.0,0.0002408367844151,0.0016071167319039,0.1498564352135185,0.0,0.5219766446710298,-0.2842447074941637,0.1498744821332216,0.8062213521651935,0.1498744821332216,99.05317310076512,,0.34
2021-02-18 11:00:00,2021-02-18 04:30:00,1.20431,1.20706,1.20356,1.20664,14463,0,14,23400.0,0.0019577594891478,0.0016804377750779,1.1650294454117056,0.0,1.358851398495237,-0.3705958359532564,1.1513177303613784,1.7294472344484937,1.1513177303613784,99.23714536099882,,0.34
2021-02-18 15:00:00,2021-02-18 11:30:00,1.20666,1.20867,1.20624,1.20824,14035,0,8,12600.0,0.0013251177980894,0.0017171868056723,0.7716794665042628,0.0,0.9700488344760216,-0.2026967713831068,0.7625259494886316,1.1727456058591286,0.7625259494886316,99.3590028953194,,0.34
2021-02-18 17:30:00,2021-02-18 15:30:00,1.20824,1.20897,1.20619,1.20721,14892,0,5,7200.0,-0.000852843207212,0.0017204713239145,-0.4957032386169875,0.0,0.3511738851371877,-0.9861732390839668,-0.4954919201251843,1.3373471242211543,-0.4954919201251843,99.28072534999838,,0.34
2021-02-19 02:30:00,2021-02-18 18:00:00,1.20722,1.20983,1.20705,1.20973,13691,0,18,30600.0,0.0020852821445004,0.0017956797905509,1.1612772808790348,0.0,1.2039964063125983,-0.0784212218671056,1.1578662758025424,1.2824176281797044,1.1578662758025424,99.46410509800629,,0.34
2021-02-19 09:30:00,2021-02-19 03:00:00,1.20973,1.21134,1.20823,1.21094,13762,0,14,23400.0,0.0009997233003899,0.0017523971872145,0.5704889894162588,0.0,0.7594599525281142,-0.7075713843429413,0.5707742500365862,1.4670313368710557,0.5707742500365862,99.55419221918136,,0.34
2021-02-19 13:00:00,2021-02-19 10:00:00,1.21095,1.21443,1.21085,1.21391,13968,0,7,10800.0,0.002449637284928,0.0018333332594229,1.3361658456461254,0.0,1.5675146741869288,-0.0450435251203071,1.3332883435612717,1.612558199307236,1.3332883435612717,99.76518898981128,,0.34
2021-02-19 16:30:00,2021-02-19 13:30:00,1.21391,1.21427,1.21175,1.21261,13114,0,7,10800.0,-0.0010714934345295,0.0018069498531164,-0.5929845992580036,0.0,0.1641231756394421,-0.9847390538369564,-0.5926670231426041,1.1488622294763984,-0.5926670231426041,99.671549539376,,0.34
2021-02-19 22:00:00,2021-02-19 17:00:00,1.21261,1.214,1.21078,1.21189,13530,0,11,18000.0,-0.0005939369116648,0.001800610064285,-0.3298531555751653,0.0,0.6366107699815279,-0.8381278482490597,-0.3297552189832616,1.4747386182305875,-0.3297552189832616,99.61946173093872,,0.34
2021-02-22 05:00:00,2021-02-19 22:30:00,1.21182,1.21355,1.21124,1.21178,13528,0,14,196200.0,-9.077143346695516e-05,0.0018001789346092,-0.0504235616370315,0.0,0.7930349213272486,-0.2658729794044193,-0.0183360675450551,1.058907900731668,-0.0183360675450551,99.6114992398275,,0.34
2021-02-22 10:30:00,2021-02-22 05:30:00,1.21178,1.21243,1.20912,1.21002,13749,0,11,18000.0,-0.0014534646212255,0.0018273180045319,-0.7954086905622707,0.0,0.2935455107157865,-1.201278551544989,-0.7948309213229611,1.4948240622607756,-0.7948309213229611,99.48589457362048,,0.34
2021-02-22 14:30:00,2021-02-22 11:00:00,1.21002,1.21443,1.20977,1.21364,13109,0,8,12600.0,0.0029872199004124,0.0019540334365619,1.528745539620037,0.0,1.865151225249803,-0.1057341964427673,1.531031164490741,1.9708854216925704,1.531031164490741,99.7273020104486,,0.34
2021-02-22 17:00:00,2021-02-22 15:00:00,1.21365,1.21544,1.21291,1.21487,14056,0,5,7200.0,0.0010129668851891,0.0018671827809285,0.542510832648839,0.0,0.78990113357429,-0.326551306617255,0.5383683703690144,1.116452440191545,0.5383683703690144,99.81297104179949,,0.34
2021-02-22 23:00:00,2021-02-22 17:30:00,1.21487,1.21694,1.21338,1.21542,13212,0,12,19800.0,0.0004526208883629,0.0014411002443331,0.3140800857835834,0.0,1.1823507900962154,-0.8510640952866361,0.3141511761125473,2.0334148853828515,0.3141511761125473,99.86256809147368,,0.34
2021-02-23 09:00:00,2021-02-22 23:30:00,1.21542,1.21771,1.21532,1.21708,14311,0,20,34200.0,0.0013648511882343,0.0014640246237205,0.9322597216744608,0.0,1.2869471800320167,-0.0561985668136159,0.932896209106124,1.3431457468456327,0.932896209106124,100.0097831930291,,0.34
2021-02-23 12:30:00,2021-02-23 09:30:00,1.21708,1.21802,1.21436,1.21469,13314,0,7,10800.0,-0.0019656470550534,0.0015080037466312,-1.3034762409872052,0.0,0.5121607670609029,-1.4819971131971583,-1.3021959928460536,1.9941578802580613,-1.3021959928460536,99.8039485069104,,0.34
2021-02-23 16:30:00,2021-02-23 13:00:00,1.21469,1.21582,1.21353,1.21422,15211,0,8,12600.0,-0.0003870048753276,0.0015077853777984,-0.2566710627561395,0.0,0.6169833724158178,-0.6333634619490905,-0.2566214026862423,1.2503468343649085,-0.2566214026862423,99.76341703730864,,0.34
2021-02-23 19:00:00,2021-02-23 17:00:00,1.21422,1.21663,1.21367,1.21489,13699,0,5,7200.0,0.0005516423850633,0.0014108681483377,0.3909949953248954,0.0,1.4068028242870494,-0.3210545864556066,0.3911028598640366,1.727857410742656,0.3911028598640366,99.8251598827906,,0.34
2021-02-24 02:30:00,2021-02-23 19:30:00,1.21488,1.2158,1.21419,1.21549,14116,0,15,25200.0,0.0004937499585986,0.0013298099328653,0.3712936310640645,0.0,0.5694621615538206,-0.4270966211653998,0.377578172334585,0.9965587827192204,0.377578172334585,99.88379164423344,,0.34
2021-02-24 06:00:00,2021-02-24 03:00:00,1.21549,1.21661,1.21474,1.21515,13125,0,7,10800.0,-0.000279761710675,0.0013326883517435,-0.2099228302768743,0.0,0.6914137796751287,-0.4630002988896086,-0.2098934688299522,1.1544140785647374,-0.2098934688299522,99.8506422867534,,0.34
2021-02-24 10:30:00,2021-02-24 06:30:00,1.21514,1.21745,1.21441,1.21683,13763,0,9,14400.0,0.0013815905288949,0.0013470887906593,1.0256120743300352,0.0,1.4112028353489832,-0.4459645323829427,1.032438437982691,1.8571673677319256,1.032438437982691,100.01259885547414,,0.34
2021-02-24 14:30:00,2021-02-24 11:00:00,1.21683,1.21744,1.215,1.21559,14065,0,8,12600.0,-0.0010195608549638,0.001344157636768,-0.758512861196322,0.0,0.3729492368666599,-1.1188477105999797,-0.7581263175650937,1.4917969474666395,-0.7581263175650937,99.89282048760523,,0.34
2021-02-24 16:30:00,2021-02-24 15:00:00,1.21557,1.21576,1.21233,1.21322,13808,0,4,5400.0,-0.0019515736119386,0.0014191500511596,-1.3751707300745677,0.0,0.1101400604508582,-1.8781778729524192,-1.3622586424191807,1.9883179334032772,-1.3622586424191807,99.67566437329803,,0.34
2021-02-24 19:00:00,2021-02-24 17:00:00,1.21322,1.21463,1.21092,1.21448,13599,0,5,7200.0,0.0010380196178571,0.0014078608411204,0.7373027131226049,0.0,0.8255052168196835,-1.3465687933936643,0.7376855129026488,2.172074010213348,0.7376855129026488,99.7920934018894,,0.34
2021-02-25 02:00:00,2021-02-24 19:30:00,1.21448,1.21743,1.21391,1.2164,13659,0,14,23400.0,0.0015796751787498,0.0013783501176631,1.1460623527409828,0.0,1.7622685919050949,-0.3405061347070609,1.1469680326975034,2.102774726612156,1.1469680326975034,99.97307052846152,,0.34
2021-02-25 09:00:00,2021-02-25 02:30:00,1.2164,1.21829,1.2156,1.21687,14342,0,14,23400.0,0.0003863114293484,0.0013681603375901,0.2823583016803754,0.0,1.135660175290398,-0.4807027196995433,0.2824128478236284,1.6163628949899411,0.2824128478236284,100.0176583242125,,0.34
2021-02-25 12:00:00,2021-02-25 09:30:00,1.21688,1.22312,1.21675,1.22286,14099,0,6,9000.0,0.0049103892937852,0.0016570698915031,2.963296430020122,0.0,3.094539353206484,-0.06446956985845,2.965600213489584,3.1590089230649343,2.965600213489584,100.485598721874,,0.34
2021-02-25 15:00:00,2021-02-25 12:30:00,1.22286,1.22376,1.22195,1.22279,14611,0,6,9000.0,-5.7244495344082805e-05,0.0016259479226294,-0.0352068442951787,0.0,0.4526464707691652,-0.4576758759999672,-0.0352058366153906,0.9103223467691324,-0.0352058366153906,100.4800391347355,,0.34
2021-02-25 17:00:00,2021-02-25 15:30:00,1.2228,1.22432,1.22089,1.22286,15601,0,4,5400.0,5.724449534411579e-05,0.0016110694059778,0.0355319858546816,0.0,0.7715674669155683,-0.9695354354002912,0.0304566105362239,1.7411029023158593,0.0304566105362239,100.48565006566436,,0.34
2021-02-25 19:00:00,2021-02-25 17:30:00,1.22285,1.22385,1.22163,1.22311,13828,0,4,5400.0,0.000204417879917,0.0016071965753635,0.1271890962502751,0.0,0.5088125488363745,-0.6207513095803068,0.1322912626974053,1.1295638584166812,0.1322912626974053,100.50573476447296,,0.34
2021-02-25 20:30:00,2021-02-25 19:30:00,1.22313,1.22326,1.21604,1.218,15095,0,3,3600.0,-0.0041866261364179,0.0018731328561004,-2.235093000895746,0.0,0.056741675036662,-3.094603661615766,-2.2391137918320214,3.151345336652428,-2.2391137918320214,100.15278650824924,,0.34
2021-02-25 23:00:00,2021-02-25 21:00:00,1.21797,1.2193,1.21627,1.21702,13786,0,5,7200.0,-0.0008049215636107,0.0017794438439731,-0.4523444593865286,0.0,0.6136641640975526,-0.7843827661397136,-0.4383315457839515,1.3980469302372662,-0.4383315457839515,100.081355839329,,0.34
2021-02-26 03:00:00,2021-02-25 23:30:00,1.21701,1.21828,1.21371,1.21536,15780,0,8,12600.0,-0.0013649185223652,0.0017973298071921,-0.7594146143370096,0.0,0.5806063714798663,-1.5086622251049755,-0.7543311125524879,2.089268596584842,-0.7543311125524879,99.96143507371715,,0.34
2021-02-26 06:30:00,2021-02-26 03:30:00,1.21537,1.21826,1.2145,1.21549,13548,0,7,10800.0,0.0001069584714185,0.0017946123108256,0.0595997646808274,0.0,1.3250085724038403,-0.3988780131458833,0.0550176569855829,1.7238865855497238,0.0550176569855829,99.97084659843092,,0.34
2021-02-26 09:30:00,2021-02-26 07:00:00,1.21549,1.21597,1.2129,1.21347,14589,0,6,9000.0,-0.0016632636730822,0.0018013828938539,-0.9233260062350434,0.0,0.2192218371036465,-1.1828844960382785,-0.922558564477736,1.402106333141925,-0.922558564477736,99.8250422387483,,0.34
2021-02-26 12:00:00,2021-02-26 10:00:00,1.21346,1.21594,1.21148,1.21237,15461,0,5,7200.0,-0.000906902413509,0.0017602599309446,-0.5152093719603642,0.0,1.161045962743867,-0.9269641154165036,-0.5102984271737245,2.0880100781603708,-0.5102984271737245,99.74368443871462,,0.34
2021-02-26 14:30:00,2021-02-26 12:30:00,1.21237,1.21284,1.20927,1.21146,15674,0,5,7200.0,-0.0007508777783558,0.0017653036940416,-0.4253533150642756,0.0,0.2196055171427866,-1.4484619215801176,-0.4251936608509384,1.6680674387229044,-0.4251936608509384,99.67651599839884,,0.34
2021-02-26 16:30:00,2021-02-26 15:00:00,1.21146,1.21379,1.21056,1.21246,15590,0,4,5400.0,0.000825109786407,0.0017717763132573,0.465696363718812,0.0,1.085520302591467,-0.4192996876962389,0.4658885418848133,1.504819990287706,0.4658885418848133,99.75005509473102,,0.34
2021-02-26 18:00:00,2021-02-26 17:00:00,1.21249,1.21412,1.20911,1.20918,17780,0,3,3600.0,-0.0027089096692921,0.0018579127294598,-1.4580392428226336,0.0,0.7235759586223521,-1.500421312971556,-1.469347498797584,2.223997271593908,-1.469347498797584,99.51981303855986,,0.34
2021-02-26 20:30:00,2021-02-26 18:30:00,1.2092,1.21059,1.2072,1.20831,13657,0,5,7200.0,-0.0007197548180619,0.0018607588384809,-0.3868071472655278,0.0,0.6177696541092433,-0.888877200157184,-0.395550354069972,1.5066468542664273,-0.395550354069972,99.45873150500957,,0.34
2021-03-01 02:00:00,2021-02-26 21:00:00,1.2083,1.20948,1.20622,1.20935,14756,0,11,190800.0,0.0008603360804651,0.0018397598024626,0.4676350028484958,0.0,0.5308185682348041,-0.9356801880747024,0.4723385564800478,1.4664987563095064,0.4723385564800478,99.53257673594108,,0.34
2021-03-01 07:30:00,2021-03-01 02:30:00,1.20936,1.21012,1.20747,1.20847,14077,0,11,18000.0,-0.0007279284966274,0.0018349753009503,-0.3966966183416623,0.0,0.3424741285533902,-0.8516790828497495,-0.4010552294901307,1.1941532114031397,-0.4010552294901307,99.46993353512688,,0.34
2021-03-01 11:00:00,2021-03-01 08:00:00,1.20847,1.20929,1.20363,1.20383,13367,0,7,10800.0,-0.0038469557868467,0.0019691425311718,-1.9536197740634555,0.0,0.3445885370174411,-2.033912828249161,-1.949866843610775,2.3785013652666023,-1.949866843610775,99.16143331061562,,0.34
2021-03-01 15:00:00,2021-03-01 11:30:00,1.20383,1.20559,1.20282,1.20404,15244,0,8,12600.0,0.0001744280218886,0.0019455425138332,0.0896552096129381,0.0,0.7514615785433438,-0.4312364740504265,0.089663029258032,1.1826980525937705,0.089663029258032,99.17559095411482,,0.34
2021-03-01 17:00:00,2021-03-01 15:30:00,1.20407,1.20691,1.20278,1.20406,13682,0,4,5400.0,1.6610605872204327e-05,0.001891126929503,0.0087834431486677,0.0,1.2472282098679108,-0.5665226727921295,-0.0043916486263243,1.8137508826600404,-0.0043916486263243,99.1769779661728,,0.34
2021-03-01 20:00:00,2021-03-01 17:30:00,1.20406,1.20611,1.20328,1.20404,13606,0,6,9000.0,-1.6610605872138763e-05,0.0018832075513226,-0.0088203798144673,0.0,0.9040814222971012,-0.3439919558008315,-0.0088203065589555,1.2480733780979325,-0.0088203065589555,99.17558512136792,,0.34
2021-03-02 03:00:00,2021-03-01 20:30:00,1.20404,1.20514,1.20307,1.20342,13972,0,14,23400.0,-0.00051506568226,0.0013824818885244,-0.3725659529686522,0.0,0.6608339090620112,-0.5827353561727602,-0.3724700214713203,1.2435692652347714,-0.3724700214713203,99.11675244488605,,0.34
2021-03-02 07:00:00,2021-03-02 03:30:00,1.20342,1.20359,1.20153,1.20195,14116,0,8,12600.0,-0.0012222653338211,0.001374001607997,-0.8895661596807701,0.0,0.1028121533933007,-1.143029234784288,-0.8890227381654975,1.2458413881775885,-0.8890227381654975,98.97627917387264,,0.34
2021-03-02 10:30:00,2021-03-02 07:30:00,1.20195,1.20269,1.19992,1.20022,15140,0,7,10800.0,-0.001440364586266,0.0013621690367835,-1.0574051731987473,0.0,0.4519748962512352,-1.2398770802568146,-1.0566440142090276,1.69185197650805,-1.0566440142090276,98.80930208976343,,0.34
2021-03-02 14:00:00,2021-03-02 11:00:00,1.20022,1.2037,1.19915,1.20269,14048,0,7,10800.0,0.002055841350655,0.0014996094605459,1.37091783210451,0.0,1.933482354620586,-0.5944902642081363,1.3723279930784174,2.527972618828722,1.3723279930784174,99.0257866199702,,0.34
2021-03-02 17:30:00,2021-03-02 14:30:00,1.20271,1.20637,1.20198,1.20622,15820,0,7,10800.0,0.0029307882210212,0.0015085629318495,1.9427682857273516,0.0,2.0172360988377167,-0.4023449049593791,1.934562488229684,2.4195810037970955,1.934562488229684,99.33257326304027,,0.34
2021-03-02 23:00:00,2021-03-02 18:00:00,1.20622,1.20944,1.2059,1.2088,13352,0,11,18000.0,0.0021366290809305,0.00161543418154,1.3226345618696602,0.0,1.6524947125298042,-0.1642230770216456,1.3240485584866266,1.8167177895514497,1.3240485584866266,99.54143328007136,,0.34
2021-03-03 09:00:00,2021-03-02 23:30:00,1.2088,1.20959,1.20791,1.20937,13112,0,20,34200.0,0.0004714308841451,0.0016062063035166,0.293505811247928,0.0,0.4068846574012086,-0.4583890444141385,0.2935750059730601,0.8652737018153471,0.2935750059730601,99.58778140260137,,0.34
2021-03-03 12:30:00,2021-03-03 09:30:00,1.20938,1.21132,1.2074,1.20833,14623,0,7,10800.0,-0.0008603218465043,0.0016095454817765,-0.5345122932188012,0.0,0.9966339895545276,-1.0171831439782382,-0.5394153036248561,2.0138171335327657,-0.5394153036248561,99.50337543750456,,0.34
2021-03-03 16:00:00,2021-03-03 13:00:00,1.20834,1.20846,1.20429,1.20545,15240,0,7,10800.0,-0.0023862998008619,0.0016495097359936,-1.446672152816637,0.0,0.0602056445891416,-2.0319405048814434,-1.4499526071870754,2.0921461494705853,-1.4499526071870754,99.2749283825232,,0.34
2021-03-03 18:00:00,2021-03-03 16:30:00,1.20543,1.20802,1.20468,1.20783,14635,0,4,5400.0,0.001972419919449,0.0017207634625329,1.14624697838811,0.0,1.248638128326941,-0.3615747475850223,1.1570391922720071,1.6102128759119632,1.1570391922720071,99.4559346637212,,0.34
2021-03-03 22:30:00,2021-03-03 18:30:00,1.20784,1.20806,1.20615,1.20623,13394,0,9,14400.0,-0.0013255679098978,0.0017354007640168,-0.7638396486755042,0.0,0.1049575026236133,-0.8062644519727024,-0.7680980873823456,0.9112219545963156,-0.7680980873823456,99.33531513159144,,0.34
2021-03-04 06:00:00,2021-03-03 23:00:00,1.20624,1.20665,1.20434,1.20495,14159,0,15,25200.0,-0.0010617209169287,0.001727072531982,-0.6147517821444848,0.0,0.1968065524637016,-0.9120303650756488,-0.6192206162882059,1.1088369175393504,-0.6192206162882059,99.23823837933487,,0.34
2021-03-04 10:30:00,2021-03-04 06:30:00,1.20496,1.20623,1.20364,1.20406,13311,0,9,14400.0,-0.0007388927737885,0.0016369188097041,-0.4513924388969115,0.0,0.6438785413486711,-0.6692280902207218,-0.4562918796960132,1.313106631569393,-0.4562918796960132,99.16695804598078,,0.34
2021-03-04 14:30:00,2021-03-04 11:00:00,1.20407,1.20491,1.20267,1.20324,14694,0,8,12600.0,-0.0006812611903082,0.001636313092371,-0.4163391428477078,0.0,0.4263449713561167,-0.7105749522602697,-0.4212694359827961,1.1369199236163865,-0.4212694359827961,99.10121305263738,,0.34
2021-03-04 17:30:00,2021-03-04 15:00:00,1.20323,1.20444,1.20225,1.20399,14358,0,6,9000.0,0.0006231228625995,0.0016289880277042,0.3825214501285865,0.0,0.6173320520730281,-0.4999879430013133,0.3877457517153597,1.1173199950743415,0.3877457517153597,99.16161782270152,,0.34
2021-03-04 19:30:00,2021-03-04 18:00:00,1.20398,1.20536,1.19901,1.1994,15753,0,4,5400.0,-0.0038196094520244,0.0018155284873381,-2.103855422078545,0.0,0.6313304637345716,-2.273704641131198,-2.095285162249629,2.905035104865769,-2.095285162249629,98.8293935697188,,0.34
2021-03-04 21:00:00,2021-03-04 20:00:00,1.1994,1.2,1.19655,1.19746,13138,0,3,3600.0,-0.0016187849299848,0.0016524068235506,-0.9796527749180076,0.0,0.3027402924829032,-1.4380163892939584,-0.9788602790281882,1.7407566817768616,-0.9788602790281882,98.67469453103296,,0.34
2021-03-05 02:00:00,2021-03-04 21:30:00,1.19746,1.19768,1.19605,1.19642,13559,0,10,16200.0,-0.0008688823712378,0.0016542623861055,-0.5252385465182221,0.0,0.1110598980903141,-0.7117929832147976,-0.5250104273357348,0.8228528813051116,-0.5250104273357348,98.59175300286353,,0.34
2021-03-05 08:30:00,2021-03-05 02:30:00,1.19643,1.19668,1.19515,1.19533,13513,0,13,21600.0,-0.0009114665625268,0.0016574125010237,-0.54993344261843,0.0,0.1260730049116456,-0.645493785147384,-0.5547212216109947,0.7715667900590297,-0.5547212216109947,98.504911851496,,0.34
2021-03-05 11:00:00,2021-03-05 09:00:00,1.19534,1.19607,1.1914,1.19267,13045,0,5,7200.0,-0.0022278066165481,0.0017060669392841,-1.3058143061390823,0.0,0.3579606930899174,-1.9320070284582085,-1.309253493904378,2.289967721548126,-1.309253493904378,98.29870795657123,,0.34
2021-03-05 14:30:00,2021-03-05 11:30:00,1.19269,1.19433,1.19208,1.19354,14033,0,7,10800.0,0.0007291898353871,0.0017270632129912,0.4222137498512202,0.0,0.7961740831194871,-0.2961379211603213,0.41265120161685,1.0923120042798085,0.41265120161685,98.36538062151357,,0.34
2021-03-05 16:00:00,2021-03-05 15:00:00,1.19354,1.19463,1.18928,1.1941,14884,0,3,3600.0,0.0004690824498403,0.0017267186625726,0.2716611918362512,0.0,0.5288931430860112,-2.067050265638805,0.2717249175487161,2.5959434087248163,0.2717249175487161,98.40827921405707,,0.34
2021-03-05 17:30:00,2021-03-05 16:30:00,1.1941,1.19419,1.19062,1.19067,15481,0,3,3600.0,-0.002876589662906,0.0018035854273279,-1.5949284238605688,0.0,0.0417892997121185,-1.6158529221992723,-1.5926366445815203,1.657642221911391,-1.5926366445815203,98.15642069820218,,0.34
2021-03-05 20:00:00,2021-03-05 18:00:00,1.19067,1.19194,1.19052,1.19106,14571,0,5,7200.0,0.0003274930437,0.0017191823424838,0.1904934896125453,0.0,0.6204265404964299,-0.0732787252554155,0.1905246856642973,0.6937052657518454,0.1905246856642973,98.18650192746368,,0.34
2021-03-08 02:00:00,2021-03-05 20:30:00,1.19107,1.1932,1.19075,1.1925,13517,0,12,192600.0,0.0012082768423634,0.0015762123009722,0.7665698596681038,0.0,1.1345603576818029,-0.1704503823747859,0.7617001462369957,1.305010740056589,0.7617001462369957,98.30755259297744,,0.34
2021-03-08 06:00:00,2021-03-08 02:30:00,1.19249,1.19321,1.18987,1.19039,13944,0,8,12600.0,-0.0017709592565878,0.0014607496432848,-1.2123632990287552,0.0,0.413334790677262,-1.5040793771866292,-1.2055598061419186,1.9174141678638912,-1.2055598061419186,98.1161057439513,,0.34
2021-03-08 10:00:00,2021-03-08 06:30:00,1.19043,1.19146,1.18786,1.18931,15711,0,8,12600.0,-0.0009076775006504,0.0014314511827462,-0.6340960219887392,0.0,0.6044450425493864,-1.5081784071380953,-0.657260628791658,2.1126234496874816,-0.657260628791658,98.01597430192643,,0.34
2021-03-08 13:00:00,2021-03-08 10:30:00,1.1893,1.18934,1.18654,1.18781,13548,0,6,9000.0,-0.0012620315331917,0.0014346205946542,-0.879697069660383,0.0,0.0234439891328998,-1.6176352501685245,-0.8732885951996391,1.6410792393014242,-0.8732885951996391,97.8770594797614,,0.34
2021-03-08 16:00:00,2021-03-08 13:30:00,1.18781,1.18802,1.18566,1.18739,15134,0,6,9000.0,-0.0003536544327867,0.0013918968333451,-0.2540809234667249,0.0,0.1270180001701172,-1.3004223826938466,-0.2540360003402345,1.427440382863964,-0.2540360003402345,97.83693702452516,,0.34
2021-03-08 17:30:00,2021-03-08 16:30:00,1.18737,1.18872,1.18575,1.18579,14527,0,3,3600.0,-0.0013484019268871,0.0012391343908833,-1.0881805370004178,0.0,0.9175490419341736,-1.101058850321008,-1.0738722120416,2.0186078922551816,-1.0738722120416,97.66510013772135,,0.34
2021-03-08 20:30:00,2021-03-08 18:00:00,1.18579,1.18648,1.18457,1.18537,13903,0,6,9000.0,-0.0003542569918455,0.0012414677688717,-0.2853533540927093,0.0,0.4687117688971923,-0.8287367508036352,-0.2853028158503403,1.2974485197008274,-0.2853028158503403,97.62003938691848,,0.34
2021-03-09 02:30:00,2021-03-08 21:00:00,1.18537,1.18587,1.18357,1.18442,14124,0,12,19800.0,-0.0008017588485812,0.0012407401986601,-0.6461939811792217,0.0,0.3399657918551988,-1.2238768506788669,-0.6459350045249533,1.5638426425340657,-0.6459350045249533,97.51799753060732,,0.34
2021-03-09 05:30:00,2021-03-09 03:00:00,1.18442,1.18672,1.18356,1.1865,13306,0,6,9000.0,0.0017545936038531,0.0013718231188322,1.279023206247435,0.0,1.415545997726802,-0.5292911121935581,1.280145945770393,1.94483710992036,1.280145945770393,97.71997078636618,,0.34
2021-03-09 09:30:00,2021-03-09 06:00:00,1.1865,1.18883,1.18512,1.18806,13279,0,8,12600.0,0.0013139278219398,0.0014464208783913,0.9083993750153851,0.0,1.3576677329861373,-0.804112219536966,0.9089964220851646,2.161779952523103,0.9089964220851646,97.86341805018826,,0.34
2021-03-09 12:30:00,2021-03-09 10:00:00,1.18809,1.19098,1.18764,1.19007,14343,0,6,9000.0,0.0016904042071926,0.0015134103117114,1.1169503697123246,0.0,1.6072810099002734,-0.2502686693616825,1.101182145191181,1.857549679261956,1.101182145191181,98.03979804203668,,0.34
2021-03-09 15:30:00,2021-03-09 13:00:00,1.19008,1.19157,1.18823,1.18918,13841,0,6,9000.0,-0.0007481349513599,0.001309644129518,-0.5712505668507321,0.0,0.9559976202152322,-1.1869769110055794,-0.5774482269757258,2.1429745312208115,-0.5774482269757258,97.94959065856048,,0.34
2021-03-09 17:30:00,2021-03-09 16:00:00,1.18919,1.19091,1.1882,1.18858,14570,0,4,5400.0,-0.0005046766811914,0.0012796741036428,-0.3943790686666129,0.0,1.130258591691333,-0.6505558173107608,-0.4008475237975203,1.780814409002094,-0.4008475237975203,97.88731342691004,,0.34
2021-03-09 21:00:00,2021-03-09 18:00:00,1.18858,1.18987,1.18815,1.18961,13548,0,7,10800.0,0.0008662050251677,0.0013028321639675,0.6648630952815089,0.0,0.8330533598945079,-0.2776844532981215,0.6651511323189196,1.1107378131926295,0.6651511323189196,97.99230336245772,,0.34
2021-03-10 03:30:00,2021-03-09 21:30:00,1.18961,1.1905,1.1884,1.18851,13109,0,13,21600.0,-0.0009251005655303,0.0013031805051346,-0.7098790703861739,0.0,0.5740911154527312,-0.7805058985367658,-0.7095508168517095,1.354597013989497,-0.7095508168517095,97.88020485920882,,0.34
2021-03-10 09:30:00,2021-03-10 04:00:00,1.18851,1.18862,1.18687,1.1884,14721,0,12,19800.0,-9.255714358422651e-05,0.0012205812342731,-0.0758303839066854,0.0,0.0758268746932204,-1.1305097681528145,-0.0758268746930673,1.2063366428460347,-0.0758268746930673,97.86823032313453,,0.34
2021-03-10 13:30:00,2021-03-10 10:00:00,1.1884,1.19046,1.18719,1.18911,14167,0,8,12600.0,0.0005972635413569,0.0012157599117592,0.4912676718322849,0.0,1.4257939195908769,-0.837480894517099,0.4914144091792299,2.263274814107976,0.4914144091792299,97.94580743873678,,0.34
2021-03-10 16:00:00,2021-03-10 14:00:00,1.1891,1.19248,1.18819,1.19235,16209,0,5,7200.0,0.0027210215574216,0.0013736452668782,1.9808764482590624,0.0,2.0693012834209257,-0.5571195763056234,1.9897127725201416,2.626420859726549,1.9897127725201416,98.25861182223558,,0.34
2021-03-10 18:00:00,2021-03-10 16:30:00,1.19238,1.19238,1.18861,1.1895,14412,0,4,5400.0,-0.002393098944219,0.0013251117289137,-1.8059601254761248,0.0,0.0,-2.3860204920257595,-1.8227424448366256,2.3860204920257595,-1.8227424448366256,97.97342884468569,,0.34
2021-03-10 21:00:00,2021-03-10 18:30:00,1.1895,1.19223,1.18917,1.19205,14439,0,6,9000.0,0.0021414633112858,0.0014115114223797,1.5171420346535212,0.0,1.6259747748577655,-0.1965464013564055,1.518767646845253,1.822521176214171,1.518767646845253,98.21300394753828,,0.34
2021-03-11 04:00:00,2021-03-10 21:30:00,1.19205,1.19345,1.19158,1.19315,13789,0,14,23400.0,0.0009223545849271,0.0014004773370299,0.6586001504909477,0.0,0.8386050595102296,-0.2815316985498761,0.6589039753294661,1.1201367580601056,0.6589039753294661,98.31700488824691,,0.34
2021-03-11 09:30:00,2021-03-11 04:30:00,1.19315,1.19464,1.19188,1.19383,13458,0,11,18000.0,0.0005697576170687,0.0013387391250402,0.4255927136301772,0.0,0.9328144539959186,-0.7950834607883985,0.4257139790048599,1.727897914784317,0.4257139790048599,98.38421113249584,,0.34
2021-03-11 13:00:00,2021-03-11 10:00:00,1.19382,1.19688,1.19366,1.19633,14330,0,7,10800.0,0.0020919109278758,0.0013820082458619,1.5136747079039432,0.0,1.8546926113932776,-0.0969773914455021,1.521332828299801,1.95167000283878,1.521332828299801,98.62323870245852,,0.34
2021-03-11 15:30:00,2021-03-11 13:30:00,1.19633,1.19736,1.19426,1.19569,15918,0,5,7200.0,-0.0005351125954397,0.0013480664878162,-0.3969482219727762,0.0,0.6386676499453547,-1.2835359566866122,-0.3968420349176757,1.922203606631967,-0.3968420349176757,98.56055577038352,,0.34
2021-03-11 17:30:00,2021-03-11 16:00:00,1.19569,1.19662,1.1928,1.19583,14586,0,4,5400.0,0.0001170803507057,0.0013395734157299,0.0874012199188862,0.0,0.5806278074233319,-1.804316519842106,0.0874063366013707,2.384944327265438,0.0874063366013707,98.5743574816098,,0.34
2021-03-11 20:30:00,2021-03-11 18:00:00,1.19582,1.19897,1.19555,1.19858,13408,0,6,9000.0,0.002297017811611,0.0013437246374771,1.7094408687211986,0.0,1.960353809549445,-0.1680303265327938,1.7176433378908884,2.128384136082239,1.7176433378908884,98.8442988994796,,0.34
2021-03-12 04:00:00,2021-03-11 21:00:00,1.19858,1.199,1.19725,1.19731,13402,0,15,25200.0,-0.0010601489375118,0.001377204032973,-0.7697834976733197,0.0,0.254439174555809,-0.8057240527599273,-0.7693755992518585,1.0601632273157362,-0.7693755992518585,98.72274076160136,,0.34
2021-03-12 09:00:00,2021-03-12 04:30:00,1.19731,1.19733,1.1938,1.19452,13404,0,10,16200.0,-0.0023329427805567,0.001491278542747,-1.564391033387546,0.0,0.0112012016790991,-1.9658108946909143,-1.56256763424148,1.9770120963700133,-1.56256763424148,98.47570446957016,,0.34
2021-03-12 12:00:00,2021-03-12 09:30:00,1.19452,1.19509,1.19098,1.19143,13513,0,6,9000.0,-0.0025901646954506,0.0015998365636691,-1.6190183136646603,0.0,0.2982674160650821,-1.852397636614904,-1.6169233607740008,2.150665052679986,-1.6169233607740008,98.22004186833917,,0.34
2021-03-12 15:30:00,2021-03-12 12:30:00,1.19145,1.19405,1.19136,1.19265,15264,0,7,10800.0,0.0010234556780744,0.0015905534201786,0.6434588521770405,0.0,1.3719846944387335,-0.0474917778844956,0.6332237051255153,1.4194764723232294,0.6332237051255153,98.32165181465308,,0.34
2021-03-12 17:30:00,2021-03-12 16:00:00,1.19264,1.19392,1.19114,1.19369,16246,0,4,5400.0,0.0008716277360675,0.0015602262358753,0.5586547104679938,0.0,0.6878805377472289,-0.8061100051723381,0.5642770036206963,1.493990542919567,0.5642770036206963,98.40987015984578,,0.34
2021-03-12 21:00:00,2021-03-12 18:00:00,1.19368,1.19567,1.19333,1.19525,13573,0,7,10800.0,0.0013060187545429,0.0015654648224924,0.8342689888512324,0.0,1.0649319232805596,-0.1872995844966256,0.8401724218846088,1.2522315077771853,0.8401724218846088,98.54161133782743,,0.34
2021-03-15 04:00:00,2021-03-12 21:30:00,1.19525,1.19674,1.19436,1.1948,14435,0,14,196200.0,-0.0003765611642578,0.0015624537512161,-0.241006278723299,0.0,0.797848338551138,-0.4765671283962319,-0.2409609076160309,1.27441546694737,-0.2409609076160309,98.5035535273559,,0.34
2021-03-15 09:30:00,2021-03-15 04:30:00,1.1948,1.19543,1.19179,1.19199,14438,0,11,18000.0,-0.0023546280135946,0.0016597456532926,-1.418667980195332,0.0,0.3176901835486606,-1.5178530991772448,-1.416999072653745,1.8355432827259053,-1.416999072653745,98.2795286704172,,0.34
2021-03-15 14:00:00,2021-03-15 10:00:00,1.19201,1.19402,1.19193,1.19271,14829,0,9,14400.0,0.0006038495591711,0.0016451957355438,0.3670381256924356,0.0,1.0249403326938258,-0.0407936450823807,0.3569443944704353,1.0657339777762065,0.3569443944704353,98.33748843601929,,0.34
2021-03-15 17:00:00,2021-03-15 14:30:00,1.1927,1.19338,1.19153,1.19284,13201,0,6,9000.0,0.0001089895413038,0.0016440785972692,0.0662921720925713,0.0,0.3467808587676437,-0.5966670658210402,0.0713960591579676,0.943447924588684,0.0713960591579676,98.34795677292158,,0.34
2021-03-15 22:00:00,2021-03-15 17:30:00,1.19284,1.19373,1.19111,1.19298,13451,0,10,16200.0,0.0001173600692094,0.0016412670316505,0.0715057738602442,0.0,0.4545990949090288,-0.8836589148230027,0.0715099699857001,1.3382580097320316,0.0715099699857001,98.35924840069,,0.34
2021-03-16 07:00:00,2021-03-15 22:30:00,1.19298,1.19386,1.19221,1.19358,13425,0,18,30600.0,0.0005028157788963,0.0015304795611783,0.3285347884745392,0.0,0.4819721845510059,-0.4217256614820997,0.3286173985575924,0.9036978460331055,0.3286173985575924,98.41112802299403,,0.34
2021-03-16 11:30:00,2021-03-16 07:30:00,1.19357,1.19386,1.19137,1.19284,13503,0,9,14400.0,-0.0006201758481057,0.0014294408640112,-0.4338590449733103,0.0,0.1699745539594339,-1.289462133485787,-0.4278669806567214,1.4594366874452207,-0.4278669806567214,98.34261642490446,,0.34
2021-03-16 15:00:00,2021-03-16 12:00:00,1.19284,1.19517,1.19152,1.19185,13679,0,7,10800.0,-0.0008302966480965,0.0013633927095274,-0.6089930232826076,0.0,1.4326917484668182,-0.8116536944103213,-0.6087402708076386,2.2443454428771394,-0.6087402708076386,98.24644905042211,,0.34
2021-03-16 17:30:00,2021-03-16 15:30:00,1.19186,1.19227,1.18823,1.18943,14204,0,5,7200.0,-0.0020325210249223,0.0014163000841838,-1.435092073791412,0.0,0.242886474473525,-2.150433908143549,-1.439546665781996,2.3933203826170737,-1.439546665781996,98.01983063017644,,0.34
2021-03-16 22:30:00,2021-03-16 18:00:00,1.18943,1.19103,1.18899,1.1902,13043,0,10,16200.0,0.0006471594549354,0.0014184920594127,0.4562305799605956,0.0,0.94831841824117,-0.2607875650163119,0.4563782387785129,1.209105983257482,0.4563782387785129,98.09187496460392,,0.34
2021-03-17 07:30:00,2021-03-16 23:00:00,1.19017,1.1906,1.18926,1.18979,13435,0,18,30600.0,-0.0003445392661782,0.0013165767477845,-0.2616932638055831,0.0,0.2744184303331289,-0.580745980472508,-0.2425093105270203,0.855164410805637,-0.2425093105270203,98.05055042862772,,0.34
2021-03-17 13:00:00,2021-03-17 08:00:00,1.18979,1.19166,1.18863,1.18953,13793,0,11,18000.0,-0.0002185498386386,0.0013151756133894,-0.1661754038119555,0.0,1.195054040918695,-0.7413169451686908,-0.1661572463308914,1.9363709860873857,-0.1661572463308914,98.02430931965408,,0.34
2021-03-17 16:30:00,2021-03-17 13:30:00,1.18952,1.19152,1.18913,1.19079,13612,0,7,10800.0,0.0010586812846042,0.0013458155414246,0.7866466480863599,0.0,1.2493171678714792,-0.2436168477348697,0.7933164015984537,1.4929340156063489,0.7933164015984537,98.14853035322854,,0.34
2021-03-17 20:00:00,2021-03-17 17:00:00,1.19077,1.19651,1.18968,1.19578,17720,0,7,10800.0,0.0041817397115134,0.0015768429403763,2.6519697075951654,0.0,3.05700092209668,-0.5805106280636886,2.6682185748614327,3.6375115501603688,2.6682185748614327,98.5673084906388,,0.34
2021-03-17 22:30:00,2021-03-17 20:30:00,1.19578,1.19853,1.19547,1.19779,13458,0,5,7200.0,0.0016795000542875,0.0016092580482184,1.0436486902438291,0.0,1.429077293055652,-0.1610959857626522,1.044525585106039,1.5901732788183045,1.044525585106039,98.7321132594713,,0.34
2021-03-18 05:30:00,2021-03-17 23:00:00,1.19777,1.19879,1.19588,1.19592,13966,0,14,23400.0,-0.0015624285150811,0.0015583815906588,-1.002596876430328,0.0,0.5464531468385473,-1.012545536789024,-0.9911160016188636,1.558998683627571,-0.9911160016188636,98.57379106925836,,0.34
2021-03-18 10:00:00,2021-03-18 06:00:00,1.19592,1.1989,1.19429,1.19529,14527,0,9,14400.0,-0.0005269298928801,0.0014374079761781,-0.3665833928939332,0.0,1.7335408688653795,-0.948211951761953,-0.3664868279816851,2.6817528206273327,-0.3664868279816851,98.51590311147288,,0.34
2021-03-18 13:30:00,2021-03-18 10:30:00,1.19529,1.19556,1.19341,1.19411,14659,0,7,10800.0,-0.000987695736108,0.0014442819638964,-0.6838662815143218,0.0,0.1564006271427164,-1.0890117741788763,-0.6835286667718672,1.245412401321593,-0.6835286667718672,98.40791234265298,,0.34
2021-03-18 16:00:00,2021-03-18 14:00:00,1.19413,1.19477,1.19101,1.19143,15693,0,5,7200.0,-0.0022468716747429,0.0015186043648812,-1.479563556317463,0.0,0.3529260544516555,-1.7205145154513004,-1.4889067922174244,2.073440569902956,-1.4889067922174244,98.17427133667913,,0.34
2021-03-18 19:00:00,2021-03-18 16:30:00,1.19143,1.19389,1.19085,1.19272,15041,0,6,9000.0,0.0010821467826159,0.0015085275193575,0.7173530271935592,0.0,1.3687159824594952,-0.3227053942384145,0.717741307875071,1.6914213766979096,0.717741307875071,98.28755006823226,,0.34
2021-03-19 00:30:00,2021-03-18 19:30:00,1.19271,1.19318,1.19062,1.1917,13316,0,11,18000.0,-0.0008555540233831,0.0015168293883727,-0.5640410384591729,0.0,0.2597922928837467,-1.1552465789937134,-0.5582770549204022,1.4150388718774602,-0.5582770549204022,98.19848115661068,,0.34
2021-03-19 06:00:00,2021-03-19 01:00:00,1.1917,1.19192,1.19019,1.19172,13653,0,11,18000.0,1.6782606507124423e-05,0.001423590084372,0.0117889318641377,0.0,0.1296793386803118,-0.8900718245780044,0.0117890307891906,1.0197511632583165,0.0117890307891906,98.20034277173924,,0.34
2021-03-19 10:30:00,2021-03-19 06:30:00,1.19171,1.19372,1.1911,1.1923,13770,0,9,14400.0,0.0004865731088186,0.0014211622466932,0.3423768890221887,0.0,1.186811680256321,-0.3601766790827916,0.3483676076373768,1.546988359339113,0.3483676076373768,98.2544082293749,,0.34
2021-03-19 14:30:00,2021-03-19 11:00:00,1.19229,1.19233,1.18905,1.19,13396,0,8,12600.0,-0.0019309077065111,0.0014834645219595,-1.3016204148654902,0.0,0.0226152256574738,-1.831833278253628,-1.2947216688891563,1.854448503911102,-1.2947216688891563,98.04886660067852,,0.34
2021-03-19 16:00:00,2021-03-19 15:00:00,1.19,1.19043,1.18738,1.18804,13188,0,3,3600.0,-0.0016484167161375,0.0015207229662235,-1.0839691072931974,0.0,0.237613652085886,-1.44778550805759,-1.0830761816003778,1.685399160143476,-1.0830761816003778,97.8776947496342,,0.34
2021-03-19 19:00:00,2021-03-19 16:30:00,1.18804,1.19118,1.18785,1.19075,13066,0,6,9000.0,0.0022784702915323,0.0016133836608195,1.412230919938164,0.0,1.6381774013781305,-0.09912538415978,1.413841005648035,1.7373027855379106,1.413841005648035,98.1007031167928,,0.34
2021-03-22 04:00:00,2021-03-19 19:30:00,1.19075,1.19124,1.1875,1.18868,13154,0,16,203400.0,-0.0017399129389884,0.0016506985976523,-1.0540464149318176,0.0,0.2492916358891674,-1.653464931917592,-1.053129972021375,1.9027565678067595,-1.053129972021375,97.93425642129516,,0.34
2021-03-22 10:00:00,2021-03-22 04:30:00,1.18869,1.18997,1.18744,1.18917,13826,0,12,19800.0,0.0004121370203636,0.001648103322302,0.2500674653018927,0.0,0.6533665939726769,-0.6380533144264546,0.2450124727397821,1.2914199083991316,0.2450124727397821,97.97374510287628,,0.34
2021-03-22 14:00:00,2021-03-22 10:30:00,1.18915,1.19314,1.18911,1.19263,14115,0,8,12600.0,0.002905367733536,0.0017138923960134,1.695186780858596,0.0,1.9577295833540287,-0.0196263617379038,1.707493471196,1.9773559450919325,1.707493471196,98.2414356276275,,0.34
2021-03-22 17:00:00,2021-03-22 14:30:00,1.19263,1.19294,1.19108,1.1927,13281,0,6,9000.0,5.869208874252477e-05,0.0017096712062828,0.0343294596802217,0.0,0.1520349258781587,-0.7601746293907935,0.0343304671337812,0.9122095552689524,0.0343304671337812,98.24685666510844,,0.34
2021-03-23 00:30:00,2021-03-22 17:30:00,1.1927,1.19467,1.19262,1.19333,13151,0,15,25200.0,0.0005280738420223,0.0017087317548124,0.3090443192941405,0.0,0.9666318850109192,-0.0392540867009941,0.309125932769975,1.0058859717119133,0.309125932769975,98.2956585062609,,0.34
2021-03-23 08:00:00,2021-03-23 01:00:00,1.19334,1.19407,1.19195,1.19265,14104,0,15,25200.0,-0.0005699964110435,0.0017145029554986,-0.3324557763026507,0.0,0.3567963672131238,-0.6793793841456337,-0.3372458813385183,1.0361757513587575,-0.3372458813385183,98.2431597124879,,0.34
2021-03-23 12:00:00,2021-03-23 08:30:00,1.19265,1.1932,1.18851,1.1893,14745,0,8,12600.0,-0.0028128232824024,0.0018195828078071,-1.5458616504474103,0.0,0.2534415711388288,-1.9077238263902967,-1.5436895696636177,2.161165397529126,-1.5436895696636177,97.9990494344503,,0.34
2021-03-23 15:30:00,2021-03-23 12:30:00,1.1893,1.18948,1.18707,1.18728,13113,0,7,10800.0,-0.0016999221456369,0.0015533228499476,-1.0943778659370833,0.0,0.0974359794836613,-1.20712352360265,-1.0934482142051851,1.3045595030863113,-1.0934482142051851,97.82623391434554,,0.34
2021-03-23 19:30:00,2021-03-23 16:00:00,1.18728,1.18767,1.18556,1.18571,14397,0,8,12600.0,-0.0013232253225502,0.0014899797530241,-0.8880827540538763,0.0,0.2204606522743603,-0.9722880049019949,-0.8874954463349042,1.192748657176355,-0.8874954463349042,97.6859948910476,,0.34
2021-03-24 03:30:00,2021-03-23 20:00:00,1.18571,1.18577,1.18361,1.18481,13599,0,16,27000.0,-0.0007593271039632,0.0014707312684264,-0.5162922148079601,0.0,0.0344064164717101,-1.2042245765108752,-0.5160962470761622,1.2386309929825854,-0.5160962470761622,97.60446609701292,,0.34
2021-03-24 09:30:00,2021-03-24 04:00:00,1.18481,1.18496,1.18176,1.18208,13267,0,12,19800.0,-0.0023068255902288,0.0015273318581486,-1.5103630412221616,0.0,0.0828913356014334,-1.685457157228084,-1.5086223079450831,1.7683484928295174,-1.5086223079450831,97.36596147933014,,0.34
2021-03-24 13:00:00,2021-03-24 10:00:00,1.18205,1.18448,1.18123,1.18328,13902,0,7,10800.0,0.0010146447922939,0.0015627379889659,0.6492737742718877,0.0,1.315480021143294,-0.4439068384105299,0.6658602576156747,1.759386859553824,0.6658602576156747,97.46848967227298,,0.34
2021-03-24 16:30:00,2021-03-24 13:30:00,1.18327,1.18366,1.18143,1.18286,14273,0,7,10800.0,-0.0003550085831023,0.0015047844473419,-0.2359198912039955,0.0,0.2190314404646013,-1.0333791037307527,-0.2302638220269653,1.252410544195354,-0.2302638220269653,97.43123506399692,,0.34
2021-03-24 21:00:00,2021-03-24 17:00:00,1.18289,1.18389,1.18177,1.1818,13860,0,9,14400.0,-0.0008965348684378,0.0014695453281013,-0.6100763625958744,0.0,0.5752712276899953,-0.6443037750128713,-0.6270456381821842,1.2195750027028665,-0.6270456381821842,97.33489661711565,,0.34
2021-03-25 05:00:00,2021-03-24 21:30:00,1.1818,1.18272,1.18041,1.18268,13598,0,16,27000.0,0.0007443497433946,0.0014902728610414,0.49947211873298,0.0,0.5223697856466026,-0.7892326109225584,0.4996580558358588,1.311602396569161,0.4996580558358588,97.41376931425556,,0.34
2021-03-25 10:30:00,2021-03-25 05:30:00,1.1827,1.18277,1.18015,1.18051,13904,0,11,18000.0,-0.0018365011784098,0.0015215985878066,-1.206955101776919,0.0,0.0388976484275697,-1.416985764146918,-1.2169407150909335,1.455883412574488,-1.2169407150909335,97.2231764850794,,0.34
2021-03-25 14:30:00,2021-03-25 11:00:00,1.18051,1.18179,1.1791,1.17975,13552,0,8,12600.0,-0.0006439968700619,0.0015050011350491,-0.4279045743317086,0.0,0.7204493798759793,-0.7936200200196158,-0.427766819301308,1.5140693998955952,-0.427766819301308,97.15560517002451,,0.34
2021-03-25 17:00:00,2021-03-25 15:00:00,1.17975,1.18154,1.17853,1.17879,15256,0,5,7200.0,-0.0008140629821974,0.0014705758672792,-0.5535674835352803,0.0,1.031752690860387,-0.703205744608771,-0.5533422252659601,1.7349584354691578,-0.5533422252659601,97.0681901595808,9.290039813225988,0.34
2021-03-25 20:00:00,2021-03-25 17:30:00,1.17878,1.17914,1.17619,1.17792,13155,0,6,9000.0,-0.0007383174336432,0.0014461762218002,-0.5105307517254785,0.0,0.2111779285381639,-1.519307874760021,-0.5044806070631167,1.730485803298185,-0.5044806070631167,96.98757117034955,9.268234158434481,0.34
2021-03-26 04:00:00,2021-03-25 20:30:00,1.17792,1.17847,1.17621,1.17791,13347,0,16,27000.0,-8.489576922081691e-06,0.0013044013268381,-0.0065084086832849,0.0,0.357960958105794,-1.1129331606566084,-0.0065083810565136,1.4708941187624025,-0.0065083810565136,96.9865434137888,9.325218216960238,0.34
2021-03-26 11:30:00,2021-03-26 04:30:00,1.17792,1.17974,1.17746,1.17924,14190,0,15,25200.0,0.0011284815486014,0.0013233212618337,0.8527646166870451,0.0,1.167589825499611,-0.2951051207307633,0.8468233899228185,1.4626949462303744,0.8468233899228185,97.12120527542424,9.491163975910993,0.34
2021-03-26 16:00:00,2021-03-26 12:00:00,1.17922,1.17937,1.17719,1.17838,14840,0,9,14400.0,-0.0007295493235925,0.0013110726418692,-0.5564522516101221,0.0,0.0970218759543317,-1.3130293879144463,-0.5433225053438842,1.410051263868778,-0.5433225053438842,97.03333472516132,9.379939741143517,0.34
2021-03-26 20:30:00,2021-03-26 16:30:00,1.17837,1.18049,1.1781,1.17893,13994,0,9,14400.0,0.0004666335865712,0.0010739899272772,0.4344859990952373,0.0,1.6751510557473177,-0.2133447099300647,0.4424927317069048,1.8884957656773824,0.4424927317069048,97.1019453269004,9.481170738718575,0.34
2021-03-29 07:00:00,2021-03-26 21:00:00,1.17895,1.17999,1.17751,1.17838,13376,0,19,208800.0,-0.0004666335865711,0.0010639843417844,-0.4385718550975638,0.0,0.8290919832513675,-1.1479735152708654,-0.4544061831280546,1.977065498522233,-0.4544061831280546,97.03268951901076,9.405038850139405,0.34
2021-03-29 12:00:00,2021-03-29 07:30:00,1.17836,1.17937,1.17628,1.17751,14262,0,10,16200.0,-0.00073857441523,0.0010302174752821,-0.7169111696807301,0.0,0.8319830329891569,-1.7133908006114762,-0.7001837406344843,2.545373833600633,-0.7001837406344843,96.91948056211066,9.320485208934002,0.34
2021-03-29 16:30:00,2021-03-29 12:30:00,1.17751,1.17925,1.17649,1.17778,15947,0,9,14400.0,0.0002292711310986,0.0010495116056984,0.2184550698189779,0.0,1.4079829598108924,-0.8253693212685409,0.2184801144534267,2.233352281079433,0.2184801144534267,96.95397726355662,9.407910790646667,0.34
2021-03-29 20:00:00,2021-03-29 17:00:00,1.17777,1.17854,1.17608,1.17739,13112,0,7,10800.0,-0.0003311862868199,0.0009156925740552,-0.3616784674285382,0.0,0.7139709557887313,-1.5670271627052363,-0.3523493028568486,2.2809981184939674,-0.3523493028568486,96.89686385291044,9.362903742194177,0.34
2021-03-30 05:30:00,2021-03-29 20:30:00,1.17737,1.1777,1.17622,1.1765,13064,0,19,32400.0,-0.000756195100375,0.0008741543158953,-0.8650590480703992,0.0,0.320636432800465,-1.1173693870321064,-0.8453142319287928,1.4380058198325716,-0.8453142319287928,96.76026055164976,9.258406939305843,0.34
2021-03-30 11:00:00,2021-03-30 06:00:00,1.17651,1.17707,1.17332,1.17382,13121,0,11,18000.0,-0.0022805415105409,0.0009472875006861,-2.407443895215513,0.0,0.502470532113512,-2.8622874954317576,-2.4136530917589223,3.3647580275452698,-2.4136530917589223,96.38009600170383,8.942064779132693,0.34
2021-03-30 15:30:00,2021-03-30 11:30:00,1.17382,1.17497,1.17276,1.17312,14867,0,9,14400.0,-0.0005965214455907,0.0009456753346443,-0.6307888381323283,0.0,1.035986923431161,-0.9549096859453118,-0.6306007360017154,1.9908966093764728,-0.6306007360017154,96.28048680406646,9.000209903864189,0.34
2021-03-30 18:30:00,2021-03-30 16:00:00,1.17312,1.17376,1.17114,1.17239,13935,0,6,9000.0,-0.0006224659230364,0.0008456090196623,-0.7361155197765118,0.0,0.6451607354671979,-1.9959660253515945,-0.7358864638921991,2.6411267608187923,-0.7358864638921991,96.16424524768368,8.979940815315985,0.34
2021-03-31 04:00:00,2021-03-30 19:00:00,1.17239,1.17262,1.17138,1.17164,13109,0,19,32400.0,-0.000639923572304,0.0007768779603627,-0.8237118375777718,0.0,0.2525241568260797,-1.1089104278016608,-0.8234483374765484,1.3614345846277407,-0.8234483374765484,96.034171171756,8.939368766930968,0.34
2021-03-31 10:30:00,2021-03-31 04:30:00,1.17164,1.17378,1.17041,1.17314,13775,0,13,21600.0,0.0012794379042983,0.0008723948613682,1.4665812018787756,0.0,2.093661584071335,-1.203366237573757,1.4675198019191946,3.297027821645092,1.4675198019191946,96.26576210672212,9.262772140594535,0.34
2021-03-31 15:00:00,2021-03-31 11:00:00,1.17314,1.17481,1.17212,1.17281,13648,0,9,14400.0,-0.0002813359212061,0.0008652488257645,-0.3251503068583069,0.0,1.645226172032236,-1.0048686799239983,-0.3251045729167422,2.6500948519562346,-0.3251045729167422,96.214416935058,9.181044156147138,0.34
2021-03-31 18:00:00,2021-03-31 15:30:00,1.17281,1.17598,1.17212,1.17365,14804,0,6,9000.0,0.0007159721758592,0.0008633260339343,0.8293184124153729,0.0,3.1308103758595216,-0.6814697663541147,0.8296153677357873,3.812280142213636,0.8296153677357873,96.3453763570592,9.337987967357734,0.34
2021-04-01 00:30:00,2021-03-31 18:30:00,1.17365,1.17551,1.17196,1.17274,13361,0,13,21600.0,-0.0007756596692152,0.0007995732062392,-0.9700921231009392,0.0,1.9820568580477935,-1.8009011237103223,-0.969715989690028,3.782957981758116,-0.969715989690028,96.1921870610936,9.158829986191776,0.34
2021-04-01 09:00:00,2021-04-01 01:00:00,1.17274,1.17327,1.17124,1.17228,14267,0,17,28800.0,-0.0003923207528295,0.0007963483690795,-0.4926496594486846,0.0,0.5675067562684157,-1.6061511969863873,-0.4925530337426094,2.173657953254803,-0.4925530337426094,96.11439171290812,9.134606084391919,0.34
2021-04-01 13:00:00,2021-04-01 09:30:00,1.17228,1.17503,1.17187,1.17469,13547,0,8,12600.0,0.0020537125289729,0.0009463136001657,2.1702240447704164,0.0,2.4789413767734274,-0.3695876234462353,2.172454079281437,2.848529000219663,2.172454079281437,96.45709637526872,9.527246732692731,0.34
2021-04-01 17:00:00,2021-04-01 13:30:00,1.17469,1.17632,1.1733,1.17447,14884,0,8,12600.0,-0.0001873009932428,0.0009370011711433,-0.199894086593655,0.0,1.4808947689017653,-1.2628489133579337,-0.1998753675819299,2.743743682259699,-0.1998753675819299,96.42553067788414,9.40500354273189,0.34
2021-04-02 03:30:00,2021-04-01 17:30:00,1.17446,1.17838,1.17417,1.17714,13172,0,21,36000.0,0.0022707856722109,0.0010820703345128,2.098556442944324,0.0,3.084553776138298,-0.2281940293572716,2.108827581645625,3.3127478054955697,2.108827581645625,96.75691815788046,9.727721212222704,0.34
2021-04-02 17:30:00,2021-04-02 04:00:00,1.17713,1.17864,1.17488,1.17574,13265,0,28,48600.0,-0.0011900310812453,0.0010752959328289,-1.1067009972916129,0.0,1.1929562477502855,-1.7775838128731265,-1.0981517777304697,2.970540060623412,-1.0981517777304697,96.5821566660774,9.438220087000687,0.34
2021-04-05 02:00:00,2021-04-02 18:00:00,1.17575,1.17668,1.17511,1.17634,13593,0,17,201600.0,0.0005101867394088,0.0010757780288839,0.4742490790020792,0.0,0.7352673662737496,-0.5059904456077888,0.4664599420445953,1.2412578118815385,0.4664599420445953,96.65704633974306,9.53668265896728,0.34
2021-04-05 14:00:00,2021-04-05 02:30:00,1.17635,1.17717,1.17382,1.17566,13390,0,24,41400.0,-0.000578231308628,0.0010728624682797,-0.5389612608549613,0.0,0.6497304831078236,-2.004656246661776,-0.5467244309078371,2.6543867297696,-0.5467244309078371,96.57193782877071,9.428113115032133,0.34
2021-04-05 19:00:00,2021-04-05 14:30:00,1.17567,1.18158,1.17556,1.18157,13738,0,10,16200.0,0.0050143705818877,0.0015697153281213,3.194445828524298,0.0,3.2024410602106985,-0.0596055019667252,3.1970223782136906,3.262046562177424,3.1970223782136906,97.07637951613091,9.954028141257794,0.34
2021-04-06 06:00:00,2021-04-05 19:30:00,1.18157,1.18217,1.18017,1.18021,13605,0,22,37800.0,-0.0011516738648984,0.0015844661279394,-0.7268529409310777,0.0,0.3204858321150637,-0.7478002749352674,-0.7264345527942394,1.0682861070503311,-0.7264345527942394,96.96160063313594,9.674037531442892,0.34
2021-04-06 11:30:00,2021-04-06 06:30:00,1.18023,1.18209,1.17951,1.18136,13275,0,11,18000.0,0.0009739284382012,0.0015960117792831,0.610226347225739,0.0,0.987438831888563,-0.3822343865373789,0.5998956344268999,1.369673218425942,0.5998956344268999,97.0579627644069,9.756930885007407,0.34
2021-04-06 16:00:00,2021-04-06 12:00:00,1.18137,1.18346,1.18023,1.1833,14656,0,9,14400.0,0.0016408282249946,0.0016252530415163,1.0095832360133854,0.0,1.0885273878767554,-0.5937422115692339,1.0051951476565546,1.6822695994459893,1.0051951476565546,97.2173881854166,9.868709914132708,0.34
2021-04-06 21:00:00,2021-04-06 16:30:00,1.1833,1.18695,1.18328,1.18656,13732,0,10,16200.0,0.0027512191068677,0.0016985072339391,1.6197865112926983,0.0,1.816061698524285,-0.0099510230056779,1.622016749914892,1.826012721529963,1.622016749914892,97.47317209435744,10.049146474826557,0.34
2021-04-07 05:30:00,2021-04-06 21:30:00,1.18657,1.18779,1.18653,1.18672,13360,0,17,28800.0,0.0001348344908669,0.0015775174045615,0.0854725852640511,0.0,0.6517669094398186,-0.0213694068669006,0.0801352757507293,0.6731363163067193,0.0801352757507293,97.48666925081214,9.944638718580691,0.34
2021-04-07 11:00:00,2021-04-07 06:00:00,1.1867,1.18818,1.18639,1.18675,14725,0,11,18000.0,2.527944317934815e-05,0.001559833237209,0.0162065037315017,0.0,0.799544431426597,-0.1674721444204618,0.0270116361967828,0.9670165758470588,0.0270116361967828,97.48922845404408,9.894959270033098,0.34
2021-04-07 15:00:00,2021-04-07 11:30:00,1.18675,1.18984,1.18672,1.18815,13880,0,8,12600.0,0.0011789971469709,0.001538759608741,0.7661996976483869,0.0,1.692109489932645,-0.01642824747506,0.7666515488368251,1.708537737407705,0.7666515488368251,97.61022066649149,9.984593175333472,0.34
2021-04-07 18:00:00,2021-04-07 15:30:00,1.18815,1.19147,1.18767,1.18926,14408,0,6,9000.0,0.0009337893595605,0.0015083117536884,0.619095725586603,0.0,1.852574560382186,-0.2678421051155176,0.6193848680795572,2.120416665497704,0.6193848680795572,97.70798338003128,10.019915453471,0.34
2021-04-08 01:30:00,2021-04-07 18:30:00,1.18927,1.18939,1.18609,1.18699,13291,0,15,25200.0,-0.0019105739636096,0.0016139403965936,-1.1837946231732466,0.0,0.0625191824657922,-1.6567583353448831,-1.1878644668510945,1.7192775178106754,-1.1878644668510945,97.52104787094572,9.770400298957995,0.34
2021-04-08 10:30:00,2021-04-08 02:00:00,1.18699,1.18929,1.18605,1.18838,14446,0,18,30600.0,0.001170344122101,0.0016054619074132,0.7289765747146906,0.0,1.206926353362872,-0.4932655531134973,0.7294033179019207,1.7001919064763693,0.7294033179019207,97.63616210143653,9.918374080561307,0.34
2021-04-08 15:00:00,2021-04-08 11:00:00,1.18835,1.18845,1.18618,1.18783,13160,0,9,14400.0,-0.0004629220564024,0.001624801548984,-0.2849099058847563,0.0,0.0517911202601182,-1.1238673096446925,-0.2693138253526839,1.1756584299048107,-0.2693138253526839,97.59117137647672,9.834394254694502,0.34
2021-04-08 18:00:00,2021-04-08 15:30:00,1.18783,1.19102,1.18779,1.19021,14053,0,6,9000.0,0.0020016490846598,0.001619673035959,1.235835282936982,0.0,1.6580935931050784,-0.0207911422331977,1.23707296288092,1.678884735338276,1.23707296288092,97.78632473605394,10.027889633625122,0.34
2021-04-09 03:30:00,2021-04-08 18:30:00,1.19024,1.19273,1.19002,1.19193,13844,0,19,32400.0,0.0014440799440021,0.0016041204354063,0.9002316235914815,0.0,1.3041508664885133,-0.1152261809748247,0.8851465720343198,1.419377047463338,0.8851465720343198,97.92848221299865,10.096896122127262,0.34
2021-04-09 10:30:00,2021-04-09 04:00:00,1.19193,1.19201,1.18845,1.18987,14705,0,14,23400.0,-0.001729784628141,0.0016739322176387,-1.0333659929080805,0.0,0.0400960294257592,-1.7441772800187445,-1.032472757712242,1.7842733094445038,-1.032472757712242,97.7653012066192,9.857038975130337,0.34
2021-04-09 15:00:00,2021-04-09 11:00:00,1.18984,1.19004,1.18743,1.18794,13200,0,9,14400.0,-0.0016233428439066,0.0017408380797805,-0.932506510950908,0.0,0.0965568418774662,-1.1635099446236077,-0.9172899978360364,1.2600667865010735,-0.9172899978360364,97.61804713404794,9.731512118879337,0.34
2021-04-09 18:00:00,2021-04-09 15:30:00,1.18794,1.18983,1.18672,1.18848,13539,0,6,9000.0,0.0004544651276241,0.0016942042151411,0.2682469584023785,0.0,0.9390777272848908,-0.6061771572950252,0.2683079220813973,1.545254884579916,0.2683079220813973,97.66040657777914,9.820437541488289,0.34
2021-04-12 04:00:00,2021-04-09 18:30:00,1.18847,1.19105,1.18844,1.18918,13212,0,20,207000.0,0.0005888142293046,0.0016480146256513,0.3572870168381671,0.0,1.3172567140297884,-0.0153169385352169,0.3625008786671027,1.3325736525650054,0.3625008786671027,97.71682652518798,9.873058602637101,0.34
2021-04-12 10:00:00,2021-04-12 04:30:00,1.18919,1.18941,1.18744,1.18748,13805,0,12,19800.0,-0.0014305792918875,0.0017076754668909,-0.837734873882194,0.0,0.1083343278337494,-0.8617503350407214,-0.8420531845254843,0.9700846628744708,-0.8420531845254843,97.58453804198123,9.720085258411359,0.34
2021-04-12 14:30:00,2021-04-12 10:30:00,1.18749,1.19182,1.18712,1.19064,13773,0,9,14400.0,0.0026575629991998,0.0017556200102734,1.5137461316506062,0.0,2.076956559057138,-0.1774766574713885,1.5109499217159443,2.2544332165285264,1.5109499217159443,97.82357689061855,9.995816749368828,0.34
2021-04-12 19:00:00,2021-04-12 15:00:00,1.1907,1.1918,1.19028,1.19131,14088,0,9,14400.0,0.000562564300401,0.0014212675437839,0.395818720311635,0.0,0.6500017007297791,-0.2481824675514489,0.3604554885865532,0.8981841682812282,0.3604554885865532,97.88608146070077,9.986251999816787,0.34
2021-04-13 04:30:00,2021-04-12 19:30:00,1.19133,1.1919,1.18973,1.18995,13108,0,19,32400.0,-0.0011422525451824,0.0014207239911971,-0.8039932824812625,0.0,0.3367697411398336,-0.94531857162068,-0.8153372680227757,1.2820883127605134,-0.8153372680227757,97.7591211834534,9.814969897544799,0.34
2021-04-13 10:30:00,2021-04-13 05:00:00,1.18995,1.19088,1.18829,1.19036,13648,0,12,19800.0,0.0003444929476031,0.0014145546563307,0.2435345612567407,0.0,0.5525028245377344,-0.9861878373470528,0.2435765140435627,1.538690661884787,0.2435765140435627,97.79757824035946,9.876474495789523,0.34
2021-04-13 14:30:00,2021-04-13 11:00:00,1.19038,1.19045,1.18849,1.18961,13740,0,8,12600.0,-0.0006302600661577,0.0013990407536991,-0.4504944294805444,0.0,0.0420321933213475,-1.1348692196761168,-0.4623541265346895,1.1769014129974642,-0.4623541265346895,97.72643971356888,9.793529800101808,0.34
2021-04-13 16:30:00,2021-04-13 15:00:00,1.1896,1.19429,1.18775,1.19354,13844,0,4,5400.0,0.0032981587919313,0.0014544268202266,2.267669123027708,0.0,2.7106909927741163,-1.069249112288225,2.277211622927501,3.779940105062341,2.277211622927501,98.0845321340383,10.169877074054696,0.34
2021-04-13 21:30:00,2021-04-13 17:00:00,1.19354,1.1948,1.19237,1.19465,13514,0,10,16200.0,0.0009295743470409,0.0014607135531148,0.6363837352359388,0.0,0.7227173950280698,-0.6710947239546816,0.6366796099056289,1.3938121189827513,0.6366796099056289,98.1850248336936,10.151997411060364,0.34
2021-04-14 07:30:00,2021-04-13 22:00:00,1.19465,1.19641,1.19441,1.19628,13494,0,20,34200.0,0.0013634863860732,0.0014764406061548,0.9234955882337988,0.0,0.9978287189570408,-0.1360675525850624,0.9241254613068248,1.1338962715421033,0.9241254613068248,98.33085597242776,10.22404116853457,0.34
2021-04-14 13:00:00,2021-04-14 08:00:00,1.19628,1.1974,1.19514,1.19592,13817,0,11,18000.0,-0.0003009781813539,0.0014724205080832,-0.204410479004933,0.0,0.6358480194697697,-0.6472024483888209,-0.204379720543805,1.2830504678585906,-0.204379720543805,98.29857708197903,10.108291016694238,0.34
2021-04-14 18:00:00,2021-04-14 13:30:00,1.19592,1.1975,1.19509,1.19748,14017,0,10,16200.0,0.0013035850429626,0.0014827412624277,0.8791722979558826,0.0,0.8910243745180209,-0.4680697663608189,0.8797455849672106,1.3590941408788395,0.8797455849672106,98.43740903633592,10.219987190843455,0.34
2021-04-15 04:30:00,2021-04-14 18:30:00,1.19748,1.19897,1.19697,1.19741,13079,0,21,36000.0,-5.8457799748640345e-05,0.0013893914983881,-0.0420743899876024,0.0,0.8955572676121015,-0.3065330244846871,-0.0420731602233962,1.2020902920967886,-0.0420731602233962,98.43076498055306,10.144889534014553,0.34
2021-04-15 12:30:00,2021-04-15 05:00:00,1.19741,1.19933,1.19698,1.19787,13883,0,16,27000.0,0.0003840887125137,0.0013786316217745,0.2786014091417522,0.0,1.1630814044694164,-0.260481772876066,0.2786549198207514,1.4235631773454824,0.2786549198207514,98.47475951746884,10.159208540183783,0.34
2021-04-15 17:00:00,2021-04-15 13:00:00,1.19787,1.1984,1.19561,1.19789,14111,0,9,14400.0,1.6696163222104724e-05,0.0013669957918211,0.0122137634380436,0.0,0.3236674331022464,-1.3801667902097454,0.0122138654001666,1.703834223311992,0.0122138654001666,98.47668821864843,10.125172111369807,0.34
2021-04-16 03:00:00,2021-04-15 17:30:00,1.19789,1.19792,1.19571,1.19626,13527,0,20,34200.0,-0.0013616525713495,0.0013692726212354,-0.9944349651284308,0.0,0.0182900288623795,-1.3290754306674175,-0.9937582348568108,1.3473654595297972,-0.9937582348568108,98.3196548930869,9.946368041806451,0.34
2021-04-16 10:30:00,2021-04-16 03:30:00,1.19626,1.19887,1.19504,1.19876,13512,0,15,25200.0,0.0020876659969346,0.001405800016907,1.4850376809126755,0.0,1.5519988027572975,-0.7254553790666901,1.4865888915300725,2.2774541818239875,1.4865888915300725,98.5541603296368,10.218206961010068,0.34
2021-04-16 16:00:00,2021-04-16 11:00:00,1.19876,1.19949,1.19692,1.1984,13551,0,11,18000.0,-0.0003003554228391,0.001332357254059,-0.2254315964611606,0.0,0.4570565385716717,-1.152032919139758,-0.2253977450491616,1.6090894577114296,-0.2253977450491616,98.51856195013455,10.10757476492229,0.34
2021-04-19 03:30:00,2021-04-16 16:30:00,1.1984,1.19937,1.19607,1.19614,13722,0,23,212400.0,-0.0018876282468098,0.0013541657683083,-1.3939417839278905,0.0,0.5977204335020261,-1.4357614536695766,-1.3926269893962318,2.033481887171603,-1.3926269893962318,98.29844165906944,9.872149946383914,0.34
2021-04-19 10:30:00,2021-04-19 04:00:00,1.19614,1.2021,1.19426,1.20198,13971,0,14,23400.0,0.004870491505471,0.0016912131678318,2.8798803120217764,0.0,2.9462248924107857,-0.9293461070021166,2.8869049281341086,3.8755709994129024,2.8869049281341086,98.7532096413654,10.388336744068212,0.34
2021-04-19 14:30:00,2021-04-19 11:00:00,1.20198,1.20481,1.20133,1.20373,13294,0,8,12600.0,0.001454872207106,0.0017029088386032,0.8543453261417043,0.0,1.3826039538619246,-0.3175592120177883,0.8549671092785691,1.700163165879713,0.8549671092785691,98.88812111616924,10.38243909121448,0.34
2021-04-19 19:30:00,2021-04-19 15:00:00,1.20374,1.20407,1.20153,1.2038,13227,0,10,16200.0,5.815088494822474e-05,0.0016405009553062,0.0354470290066787,0.0,0.1671108930009667,-1.1191365864612413,0.030383798727428,1.286247479462208,0.030383798727428,98.89371863138278,10.295652362978757,0.34
2021-04-20 08:00:00,2021-04-19 20:00:00,1.20381,1.20717,1.20324,1.206,13511,0,25,43200.0,0.0018258781734603,0.0015977856871119,1.1427553696269954,0.0,1.7468789205778454,-0.2963455311694322,1.1385907250194338,2.0432244517472777,1.1385907250194338,99.07417354526712,10.432010390119785,0.34
2021-04-20 12:30:00,2021-04-20 08:30:00,1.206,1.20798,1.20483,1.2058,14066,0,9,14400.0,-0.0001658512318255,0.0016079351474926,-0.1031454733010951,0.0,1.021055511683019,-0.6033509841762459,-0.1031369203720058,1.6244064958592646,-0.1031369203720058,99.05788562573788,10.326270386937452,0.34
2021-04-20 17:30:00,2021-04-20 13:00:00,1.20579,1.206,1.20263,1.20487,14396,0,10,16200.0,-0.0007715697678546,0.0015887634637267,-0.485641686424989,0.0,0.109619640382273,-1.649514588609012,-0.4802384245316642,1.7591342289912848,-0.4802384245316642,98.9811969213732,10.214139516775589,0.34
2021-04-21 04:30:00,2021-04-20 18:00:00,1.20487,1.20504,1.20224,1.20369,14126,0,22,37800.0,-0.0009798386541406,0.0016280938444473,-0.6018318031742381,0.0,0.0866621174332792,-1.3407139344107584,-0.6015370504200981,1.4273760518440377,-0.6015370504200981,98.88616039028246,10.119387414465749,0.34
2021-04-21 12:30:00,2021-04-21 05:00:00,1.20369,1.2038,1.20008,1.2007,14144,0,16,27000.0,-0.0024871185966376,0.0017478866163826,-1.422929023728582,0.0,0.0522835147993346,-1.7158498947772631,-1.421160993181234,1.7681334095765977,-1.421160993181234,98.66146266296022,9.915602334298924,0.34
2021-04-21 17:30:00,2021-04-21 13:00:00,1.20069,1.20319,1.19984,1.2028,14311,0,10,16200.0,0.0017474520777018,0.0016470304866626,1.0609713006847228,0.0,1.26417581334022,-0.4298197765356927,1.066964386459197,1.6939955898759125,1.066964386459197,98.82900288179228,10.15861145930478,0.34
2021-04-22 06:00:00,2021-04-21 18:00:00,1.20281,1.20468,1.20256,1.20444,13748,0,25,43200.0,0.001362556499335,0.0016573588255847,0.8221252261738449,0.0,0.9380544135149892,-0.1254083440527339,0.8176624032242887,1.0634627575677231,0.8176624032242887,98.95882641256227,10.251920761883568,0.34
2021-04-22 13:00:00,2021-04-22 06:30:00,1.20443,1.20556,1.20222,1.20508,13534,0,14,23400.0,0.0005312261488186,0.0016424892446889,0.3234274748138673,0.0,0.5712080833808658,-1.117141472806662,0.3285710214137703,1.688349556187528,0.3285710214137703,99.00989952817967,10.248286903180983,0.34
2021-04-22 17:00:00,2021-04-22 13:30:00,1.20508,1.2069,1.20026,1.20055,15215,0,8,12600.0,-0.0037661696557421,0.0018819143177999,-2.001243956815701,0.0,0.802519627275177,-2.125354177728507,-1.9974801711847143,2.927873805003684,-1.9974801711847143,98.6938788683891,9.893336035781417,0.34
2021-04-22 22:00:00,2021-04-22 17:30:00,1.20056,1.20249,1.19937,1.20104,13556,0,10,16200.0,0.0004080629972637,0.0018646792244356,0.2188381743714003,0.0,0.8621231506240378,-0.5315681602293434,0.2144140478235131,1.393691310853381,0.2144140478235131,98.72843606668404,10.015706659649851,0.34
2021-04-23 10:00:00,2021-04-22 22:30:00,1.20104,1.20507,1.20093,1.20497,14311,0,24,41400.0,0.0032668222452288,0.0019893435878656,1.642160894254435,0.0,1.6866997327873086,-0.0460389505226581,1.6448461414030149,1.7327386833099667,1.6448461414030149,98.98775316169244,10.284949231287811,0.34
2021-04-23 16:00:00,2021-04-23 10:30:00,1.20501,1.20756,1.20442,1.20651,13840,0,12,19800.0,0.0012772241190888,0.0020009740173162,0.6383012013328954,0.0,1.0575674610293118,-0.244692079218487,0.6220985064878414,1.302259540247799,0.6220985064878414,99.08854865246872,10.302437689132518,0.34
2021-04-23 22:00:00,2021-04-23 16:30:00,1.20652,1.20973,1.20464,1.20971,13528,0,12,19800.0,0.0026487669756266,0.0020628505360343,1.2840324247236017,0.0,1.289741708904426,-0.7553627454020262,1.2817059350172075,2.0451044543064523,1.2817059350172075,99.29131292449648,10.443643606798105,0.34
2021-04-26 09:00:00,2021-04-23 22:30:00,1.20971,1.2117,1.20887,1.21123,13687,0,22,210600.0,0.001255710756755,0.0020217487386384,0.6211012935270557,0.0,0.8136631072359883,-0.343455783958901,0.6214914185923186,1.1571188911948893,0.6214914185923186,99.38939234150544,10.445610798342386,0.34
2021-04-26 14:30:00,2021-04-26 09:30:00,1.21125,1.21128,1.2081,1.20827,13399,0,11,18000.0,-0.0024467877468374,0.0021013961980289,-1.1643628884131911,0.0,0.0117863551294115,-1.237567288589256,-1.1707779428558658,1.2493536437186674,-1.1707779428558658,99.20552533869513,10.188068021385348,0.34
2021-04-26 20:00:00,2021-04-26 15:00:00,1.20824,1.20897,1.20613,1.20852,13120,0,11,18000.0,0.0002068859941424,0.0020956139726787,0.0987233320829391,0.0,0.2883091098662027,-0.8333318107093007,0.1105843161131025,1.1216409205755036,0.1105843161131025,99.22111494856516,10.229465282498225,0.34
2021-04-27 09:30:00,2021-04-26 20:30:00,1.20851,1.20936,1.20651,1.20698,13902,0,27,46800.0,-0.0012750984960912,0.0020643496749556,-0.6176756348793845,0.0,0.3407104186081934,-0.8016715731957335,-0.6132787534947481,1.1423819918039269,-0.6132787534947481,99.12357648454817,10.122262039365523,0.34
2021-04-27 15:30:00,2021-04-27 10:00:00,1.20698,1.20928,1.20568,1.20817,13535,0,12,19800.0,0.0009854461182959,0.0017913380481256,0.5501173378900083,0.0,1.063776058509814,-0.6012647287228803,0.5503884824464008,1.6650407872326942,0.5503884824464008,99.21044667520638,10.232955884684529,0.34
2021-04-27 22:00:00,2021-04-27 16:00:00,1.20817,1.20903,1.20694,1.20868,13555,0,13,21600.0,0.0004220369551853,0.0017697398113805,0.2384740132257926,0.0,0.4022175191118015,-0.5752645912877838,0.2385243427290735,0.9774821103995854,0.2385243427290735,99.24810461028514,10.243299538955569,0.34
2021-04-28 10:30:00,2021-04-27 22:30:00,1.20869,1.2093,1.20563,1.20732,14322,0,25,43200.0,-0.001125827933484,0.0017945457901192,-0.6273609398449898,0.0,0.2812291677256174,-1.4107561528531276,-0.6316130488264304,1.6919853205787452,-0.6316130488264304,99.14903671930593,10.119757726445627,0.34
2021-04-28 16:30:00,2021-04-28 11:00:00,1.20733,1.20797,1.2057,1.20717,14194,0,12,19800.0,-0.0001242498417411,0.0017509148579747,-0.0709628119124561,0.0,0.3027533474391203,-0.7710749317590506,-0.0756883368597538,1.073828279198171,-0.0756883368597538,99.1378308318054,10.129351749097125,0.34
2021-04-28 21:00:00,2021-04-28 17:00:00,1.20718,1.2106,1.20656,1.21023,13983,0,9,14400.0,0.0025316469217795,0.0018353930875031,1.3793486196592069,0.0,1.5435652140286116,-0.2798276118998546,1.3765713166044709,1.8233928259284664,1.3765713166044709,99.3556466854805,10.352440415019643,0.34
2021-04-29 04:30:00,2021-04-28 21:30:00,1.21023,1.21502,1.20988,1.21469,13291,0,15,25200.0,0.0036784760149527,0.0019777512194355,1.859928578884936,0.0,2.001225085408717,-0.1462273026915952,1.8633536285851784,2.147452388100312,1.8633536285851784,99.649351935488,10.57147262733369,0.34
2021-04-29 12:00:00,2021-04-29 05:00:00,1.21473,1.21487,1.21112,1.21152,13530,0,15,25200.0,-0.0026131306060474,0.0020695697870134,-1.2626443536452925,0.0,0.0556888439886514,-1.4359766199951096,-1.2768656371701892,1.491665463983761,-1.2768656371701892,99.44996509893522,10.245585832249276,0.34
2021-04-29 16:30:00,2021-04-29 12:30:00,1.21152,1.21358,1.21021,1.21063,14184,0,9,14400.0,-0.0007348843300819,0.0019794191889068,-0.3712626078399087,0.0,0.8590112593839442,-0.546264441647052,-0.3711262237143627,1.4052757010309962,-0.3711262237143627,99.39133823643526,10.205475765845492,0.34
2021-04-29 22:30:00,2021-04-29 17:00:00,1.21065,1.21293,1.21023,1.21287,13497,0,12,19800.0,0.001848566649785,0.0019831358108032,0.932143244912869,0.0,0.949650461620839,-0.1749356113512388,0.92465965999926,1.1245860729720778,0.92465965999926,99.53853494489924,10.364743150507977,0.34
2021-04-30 10:30:00,2021-04-29 23:00:00,1.21286,1.21286,1.20998,1.21021,13705,0,24,41400.0,-0.0021955536495158,0.002052227409199,-1.0698393558502943,0.0,0.0,-1.1570612006638592,-1.064657007555306,1.1570612006638592,-1.064657007555306,99.36959435274689,10.142899877028057,0.34
2021-04-30 16:30:00,2021-04-30 11:00:00,1.21021,1.21041,1.2068,1.20749,14710,0,12,19800.0,-0.0022500733321543,0.0021243474178677,-1.0591833111802498,0.0,0.0777935723794537,-1.3263804090697986,-1.057992584360709,1.4041739814492522,-1.057992584360709,99.20233647911364,10.01138535276418,0.34
2021-04-30 19:30:00,2021-04-30 17:00:00,1.2075,1.20797,1.2024,1.20267,13233,0,6,9000.0,-0.0039997397897474,0.0021472382277036,-1.8627368580453496,0.0,0.1812719005415591,-1.9669929633234648,-1.862858041735757,2.148264863865024,-1.862858041735757,98.90818776781292,9.778350408221385,0.34
2021-05-03 08:30:00,2021-04-30 20:00:00,1.20267,1.20355,1.20163,1.20219,13443,0,26,217800.0,-0.000399191642236,0.0021484962625841,-0.185800482499292,0.0,0.3405662377951176,-0.402487371939661,-0.1857634024336302,0.7430536097347786,-0.1857634024336302,98.87884762121618,9.866728819347799,0.34
2021-05-03 15:00:00,2021-05-03 09:00:00,1.20219,1.20577,1.20129,1.20516,13799,0,13,21600.0,0.0024674447062952,0.0020921582566803,1.1793776586530156,0.0,1.4233620514868222,-0.3578284486978616,1.1808338807027492,1.7811905001846835,1.1808338807027492,99.06508563810584,10.103611844992429,0.34
2021-05-03 20:30:00,2021-05-03 15:30:00,1.20516,1.20759,1.20421,1.20607,13329,0,11,18000.0,0.0007548015271908,0.0020786940713131,0.3631133304353893,0.0,0.969998332012316,-0.3792174549019473,0.3632504041692179,1.3492157869142634,0.3632504041692179,99.12242563099984,10.122778373386708,0.34
2021-05-04 10:00:00,2021-05-03 21:00:00,1.20607,1.20673,1.20132,1.20185,13200,0,27,46800.0,-0.003505103425768,0.0021182195098184,-1.6547404126537115,0.0,0.2583452357080579,-1.8593028327471035,-1.651843779830004,2.117648068455161,-1.651843779830004,98.8611220776734,9.836566259935836,0.34
2021-05-04 15:00:00,2021-05-04 10:30:00,1.20185,1.20249,1.19992,1.20215,13810,0,10,16200.0,0.0002495840279178,0.0020904448755502,0.1193927813342483,0.0,0.2547363879242811,-0.7681894198341866,0.1194076818394985,1.0229258077584678,0.1194076818394985,98.87997564392803,9.93672476629645,0.34
2021-05-04 18:00:00,2021-05-04 15:30:00,1.20215,1.20356,1.20015,1.20169,14028,0,6,9000.0,-0.0003827209844374,0.0020330050520964,-0.1882538285100404,0.0,0.5769285007643815,-0.8183382989566218,-0.1882178087600748,1.395266799721003,-0.1882178087600748,98.85024808428132,9.926103501816698,0.34
2021-05-05 01:30:00,2021-05-04 18:30:00,1.20167,1.20245,1.20078,1.2016,13326,0,15,25200.0,-7.489732828078984e-05,0.0020304788908667,-0.0368865338210038,0.0,0.3196766421534008,-0.3647592455340308,-0.0286889294240289,0.6844358876874317,-0.0286889294240289,98.84442325382236,9.941978575946024,0.34
2021-05-05 11:00:00,2021-05-05 02:00:00,1.20161,1.20268,1.1986,1.19888,13361,0,19,32400.0,-0.0022662143938697,0.0020676154176503,-1.0960521838462074,0.0,0.4306758125964445,-1.211527285902328,-1.0988270732602343,1.6422030984987726,-1.0988270732602343,98.67134333864044,9.781845383342443,0.34
2021-05-05 16:30:00,2021-05-05 11:30:00,1.19889,1.20197,1.1988,1.19982,14837,0,11,18000.0,0.0007837579089658,0.0020613098395157,0.3802232415239461,0.0,1.2463158047478569,-0.0364183189698742,0.376322629355637,1.282734123717731,0.376322629355637,98.73138519373006,9.908635090781814,0.34
2021-05-06 03:00:00,2021-05-05 17:00:00,1.19982,1.2012,1.19912,1.20056,13498,0,21,36000.0,0.0006165690627677,0.0020655830097637,0.2984963856951435,0.0,0.5568270655027089,-0.2824485114868176,0.298588426429029,0.8392755769895265,0.298588426429029,98.77852138841098,9.96035455705858,0.34
2021-05-06 11:00:00,2021-05-06 03:30:00,1.20056,1.20342,1.19931,1.20324,14035,0,16,27000.0,0.0022298037361001,0.0021333134274349,1.0452302542253151,0.0,1.1166768086067274,-0.4880580457197365,1.0463964500231435,1.604734854326464,1.0463964500231435,98.943575905352,10.117563163908201,0.34
2021-05-06 16:00:00,2021-05-06 11:30:00,1.20324,1.20606,1.20324,1.20535,13513,0,10,16200.0,0.0017520628581532,0.0021762220818292,0.805093778241853,0.0,1.076945273618097,0.0,0.805799477778067,1.076945273618097,0.805799477778067,99.07070996420912,10.189928530947796,0.34
2021-05-06 21:30:00,2021-05-06 16:30:00,1.20535,1.20716,1.20442,1.20549,13332,0,11,18000.0,0.0001161420916837,0.0020892075769237,0.0555914562854469,0.0,0.7187598517326342,-0.3693075481277498,0.0555946846644114,1.088067399860384,0.0555946846644114,99.07948852847872,10.139305749021474,0.34
2021-05-07 09:30:00,2021-05-06 22:00:00,1.20549,1.20698,1.2053,1.20579,13095,0,24,41400.0,0.0002488304979495,0.0018852291358321,0.1319895248912125,0.0,0.6556295405560547,-0.0836037669165058,0.1320059477629502,0.7392333074725606,0.1320059477629502,99.1003312731124,10.134961938518813,0.34
2021-05-07 15:00:00,2021-05-07 10:00:00,1.20579,1.20906,1.20567,1.20621,13498,0,11,18000.0,0.0003482587099876,0.0018145583783807,0.1919247758225503,0.0,1.4945316956385215,-0.0548451998398973,0.1919581994398436,1.5493768954784188,0.1919581994398436,99.13063851980216,10.14455291260596,0.34
2021-05-07 16:30:00,2021-05-07 15:30:00,1.20623,1.21462,1.20616,1.21209,16720,0,3,3600.0,0.0048629298164476,0.002134428891316,2.2783283323386616,0.0,3.2587432488770194,-0.0271885610751742,2.2760709700141817,3.285931809952194,2.2760709700141817,99.4904141585258,10.48266703332395,0.34
2021-05-07 21:00:00,2021-05-07 17:00:00,1.21211,1.21652,1.21179,1.2158,13739,0,9,14400.0,0.0030561540165659,0.0022036377482301,1.3868677004741652,0.0,1.6510352743076513,-0.1198030131017249,1.3814784948288323,1.7708382874093762,1.3814784948288323,99.70941736613248,10.568073288926698,0.34
2021-05-10 07:30:00,2021-05-07 21:30:00,1.21579,1.21769,1.21508,1.21517,13279,0,21,208800.0,-0.0005183116320677,0.0021419028537184,-0.2419865266848871,0.0,0.7296175377579773,-0.2726465535832378,-0.238085722847278,1.0022640913412153,-0.238085722847278,99.67120476263506,10.407187669662193,0.34
2021-05-10 12:30:00,2021-05-10 08:00:00,1.21517,1.21754,1.21367,1.21644,13954,0,10,16200.0,0.0010445754997542,0.0020686283459606,0.5049604496592978,0.0,0.9428201059246216,-0.5967215860282683,0.5052242761705346,1.5395416919528897,0.5052242761705346,99.75094413370272,10.447005785848262,0.34
2021-05-10 17:00:00,2021-05-10 13:00:00,1.21645,1.21783,1.21554,1.21661,14700,0,9,14400.0,0.0001397422989882,0.0017978523361812,0.0777273506705454,0.0,0.6310021004535137,-0.4160955879802192,0.0731596638206722,1.0470976884337329,0.0731596638206722,99.76321822380504,10.403150890499788,0.34
2021-05-11 00:00:00,2021-05-10 17:30:00,1.2166,1.21729,1.2127,1.21299,13191,0,14,23400.0,-0.002979916594312,0.0019571032949747,-1.5226158997143933,0.0,0.2897927595743441,-1.637959075854806,-1.516162118932218,1.92775183542915,-1.516162118932218,99.52277873136006,10.127981821881122,0.34
2021-05-11 09:00:00,2021-05-11 00:30:00,1.2129,1.21493,1.2126,1.21357,13474,0,18,30600.0,0.0004780430000044,0.0018987029993445,0.2517734475426077,0.0,0.8814831306455337,-0.1302684429525291,0.2909328559273246,1.011751573598063,0.2909328559273246,99.5625368081998,10.226169971866327,0.34
2021-05-11 13:30:00,2021-05-11 09:30:00,1.21357,1.21692,1.2123,1.21612,13572,0,9,14400.0,0.0020990339806831,0.0019372724632075,1.0834996215286012,0.0,1.4249160218196737,-0.5401920440928816,1.084637568847845,1.965108065912555,1.084637568847845,99.7336345217555,10.392802194954555,0.34
2021-05-11 17:00:00,2021-05-11 14:00:00,1.21612,1.21817,1.21482,1.21707,14501,0,7,10800.0,0.0007808679538155,0.0017038093077944,0.4583071299371743,0.0,0.989364774899808,-0.6274020523755612,0.4584861151975008,1.6167668272753697,0.4584861151975008,99.8060067685754,10.402867813329749,0.34
2021-05-11 22:00:00,2021-05-11 17:30:00,1.2171,1.2172,1.21462,1.2155,13690,0,10,16200.0,-0.0012908160653098,0.0017558940463862,-0.7351332319660635,0.0,0.0467924118933162,-1.160451814954389,-0.7486785902931642,1.2072442268477053,-0.7486785902931642,99.68992032733534,10.238156204388844,0.34
2021-05-12 08:30:00,2021-05-11 22:30:00,1.2155,1.2155,1.21152,1.21222,13055,0,21,36000.0,-0.0027021254475294,0.0018921953926251,-1.4280372196555706,0.0,0.0,-1.73046224449094,-1.4261095884246384,1.73046224449094,-1.4261095884246384,99.4644159540059,10.028432297348658,0.34
2021-05-12 14:00:00,2021-05-12 09:00:00,1.21222,1.21439,1.21203,1.21254,14152,0,11,18000.0,0.0002639436495632,0.0018888921729866,0.1397346303499931,0.0,0.9477005263275132,-0.0829783870978592,0.1397530730067677,1.0306789134253724,0.1397530730067677,99.4864817446,10.123796618788504,0.34
2021-05-12 16:00:00,2021-05-12 14:30:00,1.21254,1.21521,1.20719,1.20941,14625,0,4,5400.0,-0.0025846955903599,0.0019141971153642,-1.350276609244643,0.0,1.150346113810699,-2.305000640032702,-1.3485330847293588,3.455346753843401,-1.3485330847293588,99.27325671348872,9.922808354284584,0.34
2021-05-12 18:00:00,2021-05-12 16:30:00,1.20941,1.21106,1.20658,1.20781,13403,0,4,5400.0,-0.0013238350118498,0.0019517614845476,-0.6782770447776711,0.0,0.699010413110765,-1.198908769153713,-0.6778282793801842,1.897919182264478,-0.6778282793801842,99.16614855284622,9.89392454176651,0.34
2021-05-12 22:00:00,2021-05-12 18:30:00,1.2078,1.20828,1.20656,1.20778,13769,0,8,12600.0,-2.4838652255967694e-05,0.0019521067309198,-0.0127240236727544,0.0,0.2035835359638214,-0.5259241345731268,-0.0084826473317866,0.7295076705369482,-0.0084826473317866,99.16413927539529,9.954599358526593,0.34
2021-05-13 07:30:00,2021-05-12 22:30:00,1.20778,1.20889,1.20678,1.20778,13247,0,19,32400.0,0.0,0.0018990305536266,0.0,0.0,0.4839530072575547,-0.4359937002321019,0.0,0.9199467074896566,0.0,99.16413927539529,9.981180110709005,0.34
2021-05-13 11:30:00,2021-05-13 08:00:00,1.20781,1.21061,1.20515,1.20623,15414,0,8,12600.0,-0.0012841704988862,0.0018887745546918,-0.6798961240219127,0.0,1.2273806916959316,-1.1660116571112178,-0.6925933903142142,2.3933923488071494,-0.6925933903142142,99.05677544252988,9.889175574466904,0.34
2021-05-13 15:30:00,2021-05-13 12:00:00,1.20624,1.20941,1.206,1.20816,14340,0,8,12600.0,0.0015987478502554,0.0019208867800173,0.8322967636025983,0.0,1.3681186671111278,-0.1035799621787643,0.8286396974300193,1.471698629289892,0.8286396974300193,99.18820518225724,10.067247981582753,0.34
2021-05-13 19:00:00,2021-05-13 16:00:00,1.20815,1.21002,1.20642,1.20836,14441,0,7,10800.0,0.0001655272875512,0.0019206616219778,0.0861824309171107,0.0,0.8058790944742161,-0.7455459002354935,0.0904997913579882,1.5514249947097096,0.0904997913579882,99.2018144319382,10.055376453849803,0.34
2021-05-14 03:00:00,2021-05-13 19:30:00,1.20836,1.20907,1.20622,1.20717,13196,0,16,27000.0,-0.0009852910924481,0.0019349201662055,-0.5092153721155218,0.0,0.3036679497301559,-0.9152808625665956,-0.5089645918010117,1.2189488122967516,-0.5089645918010117,99.1214031570792,9.967511881459743,0.34
2021-05-14 10:30:00,2021-05-14 03:30:00,1.20717,1.21179,1.20711,1.21153,14470,0,15,25200.0,0.0036052463906508,0.0017845106739321,2.020299706421315,0.0,2.1446399491702826,-0.0278524668724216,2.0239459260568333,2.1724924160427044,2.0239459260568333,99.44043295053515,10.312556077454019,0.34
2021-05-14 15:30:00,2021-05-14 11:00:00,1.2115,1.21377,1.21031,1.21292,15757,0,10,16200.0,0.0011466519435738,0.0016576659289365,0.6917267970329073,0.0,1.1303304506709575,-0.5925520864750972,0.7070789603316024,1.7228825371460548,0.7070789603316024,99.54966498996178,10.32231515329579,0.34
2021-05-14 20:00:00,2021-05-14 16:00:00,1.21295,1.21476,1.21241,1.21365,13483,0,9,14400.0,0.0006016723375152,0.0016623624988859,0.3619381079147474,0.0,0.8976560100164551,-0.2678089753640046,0.3471597828792366,1.1654649853804595,0.3471597828792366,99.6068194009855,10.31180694460879,0.34
2021-05-17 07:30:00,2021-05-14 20:30:00,1.21365,1.21513,1.2129,1.21296,13376,0,23,212400.0,-0.0005686946139643,0.0016448604680018,-0.3457403378751325,0.0,0.7413771425198975,-0.3756978762768405,-0.3456420461747111,1.117075018796738,-0.3456420461747111,99.55222281403796,10.20939106669762,0.34
2021-05-17 13:00:00,2021-05-17 08:00:00,1.21296,1.21668,1.2126,1.21647,13136,0,11,18000.0,0.0028895686990443,0.0017792008107607,1.6240823866356022,0.0,1.7237389405785353,-0.1668134458624023,1.6264310971587577,1.8905523864409373,1.6264310971587577,99.808685093727,10.460777421326029,0.34
2021-05-17 17:30:00,2021-05-17 13:30:00,1.2165,1.21687,1.21347,1.21443,14704,0,9,14400.0,-0.0016783911134881,0.0016860562577881,-0.9954538027633736,0.0,0.1803921145523081,-1.4772651543058617,-1.0092207489811764,1.6576572688581697,-1.0092207489811764,99.65149088136276,10.206896292435815,0.34
2021-05-18 04:00:00,2021-05-17 18:00:00,1.21444,1.21657,1.21423,1.21657,13390,0,21,36000.0,0.0017605928036013,0.0017267199832934,1.019616857762472,0.0,1.0157378244408497,-0.1001431657899653,1.0157378244408497,1.1158809902308149,1.0157378244408497,99.81250073277356,10.384451996864414,0.34
2021-05-18 11:00:00,2021-05-18 04:30:00,1.21657,1.22137,1.21623,1.22128,14243,0,14,23400.0,0.0038640653530089,0.0018719983889526,2.064139251300753,0.0,2.1076508304305506,-0.1492919338221627,2.0681323773599147,2.256942764252713,2.0681323773599147,100.13845332134936,10.650594369638767,0.34
2021-05-18 16:00:00,2021-05-18 11:30:00,1.2213,1.22339,1.22066,1.22156,14304,0,10,16200.0,0.0002292413757971,0.001867228790805,0.1227709089138103,0.0,0.9164871789996104,-0.2806467916553816,0.1140127591099714,1.197133970654992,0.1140127591099714,100.15784033486456,10.534518609182726,0.34
2021-05-18 21:00:00,2021-05-18 16:30:00,1.22157,1.22292,1.2198,1.22273,13523,0,10,16200.0,0.000957333286441,0.0018412529699854,0.5199357731103338,0.0,0.6002082347657361,-0.7869396855817868,0.5157344832061507,1.387147920347523,0.5157344832061507,100.23994449088585,10.557234776079795,0.34
2021-05-19 08:30:00,2021-05-18 21:30:00,1.22273,1.22426,1.22173,1.22395,13387,0,23,39600.0,0.0009972698522996,0.0017049291070555,0.5849333254811814,0.0,0.7339298267964427,-0.4796926972526903,0.5852250906482163,1.213622524049133,0.5852250906482163,100.33231254767496,10.58697085233868,0.34
2021-05-19 12:30:00,2021-05-19 09:00:00,1.22394,1.22452,1.22048,1.22109,14608,0,8,12600.0,-0.0023394310967374,0.0018180427722491,-1.2867855104658787,0.0,0.2606536247485161,-1.554933692465227,-1.2807979836780068,1.8155873172137431,-1.2807979836780068,100.12911353006324,10.318541619298244,0.34
2021-05-19 16:00:00,2021-05-19 13:00:00,1.22109,1.22175,1.21889,1.22154,14563,0,7,10800.0,0.0003684553166798,0.0016818584944589,0.2190762884593516,0.0,0.3213710915483791,-1.07123697182775,0.2191166533284353,1.3926080633761293,0.2191166533284353,100.16370832945668,10.387751852563952,0.34
2021-05-19 18:30:00,2021-05-19 16:30:00,1.22152,1.22387,1.22118,1.22159,14339,0,5,7200.0,4.093110068380394e-05,0.0016309235416887,0.0250968850700515,0.0,1.179597052116913,-0.1706651054126578,0.0351369334673184,1.3502621575295708,0.0351369334673184,100.167671431582,10.378168954271715,0.34
2021-05-19 21:30:00,2021-05-19 19:00:00,1.22158,1.2221,1.21687,1.21712,15019,0,6,9000.0,-0.0036658766363335,0.0018840615098946,-1.945730867639512,0.0,0.2259364770070663,-2.046463089813606,-1.9378397835602847,2.272399566820672,-1.9378397835602847,99.86041696094529,10.058996684555694,0.34
2021-05-20 04:30:00,2021-05-19 22:00:00,1.21709,1.2185,1.21599,1.2181,13388,0,14,23400.0,0.0008048554569221,0.0018839970683796,0.4272063212998626,0.0,0.6149165697543992,-0.4797221466169813,0.4404721528028048,1.0946387163713809,0.4404721528028048,99.92787801338925,10.220782599655905,0.34
2021-05-20 11:00:00,2021-05-20 05:00:00,1.21811,1.22047,1.21726,1.21995,14274,0,13,21600.0,0.0015176065749807,0.0018541156938602,0.8185069464684679,0.0,1.0449335285454648,-0.3763531776541077,0.8146939375100801,1.4212867061995726,0.8146939375100801,100.05713017396926,10.352470468402458,0.34
2021-05-20 15:30:00,2021-05-20 11:30:00,1.21995,1.22081,1.21811,1.22,13853,0,9,14400.0,4.098444640826045e-05,0.0018411002410267,0.0222608446270171,0.0,0.3828943738886318,-0.8192158697153732,0.0222613008074303,1.202110243604005,0.0222613008074303,100.06064543095856,10.31526435075962,0.34
2021-05-20 19:30:00,2021-05-20 16:00:00,1.22,1.22263,1.21973,1.22182,13980,0,8,12600.0,0.0014906916455984,0.0018527073894063,0.804601770426442,0.0,1.1635608068735177,-0.1194530105915685,0.8052017750987139,1.2830138174650862,0.8052017750987139,100.18770179582246,10.42756845753648,0.34
2021-05-21 05:00:00,2021-05-20 20:00:00,1.22183,1.22392,1.22121,1.22291,13279,0,19,32400.0,0.0008917140724958,0.0018178488976157,0.4905325594803027,0.0,0.9409742102030508,-0.2791406747970868,0.4862450464206674,1.2201148850001375,0.4862450464206674,100.2651628282807,10.452968584059562,0.34
2021-05-21 11:00:00,2021-05-21 05:30:00,1.22291,1.22398,1.22098,1.22201,13801,0,12,19800.0,-0.0007362204412835,0.0017015916328261,-0.4326657625018922,0.0,0.5142022113260862,-0.9274862316441334,-0.4325065328910018,1.4416884429702197,-0.4325065328910018,100.19683966394636,10.337273883785471,0.34
2021-05-21 15:00:00,2021-05-21 11:30:00,1.22203,1.2238,1.21784,1.21923,14898,0,8,12600.0,-0.0022775320752488,0.0017954359409886,-1.2685120216512662,0.0,0.8067175110209912,-1.909687215354684,-1.2761632942704195,2.7164047263756754,-1.2761632942704195,99.9965262515464,10.137865032402217,0.34
2021-05-21 18:00:00,2021-05-21 15:30:00,1.2192,1.22103,1.21707,1.21856,13653,0,6,9000.0,-0.0005496782059732,0.0018023301763184,-0.3049819690063757,0.0,0.8328020424284815,-0.9693269674167424,-0.2912531733083098,1.802129009845224,-0.2912531733083098,99.94836590470744,10.150306423467015,0.34
2021-05-24 03:00:00,2021-05-21 18:30:00,1.21856,1.21885,1.2161,1.21834,13688,0,18,203400.0,-0.0001805572658687,0.0017956736333693,-0.1005512708509141,0.0,0.1325328917822927,-1.1242445302916138,-0.1005421937659612,1.2567774220739063,-0.1005421937659612,99.93248764116598,10.165795816919768,0.34
2021-05-24 09:00:00,2021-05-24 03:30:00,1.21834,1.21925,1.21751,1.21874,13092,0,12,19800.0,0.000328261693167,0.0016831690646775,0.1950259781122646,0.0,0.4437569304213785,-0.4047453321425355,0.1950579913939982,0.8485022625639139,0.1950579913939982,99.96328460525896,10.213012316186067,0.34
2021-05-24 13:00:00,2021-05-24 09:30:00,1.21875,1.22181,1.21747,1.22132,14608,0,8,12600.0,0.0021147028855628,0.0016867368797405,1.253724223951394,0.0,1.4885363929171562,-0.6226557460568115,1.250175990129724,2.111192138973968,1.250175990129724,100.1612628452927,10.407350927774132,0.34
2021-05-24 17:00:00,2021-05-24 13:30:00,1.22133,1.223,1.22036,1.22267,13344,0,8,12600.0,0.0011047509501294,0.0016627001276979,0.6644318670131766,0.0,0.8223742740541339,-0.4776664945105353,0.6598691779834819,1.300040768564669,0.6598691779834819,100.2661846846738,10.444840546534934,0.34
2021-05-25 02:00:00,2021-05-24 17:30:00,1.22267,1.22291,1.22048,1.22131,13281,0,18,30600.0,-0.0011129388459631,0.0014524978213306,-0.7662241069274205,0.0,0.1351408031956183,-1.2331598291598769,-0.765797884775129,1.3683006323554951,-0.765797884775129,100.14518861770556,10.265615840276709,0.34
2021-05-25 09:00:00,2021-05-25 02:30:00,1.22131,1.22381,1.22117,1.223,13535,0,14,23400.0,0.0013828035472538,0.0014845781544319,0.9314454366216636,0.0,1.3788309712935174,-0.0772145343923252,0.9320897365944604,1.4560455056858426,0.9320897365944604,100.29227513378852,10.429043957511794,0.34
2021-05-25 12:00:00,2021-05-25 09:30:00,1.22301,1.22622,1.22289,1.22588,13689,0,6,9000.0,0.0023520967362762,0.0015598541880622,1.5078952598755992,0.0,1.6826392723739696,-0.0629024027055124,1.5044157980415294,1.745541675079482,1.5044157980415294,100.530390058907,10.614988674684113,0.34
2021-05-25 16:30:00,2021-05-25 12:30:00,1.22587,1.22664,1.22408,1.22477,14979,0,9,14400.0,-0.0009058821748579,0.0015621239366174,-0.579904163570679,0.0,0.4020969890246584,-0.9347449485119226,-0.5744242700353257,1.336841937536581,-0.5744242700353257,100.4388161676966,10.421880765317368,0.34
2021-05-25 20:30:00,2021-05-25 17:00:00,1.22477,1.22541,1.22268,1.22477,13155,0,8,12600.0,0.0,0.0014592919589574,0.0,0.0,0.3580826216897863,-1.1693635614553084,0.0,1.5274461831450947,0.0,100.4388161676966,10.412920690892562,0.34
2021-05-26 05:30:00,2021-05-25 21:00:00,1.22478,1.2257,1.2242,1.22499,13500,0,18,30600.0,0.0001796094316108,0.0014584178776541,0.1231536134895165,0.0,0.5150480675217791,-0.3247042164811243,0.1175653197604263,0.8397522840029035,0.1175653197604263,100.4582636148996,10.417693640918301,0.34
2021-05-26 11:30:00,2021-05-26 06:00:00,1.22498,1.2263,1.22324,1.22409,14057,0,12,19800.0,-0.0007349698993202,0.0014714816168653,-0.4994761000725145,0.0,0.7323017841436863,-0.9653068972802408,-0.4937489302181279,1.697608681423927,-0.4937489302181279,100.37939028905797,10.319769525571388,0.34
2021-05-26 16:00:00,2021-05-26 12:00:00,1.22409,1.2247,1.22169,1.22243,14103,0,9,14400.0,-0.0013570297849557,0.0012312641932138,-1.1021434655820084,0.0,0.4047298491687918,-1.5923797344345645,-1.101395982983923,1.997109583603356,-1.101395982983923,100.20534848671257,10.159884861443203,0.34
2021-05-26 19:30:00,2021-05-26 16:30:00,1.22241,1.22399,1.21958,1.21999,13863,0,7,10800.0,-0.0019980190235282,0.0013174110933397,-1.516625321913068,0.0,0.9811126533345162,-1.75730937274476,-1.5027168487783191,2.7384220260792764,-1.5027168487783191,99.9658549790601,9.97820094299432,0.34
2021-05-27 04:00:00,2021-05-26 20:00:00,1.21999,1.22021,1.21751,1.21772,13118,0,17,28800.0,-0.0018624041876465,0.0013395619614537,-1.3903083554457547,0.0,0.134618145446772,-1.5175136395809288,-1.3890145007455466,1.6521317850277009,-1.3890145007455466,99.7463084503603,9.85581128184576,0.34
2021-05-27 10:00:00,2021-05-27 04:30:00,1.2178,1.22084,1.21779,1.2208,13183,0,12,19800.0,0.0025261237454418,0.0014621471143175,1.727680970475319,0.0,1.7072870352865257,-0.0056160757740057,1.6848227321907518,1.7129031110605313,1.6848227321907518,100.01913020122068,10.236573794237373,0.34
2021-05-27 14:00:00,2021-05-27 10:30:00,1.22075,1.22151,1.21802,1.22038,13281,0,8,12600.0,-0.0003440958914493,0.0014228918318189,-0.2418285661317652,0.0,0.4375371897310266,-1.5716796420598829,-0.2130115265795417,2.0092168317909094,-0.2130115265795417,99.98094254160785,10.147861666225424,0.34
2021-05-27 17:00:00,2021-05-27 14:30:00,1.22037,1.22117,1.21798,1.22031,13538,0,6,9000.0,-5.736082830612039e-05,0.0014052342041021,-0.040819407995245,0.0,0.4664979631355762,-1.393662664867238,-0.0349873472351326,1.8601606280028145,-0.0349873472351326,99.97449666268189,10.148239755182757,0.34
2021-05-27 22:30:00,2021-05-27 17:30:00,1.22031,1.22062,1.21853,1.21993,13087,0,11,18000.0,-0.0003114447784411,0.0013984077878407,-0.222713847240549,0.0,0.181659322330475,-1.0430761088652662,-0.2226791693083284,1.2247354311957412,-0.2226791693083284,99.93932744869888,10.118832187303994,0.34
2021-05-28 09:00:00,2021-05-27 23:00:00,1.21993,1.21993,1.21716,1.21784,13679,0,21,36000.0,-0.0017146822809973,0.0013570162804037,-1.263567951069234,0.0,0.0,-1.673246016030162,-1.262485261192415,1.673246016030162,-1.262485261192415,99.73979476492627,9.934681028824258,0.34
2021-05-28 13:30:00,2021-05-28 09:30:00,1.21783,1.22006,1.21726,1.21777,13965,0,9,14400.0,-5.748046692149289e-05,0.0013520658882555,-0.0425130664272989,0.0,1.3543170276759973,-0.3461707200786006,-0.03643902316614,1.700487747754598,-0.03643902316614,99.73308143682036,10.002141031304063,0.34
2021-05-28 16:30:00,2021-05-28 14:00:00,1.21778,1.21816,1.21327,1.21644,15554,0,6,9000.0,-0.0010927571017686,0.001372556493493,-0.7961472674888825,0.0,0.2273445411374007,-2.6982207382372447,-0.8016886450639064,2.9255652793746454,-0.8016886450639064,99.607360140371,9.904985296223515,0.34
2021-05-28 20:30:00,2021-05-28 17:00:00,1.21644,1.2205,1.2163,1.22017,13651,0,8,12600.0,0.0030616330997787,0.0015409018632097,1.9869098564144296,0.0,2.166009518204523,-0.0746899833863792,1.9899545573652688,2.2406995015909024,1.9899545573652688,99.92111727209402,10.277272080813447,0.34
2021-05-31 07:00:00,2021-05-28 21:00:00,1.22018,1.22042,1.21847,1.21969,13055,0,21,208800.0,-0.000393465203899,0.001464952223421,-0.2685856901054722,0.0,0.1342653283545103,-0.9566404645258708,-0.2741250453904948,1.0909057928803811,-0.2741250453904948,99.8787043385242,10.152822169615874,0.34
2021-05-31 13:30:00,2021-05-31 07:30:00,1.21969,1.22039,1.21833,1.21904,13590,0,13,21600.0,-0.0005330643534886,0.0014416080925922,-0.3697706444822382,0.0,0.3981084220803925,-0.7734677914703325,-0.3696721062173269,1.171576213550725,-0.3696721062173269,99.820313075109,10.089102526770063,0.34
2021-05-31 22:00:00,2021-05-31 14:00:00,1.21903,1.22314,1.21859,1.22261,13131,0,17,28800.0,0.0029242541265127,0.0015758793188288,1.8556332909337625,0.0,2.1394614828088123,-0.2290421052155489,1.8635698560719405,2.368503588024361,1.8635698560719405,100.11334004712462,10.398288822765906,0.34
2021-06-01 09:30:00,2021-05-31 22:30:00,1.22263,1.22376,1.22183,1.22325,14136,0,23,39600.0,0.0005233333180205,0.0015492060884474,0.3378074240239008,0.0,0.5965875698099699,-0.4223628812815201,0.3273312329930404,1.01895045109149,0.3273312329930404,100.16668393089182,10.356631216487557,0.34
2021-06-01 13:30:00,2021-06-01 10:00:00,1.22324,1.22416,1.22133,1.22231,13196,0,8,12600.0,-0.0007687401219286,0.0014552294077056,-0.5282604363669371,0.0,0.5168264012179844,-1.0729765503549944,-0.5224440794922557,1.5898029515729788,-0.5224440794922557,100.08326520971424,10.224738601618455,0.34
2021-06-01 17:30:00,2021-06-01 14:00:00,1.22231,1.22543,1.22159,1.22461,15410,0,8,12600.0,0.0018799148949416,0.0015109085075637,1.2442281485150088,0.0,1.689410007874907,-0.3898638479711601,1.245398403241096,2.079273855846067,1.245398403241096,100.2797439044204,10.427141866253805,0.34
2021-06-02 03:00:00,2021-06-01 18:00:00,1.22461,1.22512,1.22111,1.22239,13426,0,19,32400.0,-0.0018144671917235,0.0015640369041695,-1.1601178890896926,0.0,0.266271925225299,-1.8273563495853788,-1.15906602745122,2.0936282748106776,-1.15906602745122,100.09654723841857,10.172379157224185,0.34
2021-06-02 10:00:00,2021-06-02 03:30:00,1.22237,1.22265,1.22045,1.22069,13670,0,14,23400.0,-0.0013916861292946,0.0015886681760563,-0.8760080615130817,0.0,0.1441856875579214,-0.988701857539788,-0.8651141253473001,1.1328875450977094,-0.8651141253473001,99.95821495532113,10.069400982469588,0.34
2021-06-02 13:30:00,2021-06-02 10:30:00,1.22069,1.22139,1.21693,1.21734,13127,0,7,10800.0,-0.0027481221382143,0.0016867114353985,-1.6292781803337468,0.0,0.3399788213077495,-1.8261719544532489,-1.6270415019729632,2.166150775760998,-1.6270415019729632,99.70093219687588,9.863224118151862,0.34
2021-06-02 17:30:00,2021-06-02 14:00:00,1.21734,1.22073,1.21643,1.22068,14162,0,8,12600.0,0.0027399300165775,0.0017939486756073,1.5273179516409685,0.0,1.552307628841191,-0.4166961481550957,1.529412236085373,1.969003776996287,1.529412236085373,99.94211420027118,10.206934577359945,0.34
2021-06-03 04:00:00,2021-06-02 18:00:00,1.22068,1.22185,1.22028,1.22115,13303,0,21,36000.0,0.0003849571885054,0.0017375171894826,0.2215559022009196,0.0,0.5516389496965379,-0.1885945127167615,0.2215985524422052,0.7402334624132995,0.2215985524422052,99.97710056070744,10.195736450647303,0.34
2021-06-03 11:30:00,2021-06-03 04:30:00,1.22117,1.22118,1.21785,1.21878,14191,0,15,25200.0,-0.0019426792943777,0.0017422477031033,-1.1150419604039885,0.0,0.0047001744000318,-1.5604579008351065,-1.1233416816252546,1.5651580752351384,-1.1233416816252546,99.8010219298034,10.000439813888661,0.34
2021-06-03 15:00:00,2021-06-03 12:00:00,1.21876,1.22083,1.21595,1.2166,13961,0,7,10800.0,-0.0017902755071137,0.0016849317395348,-1.0625210891973915,0.0,1.0080216086083902,-1.3683771595118517,-1.051848635069695,2.376398768120242,-1.051848635069695,99.6332369805942,9.886427080922417,0.34
2021-06-03 17:00:00,2021-06-03 15:30:00,1.2166,1.21711,1.21303,1.2135,13744,0,4,5400.0,-0.0025513367199488,0.0017670603709329,-1.44383110046312,0.0,0.2372307471821913,-1.6606152302752362,-1.4419908162053918,1.8978459774574277,-1.4419908162053918,99.40523856219022,9.73215648099955,0.34
2021-06-03 23:00:00,2021-06-03 17:30:00,1.2135,1.21398,1.21183,1.21289,13676,0,12,19800.0,-0.0005028045885873,0.0017668781945072,-0.284572298277533,0.0,0.2238694568954404,-0.7788791521153562,-0.2845007681379339,1.0027486090107969,-0.2845007681379339,99.36030114956068,9.792525230333553,0.34
2021-06-04 08:30:00,2021-06-03 23:30:00,1.21289,1.21322,1.2105,1.21071,13405,0,19,32400.0,-0.001798977214005,0.0017981972335064,-1.000433756922802,0.0,0.151305668709283,-1.0958198430765698,-0.9995344175342618,1.2471255117858528,-0.9995344175342618,99.20232054211762,9.691622998804789,0.34
2021-06-04 14:00:00,2021-06-04 09:00:00,1.21069,1.2118,1.21041,1.21157,14143,0,11,18000.0,0.0007100748353906,0.0017851197350387,0.3977743461422269,0.0,0.5135972293833374,-0.1295560578624968,0.4071761818534733,0.6431532872458342,0.4071761818534733,99.26513392920496,9.83841945242635,0.34
2021-06-04 16:00:00,2021-06-04 14:30:00,1.21158,1.21763,1.21109,1.21752,13870,0,4,5400.0,0.0048989637270899,0.0021259427427464,2.304372374940436,0.0,2.348830703777737,-0.1902358751820414,2.306124690981756,2.5390665789597784,2.306124690981756,99.62902223770011,10.219003132839774,0.34
2021-06-04 21:30:00,2021-06-04 16:30:00,1.21752,1.21856,1.21603,1.21651,13540,0,11,18000.0,-0.0008298994326021,0.0021197017601253,-0.391517074813894,0.0,0.4029790556843837,-0.5773449932400391,-0.3913546598472597,0.9803240489244228,-0.3913546598472597,99.56719694954344,10.051253264196973,0.34
2021-06-07 09:30:00,2021-06-04 22:00:00,1.21652,1.21727,1.21515,1.21526,13468,0,24,214200.0,-0.0010280578427187,0.0020031571923996,-0.5132187561811944,0.0,0.3077704924205649,-0.5621940994882489,-0.5170544272665455,0.8699645919088139,-0.5170544272665455,99.48615349185155,9.96475702452804,0.34
2021-06-07 15:00:00,2021-06-07 10:00:00,1.21524,1.21759,1.21448,1.21671,13707,0,11,18000.0,0.00119244906131,0.0020264171616922,0.5884519159491723,0.0,0.9542824819237692,-0.3086190154307233,0.5969341482671896,1.2629014973544923,0.5969341482671896,99.57907717669266,10.081254928552937,0.34
2021-06-07 21:00:00,2021-06-07 15:30:00,1.21671,1.22018,1.21613,1.2197,13446,0,12,19800.0,0.0024544321366591,0.0021032005417156,1.1669986232777267,0.0,1.3560063158685722,-0.2266523525082958,1.1684319551720457,1.5826586683768682,1.1684319551720457,99.76336039396206,10.241526095072615,0.34
2021-06-08 08:30:00,2021-06-07 21:30:00,1.2197,1.21973,1.21763,1.21774,13091,0,23,39600.0,-0.0016082450624046,0.0020170188771069,-0.79733763558593,0.0,0.0121943391122754,-0.8414093987477272,-0.7966968220026571,0.8536037378600027,-0.7966968220026571,99.63745112397248,10.047285438229267,0.34
2021-06-08 13:30:00,2021-06-08 09:00:00,1.21777,1.21853,1.21643,1.21776,14005,0,10,16200.0,1.6423732293376754e-05,0.0020106317728035,0.0081684436282809,0.0,0.3103957600137285,-0.5472767347611884,-0.0040841547370501,0.8576724947749169,-0.0040841547370501,99.63874102015734,10.068618017759349,0.34
2021-06-08 17:30:00,2021-06-08 14:00:00,1.21776,1.21931,1.21707,1.2186,15448,0,8,12600.0,0.0006895532953124,0.002016306098798,0.3419883993424907,0.0,0.6312676439253557,-0.2810159189086192,0.3421063360627179,0.9122835628339748,0.3421063360627179,99.6927451305672,10.124119142685217,0.34
2021-06-09 06:00:00,2021-06-08 18:00:00,1.2186,1.21861,1.21709,1.21825,13496,0,25,43200.0,-0.0002872560907782,0.0019587742137199,-0.1466509456609324,0.0,0.0041894252711426,-0.6326032159383537,-0.1466298844889693,0.6367926412094963,-0.1466298844889693,99.66958717001528,10.082550722463026,0.34
2021-06-09 13:30:00,2021-06-09 06:30:00,1.21826,1.21951,1.21758,1.21922,13426,0,15,25200.0,0.0007959072736937,0.0019366117249004,0.4109792703721772,0.0,0.529818929935412,-0.288221497884825,0.4069009381903633,0.818040427820237,0.4069009381903633,99.7344857745762,10.14902478500342,0.34
2021-06-09 17:30:00,2021-06-09 14:00:00,1.21923,1.22179,1.21813,1.21859,14469,0,8,12600.0,-0.0005168573547772,0.001916384778493,-0.2697043728262659,0.0,1.095649418046759,-0.4707868593170292,-0.2739123545116897,1.5664362773637883,-0.2739123545116897,99.6918961874553,10.083407349480225,0.34
2021-06-10 04:00:00,2021-06-09 18:00:00,1.21859,1.21906,1.21706,1.2172,13254,0,21,36000.0,-0.001141313619716,0.0018306753869846,-0.6234385559724608,0.0,0.2106827145737564,-0.6858394751018602,-0.623082921824554,0.8965221896756167,-0.623082921824554,99.59344768839736,9.991248525236557,0.34
2021-06-10 11:00:00,2021-06-10 04:30:00,1.21719,1.21755,1.21534,1.21654,13917,0,14,23400.0,-0.0005423751232091,0.0017150510616002,-0.3162443004484347,0.0,0.1724515373872862,-0.8862092893514947,-0.3113708313938029,1.058660826738781,-0.3113708313938029,99.54350888301464,9.97480941414237,0.34
2021-06-10 15:00:00,2021-06-10 11:30:00,1.21653,1.21874,1.21599,1.21704,13104,0,8,12600.0,0.0004109172552663,0.0017155028332676,0.2395316680903618,0.0,1.058956232620711,-0.258749486703823,0.2443745152200822,1.317705719324534,0.2443745152200822,99.5813338346068,10.040076509678315,0.34
2021-06-10 16:30:00,2021-06-10 15:30:00,1.21703,1.2195,1.21432,1.21824,16856,0,3,3600.0,0.0009855130392593,0.0016807229815907,0.5863625654279631,0.0,1.207534453588298,-1.3248657365280618,0.5915452181545654,2.53240019011636,0.5915452181545654,99.67392758569444,10.130881260224484,0.34
2021-06-10 20:00:00,2021-06-10 17:00:00,1.21822,1.21901,1.21619,1.21748,13734,0,7,10800.0,-0.0006240454770367,0.0016357806756499,-0.3814970346124086,0.0,0.3964389276774752,-1.0186974977030656,-0.3713478563055367,1.4151364253805407,-0.3713478563055367,99.613684583248,10.041480997748451,0.34
2021-06-11 06:00:00,2021-06-10 20:30:00,1.21747,1.21913,1.21674,1.21883,13090,0,20,34200.0,0.0011082334663243,0.0015325317649679,0.7231389858647275,0.0,0.8896933298765797,-0.3912506812108502,0.7289053786940825,1.28094401108743,0.7289053786940825,99.7278769877547,10.167925502407243,0.34
2021-06-11 12:00:00,2021-06-11 06:30:00,1.21883,1.21931,1.21595,1.21597,14129,0,12,19800.0,-0.0023492700142748,0.0016307802880049,-1.440580335410402,0.0,0.2414919446686216,-1.448951668011618,-1.438889503650472,1.6904436126802391,-1.438889503650472,99.50039190452571,9.904402156454012,0.34
2021-06-11 16:00:00,2021-06-11 12:30:00,1.21597,1.21629,1.21226,1.21281,14274,0,8,12600.0,-0.0026021309324453,0.0016895288921308,-1.540151781105956,0.0,0.1557619928875341,-1.8058656050392372,-1.5381496797639536,1.9616275979267717,-1.5381496797639536,99.2571832840149,9.727133849268284,0.34
2021-06-11 19:30:00,2021-06-11 16:30:00,1.21277,1.21292,1.20929,1.20966,13172,0,7,10800.0,-0.002600652867025,0.0017847386294472,-1.4571617513710755,0.0,0.0693007907187895,-1.60777834467487,-1.4368363942353055,1.6770791353936594,-1.4368363942353055,99.02707979437209,9.599102409844491,0.34
2021-06-14 06:30:00,2021-06-11 20:00:00,1.20966,1.2112,1.20927,1.20999,13360,0,22,210600.0,0.000272766724151,0.0013532638629609,0.2015621133592154,0.0,0.940751492694998,-0.238242261136963,0.2015896055774511,1.178993753831961,0.2015896055774511,99.05890889338605,9.74658579927366,0.34
2021-06-14 12:00:00,2021-06-14 07:00:00,1.20999,1.21208,1.20942,1.21171,14309,0,11,18000.0,0.0014204899774679,0.0014005094092942,1.0142666432950067,0.0,1.2333276669969069,-0.3363620909991087,1.01498736231327,1.5696897579960154,1.01498736231327,99.2190738811308,9.943384630566399,0.34
2021-06-14 17:00:00,2021-06-14 12:30:00,1.21174,1.21303,1.21114,1.21284,14509,0,10,16200.0,0.0009321318032775,0.0014079084840723,0.6620684609992352,0.0,0.7561463148826655,-0.3516959604106298,0.6447759274192495,1.1078422752932953,0.6447759274192495,99.3236225100768,10.01890820471722,0.34
2021-06-15 04:00:00,2021-06-14 17:30:00,1.21283,1.21303,1.21139,1.21183,14407,0,21,37800.0,-0.0008331031096328,0.0013826965168303,-0.6025205816983265,0.0,0.1192623042212489,-0.8586885903931509,-0.5963115211063769,0.9779508946143998,-0.5963115211063769,99.22847721251462,9.888696506864775,0.34
2021-06-15 11:00:00,2021-06-15 04:30:00,1.21181,1.21473,1.21148,1.21412,14166,0,14,23400.0,0.0018879207569625,0.0013302439473612,1.4192289772921296,0.0,1.8114111132573028,-0.2047142696490408,1.4329998875425969,2.016125382906344,1.4329998875425969,99.4525906576897,10.13770001427197,0.34
2021-06-15 15:30:00,2021-06-15 11:30:00,1.21412,1.21434,1.21014,1.21118,13689,0,9,14400.0,-0.0024244435245883,0.0013861217467682,-1.74908411201316,0.0,0.130725313014427,-2.3649397536259062,-1.746965546648339,2.495665066640333,-1.746965546648339,99.17638909154624,9.794296917983019,0.34
2021-06-15 19:30:00,2021-06-15 16:00:00,1.21118,1.21311,1.21091,1.2124,13234,0,8,12600.0,0.001006775186335,0.001414298608133,0.7118547529817544,0.0,1.1266979503184416,-0.1576209567802967,0.7122132121183972,1.2843189070987384,0.7122132121183972,99.2887995790064,9.98168093108724,0.34
2021-06-16 07:00:00,2021-06-15 20:00:00,1.21241,1.21297,1.21167,1.21253,13191,0,23,39600.0,0.0001072195899467,0.001400502651077,0.0765579342990134,0.0,0.3298029849232994,-0.435811087220135,0.0706720681979339,0.7656140721434345,0.0706720681979339,99.30088900409972,9.977669562582179,0.34
2021-06-16 12:00:00,2021-06-16 07:30:00,1.21253,1.21348,1.21181,1.21222,13096,0,10,16200.0,-0.000255696464946,0.0014004758625003,-0.1825782734231204,0.0,0.5594425369284781,-0.4239985543037176,-0.1825549331029949,0.9834410912321958,-0.1825549331029949,99.2720576833434,9.944313102107799,0.34
2021-06-16 19:00:00,2021-06-16 12:30:00,1.21223,1.21276,1.21124,1.21144,14242,0,12,23400.0,-0.0006436546602484,0.0013808504936402,-0.4661291451992407,0.0,0.3166242561001656,-0.5914302142245749,-0.4719493628660668,0.9080544703247404,-0.4719493628660668,99.1984502455736,9.880556967343622,0.34
2021-06-16 21:30:00,2021-06-16 19:30:00,1.21144,1.21183,1.20084,1.20179,19480,0,5,7200.0,-0.0079976226352463,0.0022044939650923,-3.627872319855196,0.0,0.1460339335364775,-3.96912742432595,-3.613403740070325,4.115161357862427,-3.613403740070325,98.62556526558303,9.336981434043423,0.34
2021-06-17 01:30:00,2021-06-16 22:00:00,1.20178,1.20369,1.19908,1.1998,13421,0,8,12600.0,-0.001657235794161,0.002213004428117,-0.7488623940852585,0.0,0.7181681026812464,-1.0152114540521553,-0.7444883996382416,1.7333795567334018,-0.7444883996382416,98.50731082335716,9.424924120196607,0.34
2021-06-17 05:30:00,2021-06-17 02:00:00,1.1998,1.20049,1.19841,1.20023,13223,0,8,12600.0,0.0003583288580567,0.0022259345294039,0.1609790644438563,0.0,0.2583615293762797,-0.520467428743461,0.1610079096112601,0.7788289581197407,0.1610079096112601,98.53273136740664,9.562043253223678,0.34
2021-06-17 10:00:00,2021-06-17 06:00:00,1.20023,1.20064,1.19504,1.19513,15071,0,9,14400.0,-0.0042582390173939,0.0023475898103343,-1.813876938232012,0.0,0.1455114482099512,-1.8419619907550708,-1.8100204533431592,1.9874734389650224,-1.8100204533431592,98.2462982292344,9.321209544403956,0.34
2021-06-17 13:00:00,2021-06-17 10:30:00,1.19513,1.19644,1.19295,1.19324,15077,0,6,9000.0,-0.0015826696822625,0.0023084588764475,-0.6855957879129048,0.0,0.4748254682651757,-0.7901675731436474,-0.68505353818413,1.264993041408823,-0.68505353818413,98.13803435040644,9.342831046116558,0.34
2021-06-17 15:30:00,2021-06-17 13:30:00,1.19323,1.19471,1.19262,1.19312,13227,0,5,7200.0,-0.0001005715819082,0.0023163385775717,-0.0434183425868793,0.0,0.53547045265701,-0.2207006595410757,-0.039798479589394,0.7561711121980857,-0.039798479589394,98.13117806823024,9.42921316951572,0.34
2021-06-17 17:30:00,2021-06-17 16:00:00,1.19312,1.19513,1.19213,1.19397,13086,0,4,5400.0,0.0007121642132681,0.0022988979540952,0.3097850480920497,0.0,0.7328114355558706,-0.360936975721553,0.3098953831952646,1.0937484112774236,0.3098953831952646,98.1800968794316,9.529554038715958,0.34
2021-06-17 20:30:00,2021-06-17 18:00:00,1.19397,1.19427,1.18918,1.19162,14541,0,6,9000.0,-0.001970163154721,0.0022889923733668,-0.8607119786175231,0.0,0.109769957061038,-1.7526603144081272,-0.8598646636449201,1.8624302714691652,-0.8598646636449201,98.0441800330891,9.41198941831486,0.34
2021-06-18 04:30:00,2021-06-17 21:00:00,1.19162,1.19208,1.19008,1.19152,14026,0,14,27000.0,-8.392289169644623e-05,0.0022660312303748,-0.037035187587668,0.0,0.1703547144731368,-0.5703179571489934,-0.0370336335811023,0.7406726716221301,-0.0370336335811023,98.03833172839988,9.473607892346891,0.34
2021-06-18 09:30:00,2021-06-18 05:00:00,1.19151,1.19251,1.18853,1.18909,15565,0,10,16200.0,-0.0020414942758023,0.0022471268633984,-0.9084908863200104,0.0,0.3734863351865324,-1.1129892788559823,-0.9038369311515412,1.486475614042515,-0.9038369311515412,97.8948700138344,9.365961915155083,0.34
2021-06-18 12:00:00,2021-06-18 10:00:00,1.1891,1.19244,1.18905,1.1921,13131,0,5,7200.0,0.0025281490374229,0.0023605643026212,1.070993505500158,0.0,1.1899048986059058,-0.0178129475839588,1.0687768550352386,1.2077178461898646,1.0687768550352386,98.06399286019548,9.609033921955003,0.34
2021-06-18 15:00:00,2021-06-18 12:30:00,1.1921,1.19222,1.18674,1.18733,13659,0,6,9000.0,-0.0040093689579659,0.0024101536422338,-1.66353251830443,0.0,0.0417660908909292,-1.8655520597929856,-1.660202112912757,1.907318150683915,-1.660202112912757,97.8013009268971,9.32494112510527,0.34
2021-06-18 19:00:00,2021-06-18 15:30:00,1.18731,1.18943,1.18537,1.18741,14974,0,6,12600.0,6.737579695484683e-05,0.0023809395663648,0.028297987024389,0.0,0.7499345514410065,-0.6862608631111609,0.0353742712943848,1.4361954145521674,0.0353742712943848,97.80576952179266,9.425389971215935,0.34
2021-06-18 23:00:00,2021-06-18 19:30:00,1.18741,1.1882,1.1861,1.18631,13441,0,8,12600.0,-0.000926815360481,0.0023805627303862,-0.3893261658896362,0.0,0.2794774416857469,-0.4634372767195443,-0.3891458048789994,0.7429147184052912,-0.3891458048789994,97.74429020469132,9.401701435177088,0.34
2021-06-21 05:00:00,2021-06-18 23:30:00,1.1863,1.18766,1.1855,1.18689,14357,0,12,192600.0,0.0004887915148723,0.0023087179383773,0.2117155615882294,0.0,0.4965620217530498,-0.2920953069135206,0.2154202888487782,0.7886573286665705,0.2154202888487782,97.77772265615891,9.481868120138273,0.34
2021-06-21 09:00:00,2021-06-21 05:30:00,1.1869,1.18784,1.18477,1.18757,15324,0,8,12600.0,0.0005727618225531,0.0023178137222687,0.2471129655719548,0.0,0.3416923015094008,-0.7742602151224823,0.2435466404375481,1.115952516631883,0.2435466404375481,97.81674478644788,9.536514166847752,0.34
2021-06-21 11:30:00,2021-06-21 09:30:00,1.18757,1.18938,1.18514,1.18932,13791,0,5,7200.0,0.0014725126667278,0.0023410933780289,0.6289850206520227,0.0,0.6510294282645892,-0.8740339838027754,0.6294483422447853,1.5250634120673645,0.6294483422447853,97.91606913945736,9.639288503168814,0.34
2021-06-21 15:00:00,2021-06-21 12:00:00,1.18931,1.18998,1.18849,1.18869,14122,0,7,10800.0,-0.0005298548069512,0.0023301020552056,-0.227395536503451,0.0,0.2417713242314563,-0.2958992326415221,-0.2237286880948211,0.5376705568729784,-0.2237286880948211,97.88016063003523,9.580006203658797,0.34
2021-06-21 17:30:00,2021-06-21 15:30:00,1.18869,1.19206,1.18856,1.19106,14928,0,5,7200.0,0.0019918065204666,0.0024199869785002,0.8230649743830752,0.0,1.1715161030950825,-0.0451920158463838,0.8238852119689162,1.2167081189414664,0.8238852119689162,98.01013255842967,9.721671701357124,0.34
2021-06-21 22:00:00,2021-06-21 18:00:00,1.19106,1.19212,1.19039,1.1917,14125,0,9,14400.0,0.0005371921766277,0.0024403882908748,0.2201256982900764,0.0,0.3646811309483341,-0.2305059978635387,0.2201848337801046,0.5951871288118729,0.2201848337801046,98.04489307234584,9.720124379853345,0.34
2021-06-22 06:00:00,2021-06-21 22:30:00,1.19169,1.19205,1.19007,1.1915,13398,0,16,27000.0,-0.0001678415579637,0.0017624561879277,-0.0952316200047178,0.0,0.1714039696869544,-0.7713178635909781,-0.090463206223594,0.9427218332779326,-0.090463206223594,98.02985484610444,9.686135044225665,0.34
2021-06-22 11:30:00,2021-06-22 06:30:00,1.19149,1.19151,1.18918,1.18968,14315,0,11,18000.0,-0.0015286541583685,0.001757972507912,-0.8695552128879482,0.0,0.0095483320802433,-1.1028323552608963,-0.8641240532562973,1.1123806873411397,-0.8641240532562973,97.89254154596163,9.54909399626628,0.34
2021-06-22 15:30:00,2021-06-22 12:00:00,1.18968,1.19027,1.18809,1.18929,13560,0,8,12600.0,-0.0003278729899863,0.0017485812106538,-0.1875080139193236,0.0,0.2836194716523607,-0.7643304405548279,-0.1874772778719953,1.0479499122071885,-0.1874772778719953,97.86293175947208,9.567121295504904,0.34
2021-06-22 18:00:00,2021-06-22 16:00:00,1.18929,1.19104,1.18901,1.19032,13181,0,5,7200.0,0.0008656881289999,0.0015233119663138,0.5682933950127007,0.0,0.9659650822880788,-0.1545544131659896,0.5685394484324141,1.1205194954540685,0.5685394484324141,97.95267216969788,9.684341109406063,0.34
2021-06-22 22:00:00,2021-06-22 18:30:00,1.19028,1.19525,1.19008,1.19476,13538,0,8,12600.0,0.0037231498556705,0.0017195202414761,2.165225954231524,0.0,2.428286692838048,-0.0977177743596708,2.1888781456568878,2.526004467197719,2.1888781456568878,98.29458757302568,10.01019532712644,0.34
2021-06-23 06:00:00,2021-06-22 22:30:00,1.19475,1.19483,1.19204,1.19243,13183,0,16,27000.0,-0.0019520865451846,0.0017776843747617,-1.0981063752930225,0.0,0.0376667624089652,-1.2759615766024162,-1.092336109858946,1.3136283390113812,-1.092336109858946,98.121183276134,9.720897192309607,0.34
2021-06-23 11:00:00,2021-06-23 06:30:00,1.19243,1.19457,1.19116,1.19407,15093,0,10,16200.0,0.0013743978698171,0.0017982629929612,0.7642919168090676,0.0,0.99799340801318,-0.5922671159703753,0.7648173781035876,1.5902605239835554,0.7648173781035876,98.24187422687991,9.865092123481347,0.34
2021-06-23 15:00:00,2021-06-23 11:30:00,1.19408,1.19552,1.19324,1.19524,14435,0,8,12600.0,0.0009793623209356,0.0017480691037531,0.560253778773901,0.0,0.6898751013549748,-0.4024271424570775,0.5557327205360199,1.0923022438120522,0.5557327205360199,98.330345084326,9.914378415474644,0.34
2021-06-23 18:00:00,2021-06-23 15:30:00,1.19523,1.19703,1.19428,1.19459,14353,0,6,9000.0,-0.000543971760358,0.0017543478581655,-0.3100706384005927,0.0,0.8584308342927521,-0.4530607180989495,-0.305219852192962,1.3114915523917017,-0.305219852192962,98.28138117495588,9.822270576068078,0.34
2021-06-24 01:00:00,2021-06-23 18:30:00,1.19459,1.19508,1.19195,1.19328,13262,0,14,23400.0,-0.0010972122698664,0.0017048784333842,-0.6435721447237659,0.0,0.240593443537239,-1.296258552935636,-0.6432192061915144,1.5368519964728748,-0.6432192061915144,98.17975333837664,9.720538202988124,0.34
2021-06-24 08:30:00,2021-06-24 01:30:00,1.19328,1.19332,1.19192,1.19231,13724,0,15,25200.0,-0.0008132160626569,0.0016240377561567,-0.5007371654839945,0.0,0.020640561522006,-0.7017790917514131,-0.500533616910995,0.7224196532734191,-0.500533616910995,98.10068087503254,9.672020069441373,0.34
2021-06-24 12:30:00,2021-06-24 09:00:00,1.19228,1.19454,1.19175,1.19434,14729,0,8,12600.0,0.0017011296080627,0.0013611179561665,1.2498032226787072,0.0,1.3926257364720378,-0.326589221384996,1.269384520855053,1.7192149578570337,1.269384520855053,98.29803994147429,9.904634539370221,0.34
2021-06-24 16:00:00,2021-06-24 13:00:00,1.19434,1.19563,1.19316,1.1942,14525,0,7,10800.0,-0.0001172264229699,0.0013633620805499,-0.0859833382799372,0.0,0.7922286096090504,-0.7246742320454552,-0.0859782987172782,1.5169028416545056,-0.0859782987172782,98.28446213093216,9.837094057006823,0.34
2021-06-24 19:30:00,2021-06-24 16:30:00,1.1942,1.19515,1.192,1.19268,13405,0,7,10800.0,-0.0012736293449775,0.001381670476942,-0.9218039802054756,0.0,0.5757607569006143,-1.333340700190875,-0.921217211040956,1.9091014570914893,-0.921217211040956,98.13889811759437,9.681788562826256,0.34
2021-06-25 04:00:00,2021-06-24 20:00:00,1.19268,1.19424,1.19265,1.1942,13184,0,17,28800.0,0.0012736293449775,0.0013993113049089,0.9101829882382206,0.0,0.9347302957517544,-0.0179755826105953,0.9107628522709164,0.9527058783623498,0.9107628522709164,98.2826270355474,9.86982982326414,0.34
2021-06-25 10:30:00,2021-06-25 04:30:00,1.1942,1.19506,1.19348,1.19479,14401,0,13,21600.0,0.0004939325924305,0.0013986341962957,0.3531535220136613,0.0,0.51489330155509,-0.4310734617669098,0.3532407533924656,0.945966763322,0.3532407533924656,98.33839425405868,9.890142535622132,0.34
2021-06-25 15:00:00,2021-06-25 11:00:00,1.19479,1.1954,1.19376,1.19497,13357,0,9,14400.0,0.0001506427426524,0.0013714307513675,0.1098434919168975,0.0,0.3722754288654664,-0.6285962159532179,0.10985176589477,1.0008716448186843,0.10985176589477,98.3557398718536,9.879728091572147,0.34
2021-06-25 17:30:00,2021-06-25 15:30:00,1.19497,1.19752,1.19492,1.19499,14050,0,5,7200.0,1.6736681785847143e-05,0.0013607499872289,0.0122996009134123,0.0,1.5682122397591716,-0.0307492596031879,0.0122997038411932,1.598961499362359,0.0122997038411932,98.35768212781022,9.86563370539298,0.34
2021-06-28 01:30:00,2021-06-25 18:00:00,1.195,1.19521,1.19265,1.19388,13184,0,16,199800.0,-0.0009293097404919,0.0013217798369767,-0.7030745321532121,0.0,0.1329512015972482,-1.487787255970518,-0.7090730751859329,1.6207384575677664,-0.7090730751859329,98.24665814356467,9.746487412687713,0.34
2021-06-28 09:00:00,2021-06-28 02:00:00,1.19388,1.19421,1.19202,1.19319,13335,0,15,25200.0,-0.0005781146084676,0.0013266922595225,-0.4357563740333662,0.0,0.2083449929190345,-1.1743081419074763,-0.4356304397399268,1.382653134826511,-0.4356304397399268,98.1778469342361,9.710701349235165,0.34
2021-06-28 13:00:00,2021-06-28 09:30:00,1.1932,1.19445,1.19254,1.19404,14054,0,8,12600.0,0.0007121224481268,0.001333227405315,0.5341342709337542,0.0,0.785764738983849,-0.4148837821835471,0.5280339045971275,1.200648521167396,0.5280339045971275,98.26219320503552,9.827801970952294,0.34
2021-06-28 16:30:00,2021-06-28 13:30:00,1.19405,1.19405,1.19025,1.19264,14599,0,7,10800.0,-0.0011731779380342,0.0013124897425884,-0.8938568431937525,0.0,0.0,-2.424739937351769,-0.8997061346490249,2.424739937351769,-0.8997061346490249,98.12104238312678,9.67045057116961,0.34
2021-06-28 20:30:00,2021-06-28 17:00:00,1.19263,1.19398,1.19205,1.19243,13838,0,8,12600.0,-0.0001760954609656,0.0013101747158803,-0.1344060901429637,0.0,0.8639703228818132,-0.3711872498307312,-0.1279956033900298,1.2351575727125443,-0.1279956033900298,98.0998180335705,9.695091354520954,0.34
2021-06-29 06:30:00,2021-06-28 21:00:00,1.19243,1.19298,1.19077,1.19113,13791,0,20,34200.0,-0.001090805458139,0.0013254497532163,-0.8229700563843665,0.0,0.3479898101426334,-1.050296517884799,-0.8225213694278767,1.3982863280274325,-0.8225213694278767,97.9698610938777,9.588083049412532,0.34
2021-06-29 11:30:00,2021-06-29 07:00:00,1.19112,1.19231,1.18994,1.19014,13396,0,10,16200.0,-0.0008314891272627,0.0010125956567869,-0.8211462509143432,0.0,0.98663242510813,-0.9783413963256544,-0.812520820677251,1.964973821433784,-0.812520820677251,97.8401921551585,9.514213898267542,0.34
2021-06-29 15:30:00,2021-06-29 12:00:00,1.19016,1.19133,1.18798,1.18826,15348,0,8,12600.0,-0.0015808950483903,0.0009815980839427,-1.6105319216194356,0.0,1.0014904441130217,-1.866024930056972,-1.6263520032606216,2.867515374169993,-1.6263520032606216,97.58586965801835,9.326366211789548,0.34
2021-06-29 18:30:00,2021-06-29 16:00:00,1.18826,1.19115,1.18777,1.19062,14549,0,6,9000.0,0.0019841276350466,0.001039989005943,1.9078352018225997,0.0,2.338608999645578,-0.3965115604936454,1.909729148499544,2.7351205601392232,1.909729148499544,97.88713994403138,9.742626433874491,0.34
2021-06-30 03:30:00,2021-06-29 19:00:00,1.19059,1.1908,1.18931,1.19001,13365,0,18,30600.0,-0.0005124693995708,0.0010081381022638,-0.5083325373974694,0.0,0.1749593010878056,-1.0664185971063609,-0.4832209268138602,1.2413778981941666,-0.4832209268138602,97.8068680794672,9.606649332789075,0.34
2021-06-30 10:00:00,2021-06-30 04:00:00,1.19001,1.1909,1.18941,1.1895,14638,0,13,21600.0,-0.0004286596885992,0.0010065117706895,-0.4258864139319382,0.0,0.7430542757959891,-0.5009354668286693,-0.4257951468044245,1.2439897426246584,-0.4257951468044245,97.73961545638332,9.56196106957006,0.34
2021-06-30 13:30:00,2021-06-30 10:30:00,1.1895,1.19051,1.18837,1.18893,13458,0,7,10800.0,-0.0004793077878368,0.0009872574395576,-0.4854942273735931,0.0,0.8600555690041025,-0.9622403890839044,-0.4853778953785397,1.822295958088007,-0.4853778953785397,97.6629500375889,9.519395371035742,0.34
2021-06-30 16:30:00,2021-06-30 14:00:00,1.18893,1.18949,1.18655,1.18739,14358,0,6,9000.0,-0.0012961219158962,0.0010091543802225,-1.2843643562350129,0.0,0.4667390433929627,-1.983640934420508,-1.2835323693309717,2.450379977813471,-1.2835323693309717,97.46013334955516,9.358985899949204,0.34
2021-06-30 19:00:00,2021-06-30 17:00:00,1.1874,1.18746,1.18452,1.18486,14051,0,5,7200.0,-0.0021329969094515,0.0009916722261068,-2.1509091948913004,0.0,0.0509549119811336,-2.4458357750964868,-2.157091273869812,2.4967906870776204,-2.157091273869812,97.1204787359314,9.108504935432165,0.34
2021-07-01 03:30:00,2021-06-30 19:30:00,1.18487,1.18615,1.18462,1.18487,13628,0,17,28800.0,8.439780059510731e-06,0.0009939434120142,0.0084912078066974,0.0,1.0868700127622313,-0.2122792993677028,0.0,1.299149312129934,0.0,97.12181960048932,9.262085400371404,0.34
2021-07-01 10:00:00,2021-07-01 04:00:00,1.18488,1.186,1.18374,1.18563,15296,0,13,21600.0,0.0006412149555281,0.0009967879192655,0.6432812267634148,0.0,0.9482893822308792,-0.9652231211992108,0.6350152113153394,1.91351250343009,0.6350152113153394,97.22340149759904,9.424837806922142,0.34
2021-07-01 13:30:00,2021-07-01 10:30:00,1.18562,1.18668,1.18385,1.18668,14068,0,7,10800.0,0.0008852132044844,0.0009679546543651,0.9145192912626932,0.0,0.9236455369847528,-1.5423137740219874,0.9236455369847528,2.4659593110067406,0.9236455369847528,97.3678151703208,9.573054247982583,0.34
2021-07-01 16:30:00,2021-07-01 14:00:00,1.18666,1.18842,1.18642,1.18784,14212,0,6,9000.0,0.0009770396478266,0.000994879914691,0.9820679193528676,0.0,1.490787358195248,-0.20328918520846,0.999505160608152,1.694076543403708,0.999505160608152,97.5228955895651,9.695461316324653,0.34
2021-07-01 19:00:00,2021-07-01 17:00:00,1.18779,1.18801,1.18484,1.18528,13764,0,5,7200.0,-0.0021574981400211,0.001071769722627,-2.0130239681830284,0.0,0.1728150383587278,-2.317292559811586,-1.9716624830937812,2.490107598170314,-1.9716624830937812,97.20501472330044,9.324129712690464,0.34
2021-07-02 04:00:00,2021-07-01 19:30:00,1.18528,1.18549,1.18409,1.18457,13271,0,18,30600.0,-0.0005991940597446,0.001067791809065,-0.5611525155538939,0.0,0.1659249721056519,-0.9402415085995128,-0.5609844295007045,1.1061664807051648,-0.5609844295007045,97.11640194443132,9.330916087494245,0.34
2021-07-02 10:30:00,2021-07-02 04:30:00,1.18459,1.1848,1.18224,1.18247,13913,0,13,21600.0,-0.0017743684525542,0.0011043542451023,-1.6067022519480092,0.0,0.1605250551094995,-1.796351807177418,-1.6205386515813722,1.9568768622869177,-1.6205386515813722,96.86268419851716,9.13945406064731,0.34
2021-07-02 15:00:00,2021-07-02 11:00:00,1.18247,1.1834,1.18175,1.18222,14412,0,9,14400.0,-0.000211444207005,0.0011056851266412,-0.191233654057849,0.0,0.7113139888342132,-0.5506947010327529,-0.1912134378585334,1.262008689866966,-0.1912134378585334,96.83248608832491,9.225129939366752,0.34
2021-07-02 16:30:00,2021-07-02 15:30:00,1.18221,1.18592,1.18071,1.18449,16590,0,3,3600.0,0.0019182753240503,0.0012018017376993,1.5961662093472082,0.0,2.6112379771073644,-1.0557565945178131,1.604750023667057,3.666994571625177,1.604750023667057,97.08454006550016,9.536071913311133,0.34
2021-07-02 19:30:00,2021-07-02 17:00:00,1.18446,1.18508,1.18296,1.18435,13789,0,6,9000.0,-0.0001182013138608,0.0011892360642899,-0.0993926415538308,0.0,0.440152547337156,-1.064885195170849,-0.0780915809792313,1.5050377425080048,-0.0780915809792313,97.06884476355798,9.469381405897579,0.34
2021-07-05 04:00:00,2021-07-02 20:00:00,1.18435,1.18743,1.18414,1.18611,13396,0,17,201600.0,0.0014849441234262,0.0012579447964965,1.1804525346119017,0.0,2.067326487849244,-0.1409540787170244,1.1813294216281396,2.208280566566269,1.1813294216281396,97.25525251638042,9.658021316918123,0.34
2021-07-05 10:30:00,2021-07-05 04:30:00,1.18613,1.18732,1.18515,1.18717,13700,0,13,21600.0,0.0008932785600395,0.0012676484441246,0.7046737320427914,0.0,0.7914360769006326,-0.6517708868593184,0.691675226871228,1.443206963759951,0.691675226871228,97.366529033658,9.711938491540025,0.34
2021-07-05 15:30:00,2021-07-05 11:00:00,1.18717,1.18805,1.18602,1.18634,13497,0,10,16200.0,-0.0006993861697084,0.0012643409983328,-0.553162612483975,0.0,0.5862806192525941,-0.7661621728869094,-0.5529692204315013,1.3524427921395037,-0.5529692204315013,97.27917795725708,9.572959428021392,0.34
2021-07-05 22:30:00,2021-07-05 16:00:00,1.18635,1.18698,1.18555,1.18649,13591,0,14,23400.0,0.0001264313079318,0.0012202160561715,0.1036138700949166,0.0,0.4352020971920881,-0.5526375837360044,0.0967115771538314,0.9878396809280924,0.0967115771538314,97.2955398423133,9.602148374042386,0.34
2021-07-06 07:30:00,2021-07-05 23:00:00,1.18649,1.1876,1.18583,1.18744,14325,0,18,30600.0,0.0008003606262293,0.0011412574897168,0.7012971511169445,0.0,0.819738354908354,-0.4874119948104745,0.7015778713180005,1.3071503497188286,0.7015778713180005,97.40628315656564,9.70950471702919,0.34
2021-07-06 11:00:00,2021-07-06 08:00:00,1.18744,1.1895,1.18459,1.18486,13752,0,7,10800.0,-0.0021751051866818,0.0012275881485084,-1.7718525462506536,0.0,1.413197495025812,-1.955151874186256,-1.76992695978967,3.368349369212068,-1.76992695978967,97.12648617888549,9.392071528931226,0.34
2021-07-06 14:30:00,2021-07-06 11:30:00,1.18487,1.18524,1.18313,1.18403,13562,0,7,10800.0,-0.0007007501690364,0.0012315602556909,-0.568993815607766,0.0,0.2535568544088025,-1.1924025045171824,-0.5756425883876998,1.445959358925985,-0.5756425883876998,97.03663516376425,9.386086648911274,0.34
2021-07-06 17:00:00,2021-07-06 15:00:00,1.18403,1.18467,1.18226,1.18244,16453,0,5,7200.0,-0.0013437738397351,0.0012556871052208,-1.0701502262370826,0.0,0.4304630050844426,-1.190499248436181,-1.0694315282563216,1.6209622535206236,-1.0694315282563216,96.86764548141257,9.273965044745935,0.34
2021-07-06 19:00:00,2021-07-06 17:30:00,1.18243,1.18337,1.18067,1.18142,13471,0,4,5400.0,-0.0008629953240079,0.0012407718103303,-0.6955310531903375,0.0,0.6407085149144816,-1.199624453456966,-0.6884208511316816,1.8403329683714476,-0.6884208511316816,96.75781270386166,9.246622543538578,0.34
2021-07-07 03:30:00,2021-07-06 19:30:00,1.18143,1.1828,1.18074,1.18209,14472,0,17,28800.0,0.0005669534023102,0.0011702219115064,0.4844836665041955,0.0,0.9909331261511888,-0.4990831073314835,0.4773838417955066,1.4900162334826723,0.4773838417955066,96.83431854285492,9.395580199659634,0.34
2021-07-07 09:30:00,2021-07-07 04:00:00,1.18209,1.18346,1.18176,1.1827,13649,0,12,19800.0,0.000515902057713,0.0011785573209858,0.4377403190550508,0.0,0.9833753410427774,-0.2368714325140933,0.4378532540409854,1.2202467735568707,0.4378532540409854,96.90344304113192,9.473582899355861,0.34
2021-07-07 13:00:00,2021-07-07 10:00:00,1.1827,1.18322,1.18121,1.18235,14248,0,7,10800.0,-0.0002959768314032,0.0011664539626486,-0.2537406883433327,0.0,0.3769303814568058,-1.080050516097683,-0.2537031413652815,1.456980897554489,-0.2537031413652815,96.86337431314256,9.424960348501457,0.34
2021-07-07 16:30:00,2021-07-07 13:30:00,1.18234,1.18362,1.18001,1.1805,16357,0,7,10800.0,-0.0015659059001004,0.0011818965426305,-1.3249094515626878,0.0,0.9159845003086092,-1.6673780357180428,-1.3167277191937252,2.583362536026652,-1.3167277191937252,96.65415506347556,9.234721016056497,0.34
2021-07-07 19:00:00,2021-07-07 17:00:00,1.18051,1.18059,1.17817,1.18021,13143,0,5,7200.0,-0.0002456887982502,0.0011455468786489,-0.2144729323867091,0.0,0.0591571782585342,-1.7303474640604042,-0.2218394184692573,1.7895046423189385,-0.2218394184692573,96.6202871897617,9.283475896607783,0.34
2021-07-07 23:30:00,2021-07-07 19:30:00,1.18018,1.18207,1.17894,1.17903,13236,0,9,14400.0,-0.0010003222210514,0.0010750243472767,-0.9305112238485168,0.0,1.489687773335011,-0.9773612904421476,-0.9064237774260778,2.4670490637771585,-0.9064237774260778,96.47334819719076,9.181033514674155,0.34
2021-07-08 07:30:00,2021-07-08 00:00:00,1.17899,1.17989,1.17836,1.17961,13050,0,16,27000.0,0.0004918088489049,0.0010847751961654,0.4533739807505069,0.0,0.7037082485001183,-0.4925957739500654,0.4847767934112967,1.1963040224501835,0.4847767934112967,96.54494144000392,9.327716002782296,0.34
2021-07-08 10:30:00,2021-07-08 08:00:00,1.17962,1.18208,1.17924,1.182,15408,0,6,9000.0,0.0020240436108724,0.0011280812729814,1.7942356276538447,0.0,1.84864104008674,-0.2855624370864231,1.7885226322789842,2.134203477173163,1.7885226322789842,96.8282729773409,9.62143346328287,0.34
2021-07-08 13:00:00,2021-07-08 11:00:00,1.182,1.18379,1.18099,1.18266,14902,0,5,7200.0,0.0005582198008496,0.0011343131361017,0.4921214284514269,0.0,1.335065560390008,-0.7533051485998394,0.4922588099762327,2.088370708989848,0.4922588099762327,96.905984911454,9.618451525376088,0.34
2021-07-08 15:30:00,2021-07-08 13:30:00,1.18267,1.18593,1.18256,1.18513,15625,0,5,7200.0,0.0020863344265746,0.0011496453634454,1.8147634852559424,0.0,2.3976739644395657,-0.0809031092294316,1.8092877154974127,2.478577073668997,1.8092877154974127,97.19255804613915,9.860629197745212,0.34
2021-07-08 17:30:00,2021-07-08 16:00:00,1.18513,1.18679,1.18437,1.18531,15164,0,4,5400.0,0.0001518705390948,0.0011494360732508,0.1321261291768353,0.0,1.2185890561768715,-0.5579082425870722,0.132136162718025,1.7764972987639438,0.132136162718025,97.21342236224407,9.769810128689343,0.34
2021-07-08 21:30:00,2021-07-08 18:00:00,1.18529,1.18597,1.18351,1.18393,13193,0,8,12600.0,-0.0011649306579852,0.0011266737076544,-1.0339556608721905,0.0,0.5091973475317313,-1.3328989391270714,-1.0183946950634626,1.8420962866588024,-1.0183946950634626,97.05014824015106,9.56142372900706,0.34
2021-07-09 04:30:00,2021-07-08 22:00:00,1.18394,1.18502,1.18362,1.18393,14264,0,14,23400.0,0.0,0.0011030175104001,0.0,0.0,0.8270117022962341,-0.2450405043841512,-0.0076575157620525,1.0720522066803857,-0.0076575157620525,97.05014824015106,9.594579752279401,0.34
2021-07-09 09:30:00,2021-07-09 05:00:00,1.18394,1.18399,1.18251,1.18278,14912,0,10,16200.0,-0.0009718132686362,0.0011119783753563,-0.8739497909073872,0.0,0.0379790387963469,-1.0862005095732623,-0.8811137000734276,1.1241795483696095,-0.8811137000734276,96.912140982912,9.461422626684268,0.34
2021-07-09 12:30:00,2021-07-09 10:00:00,1.18276,1.18555,1.18252,1.18552,15102,0,6,9000.0,0.0023138970759818,0.0012407492223656,1.8649192232174316,0.0,1.9011814272113587,-0.1635424883622755,1.8807386161659416,2.064723915573634,1.8807386161659416,97.20663431610616,9.804166543012741,0.34
2021-07-09 16:00:00,2021-07-09 13:00:00,1.18553,1.18706,1.18545,1.18671,14707,0,7,10800.0,0.0010032754832518,0.0012487938538454,0.8033955966090459,0.0,1.0334468120068074,-0.0540364346147879,0.7970374105672976,1.0874832466215956,0.7970374105672976,97.33350021151512,9.847112690565837,0.34
2021-07-09 19:30:00,2021-07-09 16:30:00,1.18672,1.18748,1.18555,1.18681,13397,0,7,10800.0,8.42630355414684e-05,0.0011422498013702,0.0737693588918863,0.0,0.5606660246149935,-0.8631305905255282,0.0663946608096056,1.4237966151405217,0.0663946608096056,97.3451492867765,9.791868472244417,0.34
2021-07-12 05:00:00,2021-07-09 20:00:00,1.18681,1.18811,1.1867,1.18731,13232,0,19,205200.0,0.0004212087067146,0.0011292495825259,0.3729987712481024,0.0,0.97000107735303,-0.082077014237434,0.3730773374435751,1.0520780915904642,0.3730773374435751,97.404050310507,9.820859134910918,0.34
2021-07-12 11:00:00,2021-07-12 05:30:00,1.18731,1.18799,1.18561,1.18755,13636,0,12,19800.0,0.0002021171781215,0.0010740202724311,0.1881874889233331,0.0,0.5332517731395188,-1.3331294328487968,0.188206508166725,1.866381205988316,0.188206508166725,97.43376739432946,9.814403686862704,0.34
2021-07-12 15:00:00,2021-07-12 11:30:00,1.18755,1.18757,1.18361,1.18523,13802,0,8,12600.0,-0.0019555127228923,0.0011563914554868,-1.6910473642933608,0.0,0.0145637500795621,-2.869058765654819,-1.6893950092180487,2.8836225157343813,-1.6893950092180487,97.16673053359038,9.520192250608048,0.34
2021-07-12 18:30:00,2021-07-12 15:30:00,1.18524,1.18742,1.18494,1.18577,13853,0,7,10800.0,0.0004555040146239,0.0011545993452709,0.3945126216202966,0.0,1.5930114115982656,-0.2192217538896606,0.3872917652050509,1.8122331654879265,0.3872917652050509,97.22902885486978,9.65896603195992,0.34
2021-07-13 05:00:00,2021-07-12 19:00:00,1.18577,1.18697,1.18513,1.18647,14022,0,21,36000.0,0.0005901595288139,0.0011559382048135,0.5105459153061697,0.0,0.8754798800832558,-0.4669226027110157,0.510696596715138,1.3424024827942715,0.510696596715138,97.3096502386141,9.738760950618655,0.34
2021-07-13 11:00:00,2021-07-13 05:30:00,1.18647,1.18752,1.18411,1.18494,14122,0,12,19800.0,-0.0012903717301477,0.0011971931366517,-1.0778308784467534,0.0,0.7392108268117499,-1.6614643345482634,-1.0771357762112774,2.400675161360013,-1.0771357762112774,97.1394476882507,9.543738933293014,0.34
2021-07-13 15:30:00,2021-07-13 11:30:00,1.18494,1.18513,1.17942,1.17994,17272,0,9,14400.0,-0.0042285506666425,0.0015024345293106,-2.814465844699905,0.0,0.1067238993663783,-3.100610128961581,-2.8085236675376315,3.2073340283279594,-2.8085236675376315,96.69500944264304,9.149939790829976,0.34
2021-07-13 17:30:00,2021-07-13 16:00:00,1.17994,1.18327,1.17919,1.18227,15031,0,4,5400.0,0.0019727295673381,0.0015657413241529,1.2599332577528226,0.0,1.802454438237223,-0.405958206810194,1.2611768291569243,2.208412645047417,1.2611768291569243,96.89396816431768,9.5154173691093,0.34
2021-07-13 22:00:00,2021-07-13 18:00:00,1.18227,1.18259,1.1781,1.17831,13417,0,9,14400.0,-0.003355110790342,0.0017315782756688,-1.93760272780394,0.0,0.1563115898213044,-2.0369354048582533,-1.9343559240380328,2.193246994679558,-1.9343559240380328,96.58799722540878,9.199956824983573,0.34
2021-07-14 05:30:00,2021-07-13 22:30:00,1.1783,1.17846,1.17719,1.1784,13510,0,15,25200.0,7.637766211685661e-05,0.0017274693183845,0.0442136142761023,0.0,0.0786056498346077,-0.5453266957270185,0.0491285311465753,0.6239323455616262,0.0491285311465753,96.594979090617,9.32173074469712,0.34
2021-07-14 11:30:00,2021-07-14 06:00:00,1.17839,1.17994,1.178,1.17838,14855,0,12,19800.0,-1.6972309677054402e-05,0.0016572748022521,-0.0102410955950031,0.0,0.7936849085990556,-0.1997013640991825,-0.005120547797447,0.993386272698238,-0.005120547797447,96.5933618975827,9.362172691010954,0.34
2021-07-14 15:30:00,2021-07-14 12:00:00,1.17839,1.1828,1.17757,1.18219,16403,0,8,12600.0,0.0032280367101333,0.0018173978720651,1.77618602935044,0.0,2.0592047241001423,-0.3828906743224933,1.7743714175919612,2.4420953984226355,1.7743714175919612,96.87384318473136,9.669921453518356,0.34
2021-07-14 17:30:00,2021-07-14 16:00:00,1.18219,1.18281,1.1813,1.18198,13479,0,4,5400.0,-0.0001776521997592,0.0017485070605299,-0.1016022204138882,0.0,0.2999418168187888,-0.4305616402722692,-0.1015931960193139,0.730503457091058,-0.1015931960193139,96.85779896352484,9.578088060692664,0.34
2021-07-14 22:30:00,2021-07-14 18:00:00,1.18198,1.18385,1.18173,1.1835,13926,0,10,16200.0,0.0012851516049211,0.0017763684934637,0.7234712896844817,0.0,0.8906322496442349,-0.119068482572796,0.7239363740423417,1.009700732217031,0.7239363740423417,96.9720438428295,9.68157606090682,0.34
2021-07-15 05:30:00,2021-07-14 23:00:00,1.1835,1.18388,1.18213,1.18236,13980,0,14,23400.0,-0.000963708831655,0.0017704387327838,-0.5443333416795199,0.0,0.1813570454972778,-0.6538398745559393,-0.5440711364917277,0.8351969200532172,-0.5440711364917277,96.8860870152285,9.553614011337771,0.34
2021-07-15 10:30:00,2021-07-15 06:00:00,1.18234,1.18465,1.18233,1.18365,13068,0,10,16200.0,0.0010904435127701,0.0017892798510454,0.6094315051572192,0.0,1.0919212701692749,-0.0047269319055255,0.6192280796198644,1.0966482020748003,0.6192280796198644,96.98232363130973,9.666167790749057,0.34
2021-07-15 14:00:00,2021-07-15 11:00:00,1.18365,1.18506,1.18125,1.18152,14593,0,7,10800.0,-0.001801139517099,0.0018220087645969,-0.9885460224432407,0.0,0.6538006506466596,-1.1128521713136166,-0.9876563020408476,1.7666528219602762,-0.9876563020408476,96.82622024112489,9.481173735767257,0.34
2021-07-15 17:00:00,2021-07-15 14:30:00,1.18152,1.18234,1.18038,1.18154,15148,0,6,9000.0,1.6927204557279165e-05,0.0017352709865587,0.0097547902825528,0.0,0.3999497865893719,-0.5560277520875947,0.0097548728437066,0.9559775386769666,0.0097548728437066,96.82776064066024,9.52750229115091,0.34
2021-07-15 21:00:00,2021-07-15 17:30:00,1.18155,1.18221,1.17962,1.1804,13982,0,8,12600.0,-0.0009653082538275,0.0017211017676624,-0.560866458895469,0.0,0.3245527403035169,-0.9490708920999494,-0.5655085626501599,1.2736236324034662,-0.5655085626501599,96.73919303360218,9.452240213932242,0.34
2021-07-16 05:00:00,2021-07-15 21:30:00,1.1804,1.1817,1.17987,1.18047,14205,0,16,27000.0,5.930017325843138e-05,0.0017208429845408,0.0344599558420807,0.0,0.639989584056577,-0.2609188304231644,0.034460977602948,0.9009084144797412,0.034460977602948,96.74463467800764,9.495608380214634,0.34
2021-07-16 10:30:00,2021-07-16 05:30:00,1.18049,1.18151,1.17969,1.18018,13800,0,11,18000.0,-0.0002456950428557,0.0017132333822545,-0.1434101421327765,0.0,0.5043375812226105,-0.3955588872334782,-0.1532790688029632,0.8998964684560887,-0.1532790688029632,96.72198847958536,9.486736082220787,0.34
2021-07-16 14:30:00,2021-07-16 11:00:00,1.18017,1.18224,1.17921,1.17945,14278,0,8,12600.0,-0.0006187410935522,0.0017103720292181,-0.3617581923595007,0.0,1.025498877131092,-0.4755936821476747,-0.3566952616107285,1.5010925592787667,-0.3566952616107285,96.66486247940692,9.44681701078973,0.34
2021-07-16 17:00:00,2021-07-16 15:00:00,1.17943,1.18135,1.17932,1.18025,14190,0,5,7200.0,0.0006780523207614,0.0016807496099613,0.4034225661828477,0.0,0.9685589068782262,-0.0554903540399217,0.4136553664792331,1.024049260918148,0.4136553664792331,96.72856778884976,9.539779707677084,0.34
2021-07-16 21:00:00,2021-07-16 17:30:00,1.18024,1.18186,1.1799,1.18092,13470,0,8,12600.0,0.0005675152724982,0.0016832704887984,0.3371503726078634,0.0,0.8154376802427618,-0.1711412415324397,0.3422824830648795,0.9865789217752016,0.3422824830648795,96.78180791624015,9.585151776478526,0.34
2021-07-19 05:00:00,2021-07-16 21:30:00,1.18092,1.18138,1.17979,1.18013,14071,0,16,199800.0,-0.0006691938158712,0.0016754994801366,-0.3993995962425679,0.0,0.2324839931161299,-0.5711019830893918,-0.3992659881775136,0.8035859762055217,-0.3992659881775136,96.71873788247704,9.506427314532175,0.34
2021-07-19 10:30:00,2021-07-19 05:30:00,1.18014,1.18087,1.17782,1.17809,13194,0,11,18000.0,-0.0017301189107571,0.0016924234014171,-1.0222730962644744,0.0,0.3654940469017858,-1.1615701216602186,-1.0263873919842414,1.5270641685620043,-1.0263873919842414,96.55730857883444,9.364058148680755,0.34
2021-07-19 13:30:00,2021-07-19 11:00:00,1.17812,1.17837,1.17654,1.17763,13720,0,6,9000.0,-0.0003905387786721,0.0014175990313883,-0.2754931190166257,0.0,0.1496914765087887,-0.9460501315361508,-0.2933952939574492,1.0957416080449396,-0.2933952939574492,96.51380487857698,9.382887133397347,0.34
2021-07-19 16:00:00,2021-07-19 14:00:00,1.17763,1.18153,1.1764,1.18146,13646,0,5,7200.0,0.0032470175915399,0.0015390041096144,2.1098173625756926,0.0,2.1518696819606693,-0.6786665920028908,2.113246379976752,2.83053627396356,2.113246379976752,96.84697059417503,9.754195929240439,0.34
2021-07-19 17:30:00,2021-07-19 16:30:00,1.18145,1.18243,1.18045,1.18056,13673,0,3,3600.0,-0.0007620596299396,0.0013410056475949,-0.5682747356854182,0.0,0.6185575642457406,-0.6311811880056576,-0.5617512573249932,1.2497387522513983,-0.5617512573249932,96.75723313048302,9.570434191508554,0.34
2021-07-19 21:30:00,2021-07-19 18:00:00,1.18056,1.181,1.17912,1.17915,14341,0,8,12600.0,-0.0011950622473189,0.0013717390198469,-0.871202342448707,0.0,0.2717021779199505,-0.8892071277380948,-0.8706819792435683,1.1609093056580453,-0.8706819792435683,96.6196597286326,9.439183026180856,0.34
2021-07-20 06:30:00,2021-07-19 22:00:00,1.17918,1.18022,1.179,1.17934,14078,0,18,30600.0,0.0001611200390175,0.0013719836849507,0.117435827251321,0.0,0.6428420654476089,-0.1112611267121363,0.0988987792996004,0.7541031921597453,0.0988987792996004,96.63820426813494,9.504025175121498,0.34
2021-07-20 11:00:00,2021-07-20 07:00:00,1.17932,1.1795,1.17723,1.17937,14684,0,9,14400.0,2.543763328385638e-05,0.0011492066334726,0.022134951663992,0.0,0.1328136515198962,-1.5421140648692604,0.0368926809778126,1.6749277163891567,0.0368926809778126,96.6416996451006,9.51677649740381,0.34
2021-07-20 14:30:00,2021-07-20 11:30:00,1.17937,1.18025,1.17759,1.17878,14121,0,7,10800.0,-0.0005003922670831,0.001152329160962,-0.4342442107994084,0.0,0.6475242589370621,-1.3097649783046086,-0.4341355826965099,1.9572892372416704,-0.4341355826965099,96.57312722466196,9.454170878831647,0.34
2021-07-20 17:00:00,2021-07-20 15:00:00,1.17877,1.17884,1.17558,1.17797,13902,0,5,7200.0,-0.0006873873188873,0.0011078897595864,-0.6204473982537078,0.0,0.0536009414176546,-2.442671473175488,-0.612582187630314,2.4962724145931428,-0.612582187630314,96.4751510656366,9.384704644124355,0.34
2021-07-20 21:00:00,2021-07-20 17:30:00,1.17797,1.17859,1.1756,1.17859,14050,0,8,12600.0,0.0005261907308155,0.0011063435706007,0.4756124090184593,0.0,0.4757375623895871,-1.818545198166444,0.4757375623895871,2.2942827605560314,0.4757375623895871,96.55025602562446,9.505263735403346,0.34
2021-07-21 09:00:00,2021-07-20 21:30:00,1.1786,1.1786,1.17604,1.17624,14405,0,24,41400.0,-0.0019958984556199,0.0011375997333105,-1.7544821760916185,0.0,0.0,-1.909343411669845,-1.7601759576331613,1.909343411669845,-1.7601759576331613,96.27320203978184,9.22184630346213,0.34
2021-07-21 12:30:00,2021-07-21 09:30:00,1.17624,1.17821,1.17519,1.17733,13202,0,7,10800.0,0.000926252525253,0.0011131565344909,0.8320954839263784,0.0,1.504575694833572,-0.801931207906204,0.8324809682074235,2.306506902739776,0.8324809682074235,96.40459999501044,9.451473546506037,0.34
2021-07-21 16:30:00,2021-07-21 13:00:00,1.17733,1.17886,1.17599,1.17871,13535,0,8,12600.0,0.0011714573248466,0.0011529999089054,1.0160081677358577,0.0,1.127103886298848,-0.98713673701981,1.0166035052890896,2.114240623318658,1.0166035052890896,96.5650399905577,9.603045908145589,0.34
2021-07-21 20:30:00,2021-07-21 17:00:00,1.17871,1.18038,1.17822,1.17957,13859,0,8,12600.0,0.0007293451482628,0.0011498669386166,0.6342865628785855,0.0,1.2321452749781574,-0.3615276555324112,0.6345179260366941,1.5936729305105686,0.6345179260366941,96.66520152129686,9.655613049513363,0.34
2021-07-22 07:30:00,2021-07-21 21:00:00,1.17958,1.18047,1.17867,1.17969,13169,0,22,37800.0,0.0001017268127322,0.001150089508452,0.0884512135661665,0.0,0.6560409737825255,-0.6707834675756542,0.081083715860653,1.3268244413581796,0.081083715860653,96.67916903923752,9.624980536521079,0.34
2021-07-22 12:30:00,2021-07-22 08:00:00,1.17969,1.1802,1.17792,1.17942,13327,0,10,16200.0,-0.0002288998827344,0.0011499321898375,-0.1990551136470099,0.0,0.3759499633516446,-1.3047675198673183,-0.1990323335390963,1.6807174832189633,-0.1990323335390963,96.64773582584284,9.574404156812747,0.34
2021-07-22 15:30:00,2021-07-22 13:00:00,1.17942,1.18135,1.17708,1.17998,16382,0,6,9000.0,0.0004746969657674,0.0011465667257943,0.4140159967040456,0.0,1.427215280650357,-1.7304060915655366,0.4141142783234605,3.157621372215894,0.4141142783234605,96.71311396627227,9.64216374975534,0.34
2021-07-22 17:30:00,2021-07-22 16:00:00,1.17998,1.18303,1.17826,1.17912,13299,0,4,5400.0,-0.0007290916350271,0.0011473934839327,-0.6354329576007033,0.0,2.2527490428523387,-1.270402738919967,-0.6352013694600656,3.523151781772305,-0.6352013694600656,96.61277140592138,9.518781195504673,0.34
2021-07-22 23:30:00,2021-07-22 18:00:00,1.17911,1.17921,1.17575,1.17707,13566,0,12,19800.0,-0.0017400977996451,0.0011971961736547,-1.453477581984873,0.0,0.0708402943798621,-2.38023389116365,-1.4451420053493758,2.451074185543512,-1.4451420053493758,96.3832496912472,9.315635118284419,0.34
2021-07-23 10:00:00,2021-07-23 00:00:00,1.17705,1.17804,1.17605,1.17667,14650,0,21,36000.0,-0.000339884612447,0.001192125691729,-0.2851080341655349,0.0,0.7055344676287809,-0.7126610784127981,-0.2708112097967683,1.4181955460415792,-0.2708112097967683,96.33822767943214,9.355916816639038,0.34
2021-07-23 14:30:00,2021-07-23 10:30:00,1.17667,1.17865,1.17544,1.17616,14624,0,9,14400.0,-0.0004335204906324,0.0011353966462567,-0.3818229444852818,0.0,1.4820501587637502,-0.9206675228684986,-0.3817401924088775,2.402717681632249,-0.3817401924088775,96.27793321186935,9.340601915100294,0.34
2021-07-23 19:00:00,2021-07-23 15:00:00,1.17614,1.17811,1.17548,1.17656,14134,0,9,14400.0,0.0003400319662808,0.0011366984368414,0.2991399963790219,0.0,1.473540045864372,-0.49367331485802,0.3141557458188608,1.967213360722392,0.3141557458188608,96.32517104047268,9.430439390405837,0.34
2021-07-26 05:30:00,2021-07-23 19:30:00,1.17656,1.1776,1.17635,1.17719,13175,0,21,208800.0,0.0005353159979135,0.0008484927392728,0.6309022730970348,0.0,1.041768279435166,-0.2103570564244662,0.6310711692731763,1.2521253358596325,0.6310711692731763,96.42479815086492,9.535334511792769,0.34
2021-07-26 11:00:00,2021-07-26 06:00:00,1.17719,1.18,1.17671,1.17718,13541,0,11,18000.0,-8.494841507592758e-06,0.0008380003636801,-0.0101370379724973,0.0,2.8484955714796145,-0.486575755982323,-0.010136994916364,3.3350713274619377,-0.010136994916364,96.42319738978956,9.509116285260475,0.34
2021-07-26 15:30:00,2021-07-26 11:30:00,1.17717,1.17993,1.17706,1.1783,13808,0,9,14400.0,0.0009509739708307,0.000833630406771,1.1407620968556909,0.0,2.8125247263186477,-0.1120933767736299,1.1515046886738425,2.924618103092277,1.1515046886738425,96.60333754176084,9.686808015350039,0.34
2021-07-26 19:30:00,2021-07-26 16:00:00,1.17829,1.18173,1.17799,1.18124,13703,0,8,12600.0,0.0024920124443584,0.0010074577625542,2.473565182564541,0.0,2.8978733649540223,-0.2527215143855056,2.4850948914577526,3.150594879339528,2.4850948914577526,96.99394344383828,10.017212873002407,0.34
2021-07-27 05:00:00,2021-07-26 20:00:00,1.18124,1.18134,1.17991,1.18018,14500,0,19,32400.0,-0.0008977649644663,0.001030987932023,-0.8707812541556534,0.0,0.0821123106274314,-1.0920937313450017,-0.8703904926509187,1.1742060419724332,-0.8703904926509187,96.85643653692956,9.728843153032685,0.34
2021-07-27 10:30:00,2021-07-27 05:30:00,1.18018,1.18065,1.17751,1.17829,15497,0,11,18000.0,-0.0016027343189264,0.0010889173004323,-1.4718604601930612,0.0,0.365725051343838,-2.077629546995938,-1.470681589446549,2.443354598339776,-1.470681589446549,96.6240119431334,9.490670529913245,0.34
2021-07-27 15:30:00,2021-07-27 11:00:00,1.17829,1.18195,1.17701,1.18186,14225,0,10,16200.0,0.0030252337544064,0.0012705944908716,2.380959288066128,0.0,2.444679470742477,-0.8549698695492475,2.384564401789696,3.299649340291724,2.384564401789696,96.99999425282962,9.93202145234352,0.34
2021-07-27 18:00:00,2021-07-27 16:00:00,1.18186,1.18369,1.18008,1.18352,13410,0,5,7200.0,0.0014035802048904,0.0012985661066078,1.0808692740001695,0.0,1.192397322558394,-1.15981816073979,1.0816281723753711,2.352215483298184,1.0816281723753711,97.17067660265188,9.990543422049669,0.34
2021-07-28 01:30:00,2021-07-27 18:30:00,1.18352,1.18411,1.18136,1.18169,13224,0,15,25200.0,-0.0015474316150938,0.0012618466362876,-1.2263230495635713,0.0,0.3950661643843996,-1.4463439238477094,-1.225374713259898,1.841410088232109,-1.225374713259898,96.9770253399362,9.703318621136987,0.34
2021-07-28 10:30:00,2021-07-28 02:00:00,1.18169,1.18275,1.18034,1.18071,13845,0,18,30600.0,-0.0008296647953053,0.0012719820527516,-0.652261400631027,0.0,0.705214642920373,-0.8981507244739833,-0.6519908962848229,1.6033653673943562,-0.6519908962848229,96.8740253646052,9.627357659316104,0.34
2021-07-28 15:30:00,2021-07-28 11:00:00,1.18072,1.18302,1.17918,1.17988,13735,0,10,16200.0,-0.0007032140559805,0.0012612595096188,-0.5575490615670362,0.0,1.5444592800620545,-1.0341162136066968,-0.56406338924003,2.578575493668751,-0.56406338924003,96.78598161476552,9.572359733273657,0.34
2021-07-28 19:30:00,2021-07-28 16:00:00,1.17989,1.1816,1.17833,1.18145,13851,0,8,12600.0,0.001329759272399,0.0012852085188477,1.0346642221071052,0.0,1.127667319508497,-1.0287491335866426,1.0287491335866426,2.15641645309514,1.0287491335866426,96.9493676272596,9.772670058179116,0.34
2021-07-28 21:30:00,2021-07-28 20:00:00,1.18145,1.1843,1.17721,1.18384,14752,0,4,5400.0,0.0020208945316638,0.0013566081980125,1.48966704950214,0.0,1.7781773589326786,-2.645428772587421,1.4911732939822022,4.423606131520099,1.4911732939822022,97.18460409718055,9.964131284747182,0.34
2021-07-29 05:00:00,2021-07-28 22:00:00,1.18386,1.18505,1.18304,1.1849,13366,0,15,25200.0,0.0008949906454536,0.0013622371346794,0.6570006224828148,0.0,0.7378938647909977,-0.5084646799398937,0.6448820330947345,1.2463585447308916,0.6448820330947345,97.28835245304327,9.975356292821104,0.34
2021-07-29 11:00:00,2021-07-29 05:30:00,1.18491,1.18751,1.18489,1.18712,13313,0,12,19800.0,0.0018718228751767,0.001410323692978,1.327229262683732,0.0,1.5558552200095117,-0.011968117076941,1.3224769370080318,1.567823337086453,1.3224769370080318,97.49793802898378,10.116482783671671,0.34
2021-07-29 16:00:00,2021-07-29 11:30:00,1.18714,1.18852,1.18694,1.18795,13542,0,10,16200.0,0.0006989267969262,0.0013914158756848,0.5023133695253178,0.0,0.8354494811309194,-0.1210796349466366,0.4903725215333745,0.956529116077556,0.4903725215333745,97.57725939403694,10.093734886873023,0.34
2021-07-29 21:30:00,2021-07-29 16:30:00,1.18795,1.18913,1.18759,1.18913,13228,0,11,18000.0,0.0009928147954004,0.0013044472773898,0.7610999789788507,0.0,0.7614779197035166,-0.2323152975367632,0.7614779197035166,0.9937932172402798,0.7614779197035166,97.6974462991388,10.143902252071555,0.34
2021-07-30 07:30:00,2021-07-29 22:00:00,1.18913,1.18943,1.18775,1.18785,13041,0,20,34200.0,-0.0010769969656664,0.0013396521902836,-0.8039377485274289,0.0,0.1883214807762371,-0.8662788115707467,-0.8035049846453343,1.054600292346984,-0.8035049846453343,97.57049479137538,9.940158648937654,0.34
2021-07-30 13:30:00,2021-07-30 08:00:00,1.18785,1.19087,1.18749,1.19009,14484,0,12,19800.0,0.0018839841733214,0.0013572427611054,1.388096681972266,0.0,1.8732157769607185,-0.2232972449357987,1.3894050796000048,2.096513021896517,1.3894050796000048,97.789692070046,10.164686476955339,0.34
2021-07-30 17:00:00,2021-07-30 14:00:00,1.19011,1.19046,1.18661,1.18677,13505,0,7,10800.0,-0.0027936034593264,0.0015540646227891,-1.7976108704621183,0.0,0.1892395322006724,-1.892395322006364,-1.8058858215717024,2.0816348542070364,-1.8058858215717024,97.50582754098872,9.794834098121896,0.34
2021-07-30 22:00:00,2021-07-30 17:30:00,1.18678,1.187,1.18517,1.18597,13732,0,10,16200.0,-0.0006743259103943,0.0015732532545334,-0.4286187925886952,0.0,0.1178294425808686,-0.8622972843413252,-0.4338265840475167,0.980126726922194,-0.4338265840475167,97.43814344222046,9.787559287294286,0.34
2021-08-02 09:00:00,2021-07-30 22:30:00,1.18596,1.18766,1.18586,1.18737,13141,0,22,210600.0,0.0011797721037726,0.0015805663282626,0.7464236601000098,0.0,0.9069141005648884,-0.0533478882685158,0.7522052245862278,0.9602619888334044,0.7522052245862278,97.55601277881222,9.93646693024776,0.34
2021-08-02 15:00:00,2021-08-02 09:30:00,1.18736,1.18969,1.18642,1.18863,14355,0,12,19800.0,0.0010606061600278,0.0015826534864996,0.6701442666225024,0.0,1.2399028777022365,-0.5002183283433722,0.6758268904214626,1.7401212060456084,0.6758268904214626,97.66183667528004,10.009439794536021,0.34
2021-08-02 18:30:00,2021-08-02 15:30:00,1.18864,1.18891,1.18716,1.18727,13867,0,7,10800.0,-0.0011448294528714,0.0015424639014813,-0.7422082628786021,0.0,0.1472646176627077,-0.8072282745955653,-0.7472315785107271,0.954492892258273,-0.7472315785107271,97.54463300096631,9.844506927283618,0.34
2021-08-03 05:00:00,2021-08-02 19:00:00,1.18729,1.18785,1.1865,1.18746,13610,0,21,36000.0,0.0001600181918832,0.0015188253316079,0.1053565466371347,0.0,0.3105441733931167,-0.4380891017508279,0.0942723383514642,0.7486332751439446,0.0942723383514642,97.5612700757558,9.881132378875861,0.34
2021-08-03 10:30:00,2021-08-03 05:30:00,1.18742,1.18838,1.18702,1.18783,13594,0,11,18000.0,0.0003115409091038,0.0014509099154785,0.21472105592513,0.0,0.5572196521133386,-0.2321748550471814,0.2379792264233996,0.7893945071605201,0.2379792264233996,97.59517713118164,9.909541354087537,0.34
2021-08-03 16:00:00,2021-08-03 11:00:00,1.18783,1.18933,1.18738,1.18754,13612,0,11,18000.0,-0.0002441724880256,0.0013180366481095,-0.1852547031797902,0.0,0.9580970067397566,-0.2874291020218135,-0.1852320879696163,1.24552610876157,-0.1852320879696163,97.5659231697499,9.864311605632878,0.34
2021-08-03 20:00:00,2021-08-03 16:30:00,1.18754,1.1877,1.18537,1.18625,13184,0,8,12600.0,-0.0010868696278847,0.0013199354423187,-0.8234263533187435,0.0,0.1020749192985042,-1.3843910929865042,-0.8229790368445182,1.4864660122850084,-0.8229790368445182,97.43589417524451,9.736184008418405,0.34
2021-08-04 09:00:00,2021-08-03 20:30:00,1.18625,1.18758,1.1859,1.18729,13788,0,26,45000.0,0.0008763282409865,0.0012695543816806,0.690264437374033,0.0,0.8831289197625135,-0.2324023473059634,0.690566974851816,1.115531267068477,0.690566974851816,97.54489529036891,9.886593444533489,0.34
2021-08-04 15:00:00,2021-08-04 09:30:00,1.18729,1.188,1.18421,1.1871,13810,0,12,19800.0,-0.0001600411056359,0.0012486174341999,-0.1281746524214584,0.0,0.4789301127214967,-2.0776123199749583,-0.1281643963620337,2.556542432696455,-0.1281643963620337,97.52465496030386,9.840613722909808,0.34
2021-08-04 18:00:00,2021-08-04 15:30:00,1.1871,1.18997,1.18328,1.18356,15370,0,6,9000.0,-0.0029865123055859,0.001433037376448,-2.08404355299398,0.0,1.6870854267262472,-2.245528338012087,-2.0809346378436344,3.9326137647383343,-2.0809346378436344,97.1955592414104,9.511024841424444,0.34
2021-08-05 05:00:00,2021-08-04 18:30:00,1.18358,1.18427,1.18315,1.18335,13101,0,22,37800.0,-0.0001774465446942,0.001407448802182,-0.1260767314726571,0.0,0.4142083667019639,-0.258129851712963,-0.1380694555674546,0.6723382184149269,-0.1380694555674546,97.17565019847312,9.600812417835371,0.34
2021-08-05 12:00:00,2021-08-05 05:30:00,1.18336,1.18496,1.18298,1.18396,13270,0,14,23400.0,0.000515352880274,0.0013366788636841,0.3855472651476239,0.0,1.011523592788465,-0.2402368532872832,0.3793213472956216,1.251760446075748,0.3793213472956216,97.23653278137732,9.703220607276435,0.34
2021-08-05 16:00:00,2021-08-05 12:30:00,1.18396,1.18572,1.18282,1.1842,13153,0,8,12600.0,0.0002026890081935,0.0013212957151747,0.1534016994573367,0.0,1.1250598107968317,-0.7287319229024481,0.1534172469268536,1.85379173369928,0.1534172469268536,97.26075676771865,9.72734530945317,0.34
2021-08-05 21:00:00,2021-08-05 16:30:00,1.1842,1.18515,1.18313,1.18384,13371,0,10,16200.0,-0.0003040489204348,0.0012438067119056,-0.2444502972403459,0.0,0.6449791157025667,-0.7264501618965052,-0.2444131385819665,1.371429277599072,-0.2444131385819665,97.2221551050094,9.68652981083558,0.34
2021-08-06 10:00:00,2021-08-05 21:30:00,1.18384,1.18388,1.18185,1.1825,13236,0,26,45000.0,-0.0011325508111526,0.0012463371398054,-0.908703411766663,0.0,0.0271101202859974,-1.3487284842269815,-0.9081890295799366,1.375838604512979,-0.9081890295799366,97.0786598301018,9.558570461211332,0.34
2021-08-06 15:30:00,2021-08-06 10:30:00,1.18249,1.18298,1.17767,1.17843,17588,0,11,18000.0,-0.0034477972932507,0.0014027701824203,-2.4578490022519426,0.0,0.2954010791041446,-2.905782043433349,-2.4476089411492006,3.201183122537494,-2.4476089411492006,96.69053570324964,9.22611300672368,0.34
2021-08-06 18:30:00,2021-08-06 16:00:00,1.17843,1.17884,1.1755,1.17603,14394,0,6,9000.0,-0.0020386847355632,0.0014412773950461,-1.414498515393668,0.0,0.2413973462285929,-1.7251078645116202,-1.4130576364600882,1.9665052107402128,-1.4130576364600882,96.46716925530356,9.15545248138558,0.34
2021-08-09 04:30:00,2021-08-06 19:00:00,1.17604,1.17644,1.17423,1.17537,13286,0,20,207000.0,-0.0005613677105828,0.0013276331077725,-0.4228334675418583,0.0,0.2561886138349892,-1.1592534776033692,-0.4291159281736212,1.4154420914383583,-0.4291159281736212,96.40039872943186,9.220571376763928,0.34
2021-08-09 12:00:00,2021-08-09 05:00:00,1.17539,1.17666,1.17501,1.1757,13609,0,15,25200.0,0.0002807232470041,0.0012379500071155,0.2267646071251652,0.0,0.8728078081413664,-0.2611550921997897,0.2130475752156139,1.1339629003411562,0.2130475752156139,96.43620760746334,9.336929258402577,0.34
2021-08-09 17:00:00,2021-08-09 12:30:00,1.1757,1.1769,1.17467,1.17527,14447,0,10,16200.0,-0.0003658064584362,0.0012371732740306,-0.2956792440596846,0.0,0.8250004743208702,-0.7081254071254199,-0.2956251699649085,1.5331258814462905,-0.2956251699649085,96.3895162735678,9.322029858884406,0.34
2021-08-10 03:00:00,2021-08-09 17:30:00,1.17526,1.17536,1.17321,1.17347,13232,0,20,34200.0,-0.0015327370014496,0.0011967613856724,-1.2807373464747362,0.0,0.0710981788958451,-1.457512667364905,-1.272657402235739,1.5286108462607502,-1.272657402235739,96.18727233430543,9.161991748637334,0.34
2021-08-10 11:30:00,2021-08-10 03:30:00,1.17347,1.17429,1.1726,1.17322,13668,0,17,28800.0,-0.0002130660640697,0.0011367565109718,-0.187433335119036,0.0,0.6147158493213415,-0.6521985230603583,-0.1874133686955837,1.2669143723816998,-0.1874133686955837,96.15767434050298,9.227109030912644,0.34
2021-08-10 16:30:00,2021-08-10 12:00:00,1.17321,1.17321,1.17107,1.17163,13197,0,10,16200.0,-0.0013561637151129,0.0011425416823497,-1.1869708878575278,0.0,0.0,-1.596489123884808,-1.178716269036532,1.596489123884808,-1.178716269036532,95.97023726075294,9.092119142182426,0.34
2021-08-11 01:00:00,2021-08-10 17:00:00,1.17163,1.17246,1.17098,1.1719,13216,0,17,28800.0,0.0002304216299298,0.0011453160484409,0.2011860658405094,0.0,0.6185321279189264,-0.4843926302979205,0.2012092464314261,1.1029247582168469,0.2012092464314261,96.002006977309,9.219409554983727,0.34
2021-08-11 11:30:00,2021-08-11 01:30:00,1.17193,1.17254,1.17061,1.17125,13460,0,21,36000.0,-0.0005548087119245,0.0011228188635313,-0.494121295913803,0.0,0.4635733518747735,-1.0031423352044198,-0.5167702938930325,1.4667156870791933,-0.5167702938930325,95.92397923990129,9.17509866991108,0.34
2021-08-11 16:00:00,2021-08-11 12:00:00,1.17125,1.17495,1.17085,1.17404,14741,0,9,14400.0,0.0023792378052431,0.0013158621764288,1.8081208259213468,0.0,2.400721139035156,-0.2595374204363616,1.8102735075427177,2.6602585594715173,1.8102735075427177,96.2095034182218,9.51397225414975,0.34
2021-08-11 20:30:00,2021-08-11 16:30:00,1.17404,1.1754,1.17293,1.17473,13657,0,9,14400.0,0.0005875415812101,0.0013344915867237,0.440273724507016,0.0,0.868040871863955,-0.7084745351242073,0.440403089401607,1.5765154069881622,0.440403089401607,96.27902797190418,9.51652588676879,0.34
2021-08-12 10:00:00,2021-08-11 21:00:00,1.17472,1.1748,1.17329,1.17344,13894,0,27,46800.0,-0.001098728056124,0.0013008760691569,-0.8446062481847731,0.0,0.0523503632673972,-0.9357627434038172,-0.8376058122774838,0.9881131066712144,-0.8376058122774838,96.14565441546917,9.349973475940189,0.34
2021-08-12 16:00:00,2021-08-12 10:30:00,1.17344,1.17482,1.17274,1.17334,13485,0,12,19800.0,-8.522315688774536e-05,0.0013022743703541,-0.065441783104869,0.0,0.90305812556854,-0.4580729622448821,-0.0654389946064117,1.3611310878134222,-0.0654389946064117,96.13532036528792,9.377751233006165,0.34
2021-08-13 01:00:00,2021-08-12 16:30:00,1.17333,1.17425,1.17237,1.1733,13417,0,18,30600.0,-3.409129649537572e-05,0.0011767649571726,-0.0289703532447841,0.0,0.666312445700403,-0.6952825520352311,-0.0217275797510808,1.3615949977356343,-0.0217275797510808,96.13074559562249,9.391022899186723,0.34
2021-08-13 13:00:00,2021-08-13 01:30:00,1.1733,1.17513,1.17302,1.17487,13086,0,24,41400.0,0.0013372117299409,0.0012412095846873,1.0773456364162728,0.0,1.256599546044992,-0.1922665972091098,1.0780662772080487,1.448866143254102,1.0780662772080487,96.30087152039202,9.574058916406798,0.34
2021-08-13 18:00:00,2021-08-13 13:30:00,1.17486,1.18011,1.17473,1.17966,14309,0,10,16200.0,0.0040687581879353,0.00158088692171,2.573718671500028,0.0,2.8266522266975054,-0.0699932932324903,2.5843677501233997,2.8966455199299954,2.5843677501233997,96.70729287142858,9.932350344982467,0.34
2021-08-16 07:30:00,2021-08-13 18:30:00,1.17966,1.18048,1.179,1.17936,13256,0,27,219600.0,-0.0002543429064757,0.0015783358767667,-0.1611462491727455,0.0,0.4404104044002804,-0.3544766669562418,-0.1611257577073934,0.7948870713565223,-0.1611257577073934,96.68184592688546,9.757923018639701,0.34
2021-08-16 15:00:00,2021-08-16 08:00:00,1.17937,1.17938,1.17675,1.17711,14433,0,15,25200.0,-0.0019096366036983,0.0016238281151943,-1.176009077457001,0.0,0.0052216753551414,-1.368078943038124,-1.1800986302543084,1.3733006183932654,-1.1800986302543084,96.4961398497668,9.532079525601347,0.34
2021-08-16 19:30:00,2021-08-16 15:30:00,1.1771,1.17905,1.17703,1.17753,13477,0,9,14400.0,0.0003567424357476,0.0016170521233988,0.2206128241542289,0.0,1.0244652523520272,-0.0367756757254669,0.2259077223134994,1.0612409280774942,0.2259077223134994,96.53097728675694,9.60734459084857,0.34
2021-08-17 09:00:00,2021-08-16 20:00:00,1.17752,1.17805,1.17633,1.17642,13332,0,27,46800.0,-0.0009430957176424,0.001440498363598,-0.6547009989561927,0.0,0.3124602731259213,-0.701561745320161,-0.6485024536573281,1.0140220184460824,-0.6485024536573281,96.42759206930204,9.498736208201208,0.34
2021-08-17 14:00:00,2021-08-17 09:30:00,1.17642,1.17845,1.17602,1.17691,13192,0,10,16200.0,0.0004164311907645,0.0013680680115361,0.3043936319342075,0.0,1.2613219409705834,-0.2485363430483663,0.3044570202342073,1.5098582840189496,0.3044570202342073,96.4756595105914,9.580043356596576,0.34
2021-08-17 17:00:00,2021-08-17 14:30:00,1.1769,1.17723,1.17239,1.17258,13176,0,6,9000.0,-0.0036859104761096,0.0015989630107128,-2.3051880821598845,0.0,0.175362189730034,-2.396616592977564,-2.2956504837390885,2.5719787827075984,-2.2956504837390885,96.11164239204643,9.210109420449001,0.34
2021-08-17 23:00:00,2021-08-17 17:30:00,1.17258,1.17263,1.17085,1.17099,13307,0,12,19800.0,-0.0013569044184364,0.0016192278077207,-0.8379947601977438,0.0,0.0263341659706653,-0.911162142583102,-0.8374264778653795,0.9374963085537674,-0.8374264778653795,95.97931286964274,9.201932368553358,0.34
2021-08-18 10:30:00,2021-08-17 23:30:00,1.17098,1.17294,1.17019,1.17238,13423,0,23,39600.0,0.0011863258154028,0.0016478411123985,0.71992730760074,0.0,1.0157603585155126,-0.4094136138913385,0.7255431132253332,1.425173972406851,0.7255431132253332,96.0929981112518,9.40248075783201,0.34
2021-08-18 16:30:00,2021-08-18 11:00:00,1.17239,1.17262,1.1706,1.17184,13881,0,12,19800.0,-0.0004607076209155,0.0016167164648957,-0.2849650083480997,0.0,0.1213449953390621,-0.944380615899831,-0.2901728149413222,1.065725611238893,-0.2901728149413222,96.0479986849456,9.357482798465497,0.34
2021-08-18 21:00:00,2021-08-18 17:00:00,1.17183,1.17425,1.16937,1.1722,15931,0,9,14400.0,0.0003071619962376,0.0016184690954835,0.189785518361019,0.0,1.2759872734270103,-1.2970779721612444,0.1950889632925425,2.573065245588255,0.1950889632925425,96.07796811697158,9.414552827400243,0.34
2021-08-19 05:00:00,2021-08-18 21:30:00,1.1722,1.17257,1.16754,1.16754,13141,0,16,27000.0,-0.0039833538442093,0.0018241611720564,-2.183663321656378,0.0,0.1730361324801223,-2.17931993880376,-2.17931993880376,2.352356071283882,-2.17931993880376,95.73314123001454,9.075360030862228,0.34
2021-08-19 10:30:00,2021-08-19 05:30:00,1.16755,1.16844,1.16657,1.16829,14573,0,11,18000.0,0.0006421700430029,0.0018312853445874,0.350666292886032,0.0,0.4162540754568578,-0.4583471842109979,0.3460988942001307,0.8746012596678558,0.3460988942001307,95.78851568492132,9.256674548738317,0.34
2021-08-19 15:00:00,2021-08-19 11:00:00,1.1683,1.17039,1.16801,1.1696,13630,0,9,14400.0,0.0011206687543915,0.001850222757056,0.6056939631283272,0.0,0.9668695679466742,-0.1341589352652729,0.6014021236031886,1.1010285032119471,0.6014021236031886,95.88416209784718,9.380204772703152,0.34
2021-08-19 18:00:00,2021-08-19 15:30:00,1.16962,1.17041,1.16789,1.16889,13438,0,6,9000.0,-0.0006072294701421,0.0017604447841286,-0.3449295743988529,0.0,0.3836718156228419,-0.8401927101615813,-0.3545321840566771,1.2238645257844232,-0.3545321840566771,95.8296935402725,9.31556455823133,0.34
2021-08-20 03:30:00,2021-08-19 18:30:00,1.16891,1.16972,1.16726,1.16823,13158,0,19,32400.0,-0.000564797714747,0.0017514648788166,-0.3224716188021271,0.0,0.3956421122303199,-0.8059376360244928,-0.3321439954525392,1.2015797482548127,-0.3321439954525392,95.77877136589665,9.28964681302044,0.34
2021-08-20 11:00:00,2021-08-20 04:00:00,1.16823,1.16893,1.16758,1.16758,13186,0,15,25200.0,-0.0005565521311904,0.0017422555479605,-0.3194434546883164,0.0,0.3439203144566234,-0.3193545777095659,-0.3193545777095659,0.6632748921661893,-0.3193545777095659,95.7283273753114,9.27062351564571,0.34
2021-08-20 16:30:00,2021-08-20 11:30:00,1.16758,1.16853,1.1664,1.16795,14336,0,11,18000.0,0.0003168445732621,0.0017465751186879,0.181409073032098,0.0,0.4658538501145391,-0.5786395190897229,0.1814378153077575,1.044493369204262,0.1814378153077575,95.75697406516468,9.333291678897325,0.34
2021-08-23 00:00:00,2021-08-20 17:00:00,1.16795,1.17045,1.16712,1.1694,13282,0,15,198000.0,0.0012407214888738,0.0017771044082295,0.6981702837088263,0.0,1.2044889315988696,-0.3998903252908855,0.6986035803273358,1.6043792568897552,0.6986035803273358,95.86722360918073,9.452112960034796,0.34
2021-08-23 10:30:00,2021-08-23 00:30:00,1.16957,1.17262,1.16928,1.17224,14506,0,21,36000.0,0.0024256515881996,0.0018410910995535,1.317507639240558,0.0,1.4164405162961482,-0.134677950729752,1.2399659601674258,1.5511184670259004,1.2399659601674258,96.07527402303153,9.633019520474917,0.34
2021-08-23 16:00:00,2021-08-23 11:00:00,1.17224,1.17418,1.17153,1.17405,13355,0,11,18000.0,0.0015428615891871,0.0016115253649091,0.9573920602075892,0.0,1.0269470407155996,-0.3758414427361052,0.9581310019047816,1.4027884834517048,0.9581310019047816,96.22645782524349,9.710382802003096,0.34
2021-08-23 22:30:00,2021-08-23 16:30:00,1.17405,1.17503,1.17241,1.17467,13170,0,13,21600.0,0.0005279471494267,0.0016205849966349,0.3257756615808596,0.0,0.5150716764919764,-0.8619566831090836,0.3258616728826027,1.37702835960106,0.3258616728826027,96.27790174799254,9.688544657234473,0.34
2021-08-24 11:00:00,2021-08-23 23:00:00,1.17467,1.17485,1.17323,1.1733,13933,0,25,43200.0,-0.0011669656388054,0.0015875016280397,-0.7350957115215397,0.0,0.0965255863267773,-0.7722046906138611,-0.7346669625978989,0.8687302769406384,-0.7346669625978989,96.16182123168514,9.528061012090063,0.34
2021-08-24 16:30:00,2021-08-24 11:30:00,1.17333,1.17551,1.17273,1.1748,14620,0,11,18000.0,0.001277628894887,0.0016164334733622,0.7903999242415579,0.0,1.149419295237017,-0.3163539344688587,0.7750671394488325,1.465773229705876,0.7750671394488325,96.28663495302408,9.672093744421957,0.34
2021-08-25 01:00:00,2021-08-24 17:00:00,1.17481,1.1765,1.17422,1.17572,13206,0,17,28800.0,0.0007828055468408,0.0016160267089879,0.4844013669372394,0.0,0.8901650435477824,-0.3107676779249018,0.4793196388335292,1.2009327214726842,0.4793196388335292,96.36312779591891,9.707135930908663,0.34
2021-08-25 11:00:00,2021-08-25 01:30:00,1.17572,1.17584,1.17324,1.17565,13428,0,20,34200.0,-5.953975769081007e-05,0.001612611103792,-0.0369213368001755,0.0,0.0632918360197939,-1.3080312777435408,-0.0369202376782521,1.3713231137633346,-0.0369202376782521,96.357297469648,9.66065483039705,0.34
2021-08-25 16:30:00,2021-08-25 11:30:00,1.17565,1.17596,1.1726,1.17469,15422,0,11,18000.0,-0.0008169031317907,0.0013838719879766,-0.5903025271760649,0.0,0.1905406871622919,-1.87467450272692,-0.590061482825567,2.065215189889212,-0.590061482825567,96.26408155087964,9.552498054507907,0.34
2021-08-25 21:30:00,2021-08-25 17:00:00,1.17469,1.17743,1.17457,1.17712,13559,0,10,16200.0,0.0020664942021298,0.0014070253717651,1.4686971845698444,0.0,1.6577741463605862,-0.0726032472858042,1.470215757538746,1.7303773936463906,1.470215757538746,96.49600662514136,9.806580735126545,0.34
2021-08-26 10:00:00,2021-08-25 22:00:00,1.17712,1.17741,1.17567,1.17708,13950,0,25,43200.0,-3.3981819729704484e-05,0.0013911594330399,-0.0244269771836623,0.0,0.177092575600658,-0.8854628780028834,-0.0244265621518289,1.062555453603541,-0.0244265621518289,96.49214930958522,9.727759731568085,0.34
2021-08-26 15:30:00,2021-08-26 10:30:00,1.17709,1.1779,1.17518,1.17558,15966,0,11,18000.0,-0.0012751525534939,0.001423073334176,-0.8960554054877671,0.0,0.4835574379599455,-1.1402403783993238,-0.9014465818759136,1.6237978163592692,-0.9014465818759136,96.35065130806134,9.562600571660113,0.34
2021-08-26 18:30:00,2021-08-26 16:00:00,1.17557,1.17675,1.17459,1.17621,14346,0,6,9000.0,0.0005357621344335,0.0014252396525083,0.3759102081468066,0.0,0.7042804225463716,-0.5849108594029278,0.3819826020590467,1.2891912819492994,0.3819826020590467,96.41001208294138,9.65645783761748,0.34
2021-08-27 06:00:00,2021-08-26 19:00:00,1.17621,1.17635,1.17421,1.17558,13368,0,23,39600.0,-0.0005357621344333,0.0010573828651088,-0.5066869836010174,0.0,0.1125669502195673,-1.6080992888506298,-0.5065512759878743,1.720666239070197,-0.5065512759878743,96.33000007125256,9.562997513443108,0.34
2021-08-27 13:30:00,2021-08-27 06:30:00,1.17558,1.17714,1.17497,1.17588,13228,0,15,25200.0,0.0002551606249969,0.0010551612390057,0.2418214539774341,0.0,1.2576320029430457,-0.491766360125163,0.2418523082582505,1.7493983630682088,0.2418523082582505,96.36818660777011,9.623840654286695,0.34
2021-08-27 17:00:00,2021-08-27 14:00:00,1.17586,1.18019,1.17349,1.17893,19004,0,7,10800.0,0.002590443989587,0.0011595973079889,2.233916870745114,0.0,3.1755947914232903,-1.738143107545694,2.251518708930608,4.913737898968984,2.251518708930608,96.7209491387978,9.96967324211991,0.34
2021-08-27 20:30:00,2021-08-27 17:30:00,1.17893,1.18026,1.17835,1.17951,13133,0,7,10800.0,0.0004918505551912,0.0011352758939935,0.4332431947102487,0.0,0.9937158235388212,-0.4333497576334721,0.4333497576334721,1.4270655811722934,0.4333497576334721,96.78936348667168,9.916671098934287,0.34
2021-08-30 09:30:00,2021-08-27 21:00:00,1.17952,1.18099,1.17892,1.18007,13761,0,26,217800.0,0.0004746607536204,0.0011097728170818,0.4277098396306109,0.0,1.1229953102427666,-0.4583654327523123,0.420168313356046,1.581360742995079,0.420168313356046,96.85690405075869,9.920644601054903,0.34
2021-08-30 16:00:00,2021-08-30 10:00:00,1.18006,1.18053,1.17829,1.17934,13270,0,13,21600.0,-0.0006187987872338,0.0011129868707616,-0.5559803116189924,0.0,0.3578522293816676,-1.347656268097041,-0.5481991599039069,1.7055084974787085,-0.5481991599039069,96.76910802553644,9.779844268557952,0.34
2021-08-31 01:30:00,2021-08-30 16:30:00,1.17934,1.1804,1.17844,1.17965,13231,0,19,32400.0,0.0002628243458298,0.0011135229435067,0.2360295738515657,0.0,0.8071749333932647,-0.6853372075981092,0.2360605937282301,1.492512140991374,0.2360605937282301,96.80637995403104,9.820291851263065,0.34
2021-08-31 10:30:00,2021-08-31 02:00:00,1.17968,1.18316,1.17953,1.18278,13422,0,18,30600.0,0.0026498155132188,0.0012038763004037,2.201069588570021,0.0,2.4503784388065406,-0.1056197602934541,2.1828083793965924,2.5559981990999945,2.1828083793965924,97.15395550135794,10.147217262943244,0.34
2021-08-31 15:00:00,2021-08-31 11:00:00,1.18277,1.1845,1.18199,1.18357,13827,0,9,14400.0,0.0006676949980769,0.0011226038292957,0.5947734905695624,0.0,1.302924598380769,-0.5874457726804211,0.6025084848003632,1.8903703710611897,0.6025084848003632,97.24787743939832,10.111070797506372,0.34
2021-08-31 17:30:00,2021-08-31 15:30:00,1.18356,1.18388,1.17997,1.18039,14450,0,5,7200.0,-0.0026904024756257,0.0012973307996607,-2.073798352994662,0.0,0.2084054012716548,-2.33804809551565,-2.0645160063466306,2.5464534967873056,-2.0645160063466306,96.92039956167432,9.703708652780648,0.34
2021-08-31 22:30:00,2021-08-31 18:00:00,1.18039,1.18132,1.17967,1.18071,13189,0,10,16200.0,0.0002710601007659,0.0012959059287276,0.2091664948489432,0.0,0.6079725204786407,-0.470688402951304,0.2091948457560383,1.078660923429945,0.2091948457560383,96.95342948462957,9.808778633058608,0.34
2021-09-01 09:30:00,2021-08-31 23:00:00,1.18069,1.18118,1.17936,1.18091,13220,0,22,37800.0,0.0001693752597608,0.0012523723096175,0.1352435361754197,0.0,0.3313803394159917,-0.899460921272235,0.1487830095336707,1.2308412606882266,0.1487830095336707,96.97478607705747,9.82952142363861,0.34
2021-09-01 14:30:00,2021-09-01 10:00:00,1.18092,1.18234,1.17955,1.18141,13206,0,10,16200.0,0.0004233126819961,0.001232519358009,0.3434531711371453,0.0,0.9756052247715252,-0.94125292812472,0.3366525071395451,1.916858152896245,0.3366525071395451,97.029021492675,9.873722665909995,0.34
2021-09-01 17:30:00,2021-09-01 15:00:00,1.18143,1.18572,1.18137,1.18541,14608,0,6,9000.0,0.0033800659182202,0.0014119881153859,2.393834538257718,0.0,2.5716878687399256,-0.0359676624998293,2.385854945824096,2.6076555312397547,2.385854945824096,97.40703696032112,10.227115412590521,0.34
2021-09-02 04:00:00,2021-09-01 18:00:00,1.18542,1.18563,1.18362,1.18439,13442,0,21,36000.0,-0.0008608321908918,0.0014371679237827,-0.5989781546376843,0.0,0.1232649287177017,-1.0565565318658103,-0.6045851265675705,1.179821460583512,-0.6045851265675705,97.3124510548976,9.992664426900149,0.34
2021-09-02 12:30:00,2021-09-02 04:30:00,1.18439,1.18532,1.18344,1.18517,13177,0,17,28800.0,0.0006583500972101,0.0014106396955876,0.4667032263939724,0.0,0.5566370577797752,-0.5686077471944742,0.4668568871701984,1.1252448049742494,0.4668568871701984,97.38614914704132,10.048080129713725,0.34
2021-09-02 17:00:00,2021-09-02 13:00:00,1.18518,1.18624,1.18366,1.18552,13527,0,9,14400.0,0.0002952726864691,0.0013580422749695,0.2174252539198784,0.0,0.6585795813520097,-0.9443782675990328,0.2112425072261085,1.6029578489510423,0.2112425072261085,97.42048322808368,10.038103598568242,0.34
2021-09-03 03:00:00,2021-09-02 17:30:00,1.18551,1.18791,1.18548,1.1879,13295,0,20,34200.0,0.002005545413571,0.0014030815900668,1.4293861652589348,0.0,1.4428563455085042,-0.0180357043188412,1.436844444068846,1.4608920498273454,1.436844444068846,97.64620061626228,10.228776366412617,0.34
2021-09-03 12:00:00,2021-09-03 03:30:00,1.18788,1.18843,1.18695,1.1874,13753,0,18,30600.0,-0.0004209994589187,0.0013599012634502,-0.3095809013741786,0.0,0.3404730505565365,-0.575708976395838,-0.2971401168494559,0.9161820269523744,-0.2971401168494559,97.59731404230033,10.082546793040194,0.34
2021-09-03 15:30:00,2021-09-03 12:30:00,1.1874,1.19091,1.18657,1.18912,14389,0,7,10800.0,0.0014474949087892,0.0013763376489588,1.0517004383947657,0.0,2.1477566972537905,-0.5078740908035475,1.0524619713038468,2.655630788057338,1.0524619713038468,97.76339027968838,10.22465270049834,0.34
2021-09-03 17:30:00,2021-09-03 16:00:00,1.18914,1.19048,1.18718,1.18814,13958,0,4,5400.0,-0.0008244786481193,0.0013897278046747,-0.5932662823223086,0.0,0.810852880148944,-1.1860236157403146,-0.6051140896635053,1.9968764958892584,-0.6051140896635053,97.6697063480855,10.053774381191204,0.34
2021-09-06 04:30:00,2021-09-03 18:00:00,1.18812,1.1898,1.18745,1.18775,13551,0,22,210600.0,-0.0003282980302141,0.0014019017403832,-0.2341804855198667,0.0,1.0086288826595855,-0.4022508043939935,-0.222138503919077,1.4108796870535791,-0.222138503919077,97.6327264130346,10.01357110093592,0.34
2021-09-06 14:00:00,2021-09-06 05:00:00,1.18776,1.18776,1.18557,1.18638,13561,0,19,32400.0,-0.0011541071062375,0.001357682479033,-0.8500567135988206,0.0,0.0,-1.3580545216843596,-0.855760383527125,1.3580545216843596,-0.855760383527125,97.49849216209482,9.878610814489292,0.34
2021-09-07 01:00:00,2021-09-06 14:30:00,1.18638,1.18716,1.18576,1.18709,13253,0,22,37800.0,0.0005982801730613,0.0013586205088485,0.4403585616180875,0.0,0.4839189395727142,-0.3846535160706578,0.4404903167905387,0.868572455643372,0.4404903167905387,97.56803011258457,9.985480637579016,0.34
2021-09-07 10:00:00,2021-09-07 01:30:00,1.18709,1.18852,1.18628,1.18789,13649,0,18,30600.0,0.0006736899091842,0.0013605382810656,0.4951642438583429,0.0,0.8854042963795512,-0.5015227133338428,0.4953310748975817,1.386927009713394,0.4953310748975817,97.64622254410492,10.046393754813451,0.34
2021-09-07 14:00:00,2021-09-07 10:30:00,1.18789,1.18825,1.18596,1.18679,14111,0,8,12600.0,-0.0009264406814194,0.0013735100141121,-0.6745059532881356,0.0,0.2206451797775618,-1.182903324918134,-0.6741936048755506,1.4035485046956957,-0.6741936048755506,97.53970988448395,9.905642744715692,0.34
2021-09-07 17:30:00,2021-09-07 14:30:00,1.18679,1.18696,1.18373,1.18465,14952,0,7,10800.0,-0.0018048110691333,0.0014531383855084,-1.2420090798866446,0.0,0.0985752910552642,-1.774355238994757,-1.24088895798979,1.8729305300500212,-1.24088895798979,97.34358160759152,9.730663363693594,0.34
2021-09-08 03:00:00,2021-09-07 18:00:00,1.18463,1.18534,1.18356,1.18422,13304,0,19,32400.0,-0.0003630422984146,0.0013387216752622,-0.2711857924788641,0.0,0.447698177993972,-0.6747000710614288,-0.2585299337711846,1.1223982490554008,-0.2585299337711846,97.30075808636458,9.755941550251222,0.34
2021-09-08 10:00:00,2021-09-08 03:30:00,1.18427,1.18512,1.18286,1.18407,13622,0,14,23400.0,-0.0001266736761128,0.0013315339495522,-0.0951336435360567,0.0,0.5390337448282081,-0.8941618590678941,-0.1268314693713265,1.4331956038961022,-0.1268314693713265,97.28573533179429,9.775643831692435,0.34
2021-09-08 13:30:00,2021-09-08 10:30:00,1.18407,1.18449,1.18122,1.18175,13538,0,7,10800.0,-0.0019612656446125,0.0012615276871981,-1.554675069374475,0.0,0.2811739784804802,-1.9079662825457333,-1.5531515001774872,2.1891402610262136,-1.5531515001774872,97.04023330816024,9.549417783972743,0.34
2021-09-08 17:00:00,2021-09-08 14:00:00,1.18175,1.18294,1.18064,1.18068,16576,0,7,10800.0,-0.0009058470076714,0.0012783817972347,-0.7085887875053206,0.0,0.7876998672608799,-0.7347452543360109,-0.7082679478734295,1.5224451215968908,-0.7082679478734295,96.92833855620609,9.53033077657254,0.34
2021-09-08 20:30:00,2021-09-08 17:30:00,1.18065,1.18288,1.18022,1.18239,13889,0,7,10800.0,0.0014472701176682,0.0013186603927116,1.097530589124701,0.0,1.4323552020703278,-0.2761940524171093,1.117622444664811,1.7085492544874372,1.117622444664811,97.10165192948789,9.774702667192884,0.34
2021-09-09 07:00:00,2021-09-08 21:00:00,1.18241,1.183,1.18121,1.18142,13446,0,21,36000.0,-0.0008207089862945,0.0013300423716396,-0.6170547674227576,0.0,0.3751616531861078,-0.7630406505478149,-0.6295085367020461,1.1382023037339226,-0.6295085367020461,97.00421150796218,9.64953476696617,0.34
2021-09-09 11:30:00,2021-09-09 07:30:00,1.18142,1.18361,1.18113,1.18337,14139,0,9,14400.0,0.001649195439743,0.001141511254425,1.4447474200099824,0.0,1.6239011842386613,-0.215037143118275,1.445939410623463,1.838938327356936,1.445939410623463,97.23235462432103,9.910643277454199,0.34
2021-09-09 15:00:00,2021-09-09 12:00:00,1.18337,1.18413,1.18242,1.18316,13518,0,7,10800.0,-0.0001774750377567,0.0011272399749986,-0.1574421078856845,0.0,0.5697399268782196,-0.7121749085978994,-0.1574281376900935,1.281914835476119,-0.1574281376900935,97.2074926085516,9.821838956188444,0.34
2021-09-09 17:00:00,2021-09-09 15:30:00,1.18316,1.18349,1.18083,1.18123,15355,0,4,5400.0,-0.0016325567513477,0.0011669595407676,-1.3989831646381776,0.0,0.2390092241547555,-1.6875499766080777,-1.3978418261174452,1.9265592007628327,-1.3978418261174452,96.98657622241129,9.592701111316472,0.34
2021-09-09 21:00:00,2021-09-09 17:30:00,1.18122,1.18398,1.18053,1.18328,14066,0,8,12600.0,0.0017339749154277,0.0012390396991308,1.3994506525045565,0.0,1.885788873058846,-0.4714472182645977,1.407509086413404,2.357236091323444,1.407509086413404,97.2075664305479,9.884007413847527,0.34
2021-09-10 09:30:00,2021-09-09 21:30:00,1.18328,1.18338,1.18187,1.18291,13648,0,25,43200.0,-0.0003127390471734,0.0011364208112294,-0.2751965153076413,0.0,0.0743658074178039,-1.048557884588757,-0.2751534874452802,1.122923692006561,-0.2751534874452802,97.16410956760852,9.787474953941924,0.34
2021-09-10 14:30:00,2021-09-10 10:00:00,1.18287,1.1851,1.18272,1.18335,14304,0,10,16200.0,0.0003718948932672,0.0011425040833091,0.3255085900350293,0.0,1.6500993180058423,-0.1109932276686266,0.3551783285392437,1.761092545674469,0.3551783285392437,97.21551131652576,9.840836554144701,0.34
2021-09-10 17:30:00,2021-09-10 15:00:00,1.18336,1.18415,1.18214,1.18333,13641,0,6,9000.0,-1.6901313232370552e-05,0.0010784610222529,-0.0156716959478643,0.0,0.6190215276517851,-0.95595729586723,-0.023507146619666,1.5749788235190152,-0.023507146619666,97.21303656592046,9.819977101557768,0.34
2021-09-10 23:00:00,2021-09-10 18:00:00,1.18331,1.1834,1.18109,1.18116,13119,0,11,18000.0,-0.0018354914668556,0.0011295821888486,-1.6249295402987969,0.0,0.0673327169204365,-1.6608736840389309,-1.6085037931007582,1.7282064009593676,-1.6085037931007582,96.95644051040732,9.557858900191633,0.34
2021-09-13 09:00:00,2021-09-10 23:30:00,1.18115,1.18148,1.17843,1.17859,14466,0,20,207000.0,-0.0021781977040986,0.0012056631954484,-1.806638630358534,0.0,0.2317303309714095,-1.910019697702676,-1.7976655978378493,2.1417500286740854,-1.7976655978378493,96.67115038871846,9.35653863398403,0.34
2021-09-13 14:00:00,2021-09-13 09:30:00,1.17858,1.17929,1.17737,1.17745,14387,0,10,16200.0,-0.0009677255810317,0.0012001302440008,-0.8063504656008248,0.0,0.501962069700545,-0.8554564849825859,-0.7988973785375535,1.357418554683131,-0.7988973785375535,96.5438178837064,9.352811257678539,0.34
2021-09-13 17:30:00,2021-09-13 14:30:00,1.17746,1.18108,1.17702,1.18096,14337,0,7,10800.0,0.0029765838777521,0.0014026700036835,2.122084217909664,0.0,2.191830159197211,-0.2664102955930319,2.1191728058537183,2.4582404547902432,2.1191728058537183,96.87892068433749,9.77756637050436,0.34
2021-09-14 04:30:00,2021-09-13 18:00:00,1.18096,1.18171,1.18015,1.18083,13786,0,22,37800.0,-0.0001100859942088,0.0013860953017226,-0.0794216631944706,0.0,0.4581766831645528,-0.4948308178176845,-0.0794172917484971,0.9530075009822372,-0.0794172917484971,96.86637904176617,9.692443718839542,0.34
2021-09-14 11:00:00,2021-09-14 05:00:00,1.18083,1.18299,1.18066,1.18238,13211,0,13,21600.0,0.0013117752736862,0.0014225650513608,0.9221197107515812,0.0,1.285861631987518,-0.1012020728879114,0.9227247822132556,1.3870637048754295,0.9227247822132556,97.01199291278132,9.83116542763041,0.34
2021-09-14 15:30:00,2021-09-14 11:30:00,1.18238,1.1846,1.18002,1.18415,15995,0,9,14400.0,0.001495861307523,0.0014163417401888,1.0561443365522794,0.0,1.32564685328561,-1.409246204393592,1.0569346532952604,2.734893057679202,1.0569346532952604,97.1787708955128,9.94810972004126,0.34
2021-09-14 18:00:00,2021-09-14 16:00:00,1.18415,1.18457,1.18158,1.18215,14211,0,5,7200.0,-0.0016904031409742,0.0014635211350786,-1.1550247553367128,0.0,0.2423503060524432,-1.4829530632261192,-1.1540490764405782,1.7253033692785624,-1.1540490764405782,96.99637849701844,9.694294504517387,0.34
2021-09-15 01:00:00,2021-09-14 18:30:00,1.18215,1.18278,1.18001,1.18017,13812,0,14,23400.0,-0.0016763185882161,0.0015061069225605,-1.1130143305935645,0.0,0.3538442626533738,-1.2019471779021285,-1.1120819683393888,1.5557914405555022,-1.1120819683393888,96.8206200534201,9.55500530698393,0.34
2021-09-15 10:00:00,2021-09-15 01:30:00,1.18016,1.18155,1.17991,1.18142,14924,0,18,30600.0,0.0010586089174959,0.0014674219434609,0.7214073104285597,0.0,0.8026364907387622,-0.1443590810680193,0.7275697685832434,0.9469955718067816,0.7275697685832434,96.93453900540142,9.735114736683286,0.34
2021-09-15 15:00:00,2021-09-15 10:30:00,1.1814,1.18319,1.18131,1.18309,14808,0,10,16200.0,0.0014125550559573,0.0014847287421299,0.9513893116468872,0.0,1.020490458733839,-0.0513095761374131,0.9634798185811156,1.0718000348712522,0.9634798185811156,97.0847749009105,9.868651419908545,0.34
2021-09-15 17:30:00,2021-09-15 15:30:00,1.18311,1.18311,1.18075,1.18187,14065,0,5,7200.0,-0.0010317300150707,0.0014699099541688,-0.7019001484713889,0.0,0.0,-1.3570509296069808,-0.7130267596240393,1.3570509296069808,-0.7130267596240393,96.9739363660724,9.706102845268248,0.34
2021-09-16 03:00:00,2021-09-15 18:00:00,1.18188,1.18216,1.18033,1.18169,13348,0,19,32400.0,-0.0001523126134712,0.0014583474801396,-0.10444192179539,0.0,0.162451465030294,-0.8992848957031927,-0.1102349226991833,1.0617363607334869,-0.1102349226991833,96.95744372162336,9.711494240256272,0.34
2021-09-16 10:00:00,2021-09-16 03:30:00,1.18169,1.18206,1.17863,1.17894,13063,0,14,23400.0,-0.0023298875673043,0.0014941389436272,-1.5593513422842282,0.0,0.2095594154081261,-1.7331130031050397,-1.5575361956010323,1.9426724185131656,-1.5575361956010323,96.71120325785796,9.475287187054775,0.34
2021-09-16 14:00:00,2021-09-16 10:30:00,1.17894,1.1793,1.17619,1.17727,13133,0,8,12600.0,-0.0014175309328459,0.0015192188156051,-0.9330656771001696,0.0,0.2009974127589301,-1.53539690301891,-0.9324046647423672,1.73639431577784,-0.9324046647423672,96.56386088617914,9.415491004757158,0.34
2021-09-16 17:00:00,2021-09-16 14:30:00,1.17727,1.17741,1.17506,1.17582,15031,0,6,9000.0,-0.0012324222052954,0.0015025907478151,-0.8201981857585035,0.0,0.0791427702987931,-1.2493251597164294,-0.8196929780944456,1.3284679300152225,-0.8196929780944456,96.434341658431,9.365982149584227,0.34
2021-09-16 22:30:00,2021-09-16 17:30:00,1.17583,1.17712,1.17534,1.17691,13417,0,11,18000.0,0.000926583227132,0.0014572226837863,0.6358556159203763,0.0,0.7528687150731889,-0.2859733878959442,0.6303086916891573,1.038842102969133,0.6303086916891573,96.5347509616498,9.543900099554094,0.34
2021-09-17 09:00:00,2021-09-16 23:00:00,1.17688,1.17747,1.17587,1.17719,13875,0,21,36000.0,0.0002378828438217,0.0014615655566901,0.1627589284194932,0.0,0.3430058517853289,-0.5871795089883284,0.1802234136499098,0.9301853607736572,0.1802234136499098,96.5604525677787,9.570634987785112,0.34
2021-09-17 13:30:00,2021-09-17 09:30:00,1.17718,1.17875,1.17684,1.17829,13902,0,9,14400.0,0.0009339922902888,0.0014792957977208,0.6313762884527984,0.0,0.901574778687731,-0.1952454934737712,0.6374191110468063,1.096820272161502,0.6374191110468063,96.66015453093688,9.673045470563125,0.34
2021-09-17 17:00:00,2021-09-17 14:00:00,1.17829,1.17888,1.17414,1.17418,14551,0,7,10800.0,-0.0034942032686819,0.0016494419062519,-2.1184154806773043,0.0,0.3035727574997114,-2.135299904447649,-2.114718700549339,2.4388726619473613,-2.114718700549339,96.32563106835045,9.312109521348418,0.34
2021-09-17 21:30:00,2021-09-17 17:30:00,1.17418,1.17483,1.17245,1.17291,13615,0,9,14400.0,-0.0010821912444307,0.0016230412664781,-0.6667675473089195,0.0,0.3410743937577326,-0.907782617232069,-0.6664068924189689,1.2488570109898016,-0.6664068924189689,96.22034039676096,9.316590117115354,0.34
2021-09-20 09:30:00,2021-09-17 22:00:00,1.17292,1.17322,1.17097,1.17146,13896,0,24,214200.0,-0.0012370062617225,0.0015803404030301,-0.7827467166888654,0.0,0.1618460928816816,-1.0519996037309909,-0.7876509853576132,1.2138456966126725,-0.7876509853576132,96.09673520959,9.266614690144621,0.34
2021-09-20 13:30:00,2021-09-20 10:00:00,1.17146,1.17184,1.17004,1.17129,13523,0,8,12600.0,-0.0001451285884524,0.0015728272562698,-0.0922724271682564,0.0,0.2062410475721206,-0.7706902304009747,-0.0922657318085707,0.9769312779730954,-0.0922657318085707,96.08216427573916,9.32832024235013,0.34
2021-09-20 17:00:00,2021-09-20 14:00:00,1.17129,1.17233,1.17034,1.1719,15744,0,7,10800.0,0.0005206577475834,0.0013921425032272,0.3739974509624396,0.0,0.6378010219759429,-0.582606702766405,0.374094830197373,1.220407724742348,0.374094830197373,96.1412230030925,9.428686496686652,0.34
2021-09-20 21:30:00,2021-09-20 17:30:00,1.1719,1.17363,1.17171,1.17243,13602,0,9,14400.0,0.0004521547811355,0.0014036169859484,0.3221354441147577,0.0,1.0517364697265463,-0.1155086296230928,0.3222082826330725,1.1672450993496393,0.3222082826330725,96.19209209141349,9.485525745098528,0.34
2021-09-21 08:30:00,2021-09-20 22:00:00,1.17243,1.17401,1.1722,1.17336,13544,0,22,37800.0,0.0007929098928075,0.0013756671419539,0.5763820830098408,0.0,0.979618098552617,-0.1426026345995474,0.5766106529454815,1.1222207331521643,0.5766106529454815,96.283109803444,9.571957552565067,0.34
2021-09-21 12:30:00,2021-09-21 09:00:00,1.17336,1.17381,1.17183,1.17371,13412,0,8,12600.0,0.0002982441960353,0.00131427885431,0.2269261162174993,0.0,0.2918056619320552,-0.9921392505688724,0.2269599592805033,1.2839449125009277,0.2269599592805033,96.31894418571734,9.582861306512697,0.34
2021-09-21 16:30:00,2021-09-21 13:00:00,1.17371,1.17486,1.17282,1.17307,15157,0,8,12600.0,-0.0005454282172731,0.0012816040065726,-0.4255824845084606,0.0,0.7645100152308753,-0.5916642726569844,-0.4254664432589103,1.3561742878878595,-0.4254664432589103,96.25173955677062,9.50042366279581,0.34
2021-09-21 20:30:00,2021-09-21 17:00:00,1.17307,1.17313,1.17149,1.17262,14452,0,8,12600.0,-0.0003836824179841,0.0012451587676722,-0.3081393537479385,0.0,0.0410773663308026,-1.0817039800454815,-0.3080802474813235,1.1227813463762844,-0.3080802474813235,96.2030806206388,9.471927378975039,0.34
2021-09-22 04:30:00,2021-09-21 21:00:00,1.17263,1.17322,1.17166,1.17278,13271,0,16,27000.0,0.0001364372816988,0.0012079034759768,0.112953795077423,0.0,0.4165419826387114,-0.6848232595927076,0.1059005040606229,1.101365242231419,0.1059005040606229,96.22091739297466,9.51438912917186,0.34
2021-09-22 11:30:00,2021-09-22 05:00:00,1.17278,1.17376,1.17167,1.17341,13732,0,14,23400.0,0.0005370409175231,0.0011547094323373,0.4650874951597278,0.0,0.7236637380411121,-0.8196599481893978,0.4652124030265346,1.54332368623051,0.4652124030265346,96.29436034158677,9.593237498900706,0.34
2021-09-22 17:00:00,2021-09-22 12:00:00,1.17342,1.17448,1.17242,1.17355,15179,0,11,18000.0,0.0001193032690511,0.0011508095864068,0.1036689913433885,0.0,0.784962497208166,-0.7405306577434287,0.0962689855067937,1.5254931549515949,0.0962689855067937,96.31073093095574,9.590819649620713,0.34
2021-09-22 21:00:00,2021-09-22 17:30:00,1.17354,1.17555,1.17054,1.17464,17712,0,8,12600.0,0.0009283746871311,0.0011855853203783,0.783051772971442,0.0,1.444658998315146,-2.156207460171869,0.7906094020629015,3.6008664584870145,0.7906094020629015,96.43438429020854,9.706223096300178,0.34
2021-09-22 22:00:00,2021-09-22 21:30:00,1.17465,1.17552,1.16843,1.17032,13575,0,2,1800.0,-0.0036845019848513,0.0013367572824618,-2.756298419460073,0.0,0.5540618028675376,-3.961223464178663,-2.757571961397699,4.5152852670462,-2.757571961397699,95.99913138556845,9.227544282198295,0.34
2021-09-23 06:30:00,2021-09-22 22:30:00,1.17032,1.17092,1.16835,1.17068,13301,0,17,28800.0,0.0003075608738469,0.0013209614581778,0.2328310731118499,0.0,0.3881114694116018,-1.2742993245682508,0.2328668816469324,1.6624107939798527,0.2328668816469324,96.03589823205608,9.398934202438497,0.34
2021-09-23 11:00:00,2021-09-23 07:00:00,1.17068,1.17281,1.1705,1.17275,14281,0,9,14400.0,0.0017666416648898,0.0013762990905435,1.283617548706079,0.0,1.3219912530493845,-0.1117175706801365,1.2847520628226723,1.433708823729521,1.2847520628226723,96.23859699013568,9.631598976703287,0.34
2021-09-23 14:00:00,2021-09-23 11:30:00,1.17276,1.17326,1.17113,1.17116,14321,0,6,9000.0,-0.0013567075902119,0.0013786774492882,-0.984064540195648,0.0,0.3092417964593185,-1.008128256457502,-0.9895737486699566,1.3173700529168204,-0.9895737486699566,96.08320128027732,9.426751434685329,0.34
2021-09-23 17:00:00,2021-09-23 14:30:00,1.17115,1.17498,1.17115,1.17446,14616,0,6,9000.0,0.0028137568551065,0.0015373376581984,1.830279015219016,0.0,2.1272424236597622,0.0,1.8384262199253587,2.1272424236597622,1.8384262199253587,96.3722245050673,9.75970604570034,0.34
2021-09-23 21:30:00,2021-09-23 17:30:00,1.17446,1.17501,1.17306,1.17467,13248,0,9,14400.0,0.0001787895949217,0.0015193575670374,0.117674468999673,0.0,0.3082225905313744,-0.7845665940801448,0.1176849891119159,1.0927891846115192,0.1176849891119159,96.39080672899212,9.695573886385063,0.34
2021-09-24 07:30:00,2021-09-23 22:00:00,1.17467,1.17489,1.17341,1.17371,13309,0,20,34200.0,-0.0008175849338483,0.0013135901946903,-0.6224048696108627,0.0,0.142576157284832,-0.8165725371762421,-0.6221505045152252,0.959148694461074,-0.6221505045152252,96.29252146153068,9.568570524108566,0.34
2021-09-24 12:30:00,2021-09-24 08:00:00,1.17371,1.17416,1.1731,1.17349,13723,0,10,16200.0,-0.0001874573965953,0.0012905458099249,-0.1452543529673421,0.0,0.2970833304202329,-0.4027129590140381,-0.1452407393166104,0.6997962894342711,-0.1452407393166104,96.26958403988056,9.566771035582548,0.34
2021-09-24 16:30:00,2021-09-24 13:00:00,1.17349,1.17374,1.17007,1.17116,13610,0,8,12600.0,-0.0019875041195843,0.0013391590003372,-1.48414349534587,0.0,0.1590847211705392,-2.176278985612236,-1.4826696013088942,2.3353637067827755,-1.4826696013088942,96.03521980606205,9.344599459122449,0.34
2021-09-24 22:30:00,2021-09-24 17:00:00,1.17116,1.1725,1.17045,1.17164,13213,0,12,19800.0,0.0004097660975895,0.0013420183627579,0.3053356861283579,0.0,0.8525701223446527,-0.4517349155707016,0.3053982527802205,1.3043050379153542,0.3053982527802205,96.08343600911876,9.47726039095626,0.34
2021-09-27 09:30:00,2021-09-24 23:00:00,1.17162,1.17255,1.17108,1.17108,13729,0,22,210600.0,-0.0004780767745749,0.0013407910297687,-0.3565632257082221,0.0,0.5920182245565575,-0.3437525174844071,-0.3437525174844071,0.9357707420409648,-0.3437525174844071,96.02713035709588,9.433982566611675,0.34
2021-09-27 13:00:00,2021-09-27 10:00:00,1.17108,1.17148,1.16848,1.1701,13464,0,7,10800.0,-0.0008371847164578,0.0013471169326629,-0.6214640289636422,0.0,0.2535526373266929,-1.64809214262273,-0.6212039614501091,1.9016447799494227,-0.6212039614501091,95.92899365976804,9.366625149369568,0.34
2021-09-27 16:00:00,2021-09-27 13:30:00,1.1701,1.17105,1.16894,1.1697,13239,0,6,9000.0,-0.0003419095682508,0.0013313588609084,-0.2568124780553878,0.0,0.60982537687509,-0.7446288812368363,-0.2567685797368499,1.3544542581119263,-0.2567685797368499,95.88843985897772,9.374628346600176,0.34
2021-09-27 19:30:00,2021-09-27 16:30:00,1.16968,1.17098,1.16908,1.17022,13354,0,7,10800.0,0.0004444596469625,0.0013343836984302,0.3330823416723001,0.0,0.8329051750216896,-0.3844177730869336,0.3459759957782687,1.2173229481086232,0.3459759957782687,95.94103759501154,9.462612335648288,0.34
2021-09-28 10:00:00,2021-09-27 20:00:00,1.1702,1.17082,1.16724,1.16767,14786,0,29,50400.0,-0.0021814550823464,0.0014080828478414,-1.5492377353296447,0.0,0.3762732871351919,-1.7964014998709608,-1.5354377684708165,2.172674787006153,-1.5354377684708165,95.69639419228,9.219010617315263,0.34
2021-09-28 14:30:00,2021-09-28 10:30:00,1.16767,1.16932,1.16721,1.16873,15343,0,9,14400.0,0.000907378935737,0.0014301217896954,0.6344766874227655,0.0,0.988077018237205,-0.2754638959933574,0.6347646298979044,1.2635409142305625,0.6347646298979044,95.79658574598749,9.409901993953852,0.34
2021-09-28 17:00:00,2021-09-28 15:00:00,1.16873,1.17011,1.16717,1.16928,16271,0,5,7200.0,0.0004704855925727,0.001435781109077,0.3276861560570175,0.0,0.8223878008333931,-0.929655774855186,0.3277632539553829,1.7520435756885793,0.3277632539553829,95.8483313589542,9.462266764682965,0.34
2021-09-28 19:30:00,2021-09-28 17:30:00,1.16928,1.16971,1.16682,1.16818,13557,0,5,7200.0,-0.0009411926460366,0.0014366304582347,-0.6551390029646911,0.0,0.255979310249314,-1.4644397749149938,-0.6548307936612019,1.7204190851643075,-0.6548307936612019,95.74487697536128,9.351658981040913,0.34
2021-09-29 04:00:00,2021-09-28 20:00:00,1.16818,1.1689,1.16754,1.16812,14249,0,17,28800.0,-5.136326671498983e-05,0.0014349939525709,-0.0357933680646987,0.0,0.429509386179952,-0.3817861210488021,-0.0357924488482962,0.8112955072287541,-0.0357924488482962,95.73922476901562,9.38505414884601,0.34
2021-09-29 10:00:00,2021-09-29 04:30:00,1.16811,1.16901,1.16566,1.16681,15698,0,12,19800.0,-0.0011220894309038,0.0014209148557536,-0.7896950520013744,0.0,0.5422389527365217,-1.476094926893701,-0.7832340428415829,2.0183338796302226,-0.7832340428415829,95.6145223555408,9.279155687105089,0.34
2021-09-29 13:30:00,2021-09-29 10:30:00,1.16681,1.16728,1.16555,1.16592,13269,0,7,10800.0,-0.0007630544839595,0.0011897557267487,-0.6413539071963463,0.0,0.338563325230149,-0.9076378506164916,-0.641109275435433,1.2462011758466407,-0.641109275435433,95.51324480553436,9.232658852171681,0.34
2021-09-29 16:30:00,2021-09-29 14:00:00,1.1659,1.16594,1.16321,1.1636,14429,0,6,9000.0,-0.0019918273009255,0.00124893972276,-1.5948145972359982,0.0,0.0274699083457304,-1.8473513362484288,-1.5795197298778998,1.874821244594159,-1.5795197298778998,95.26140426428216,9.03895704098494,0.34
2021-09-29 19:30:00,2021-09-29 17:00:00,1.1636,1.16436,1.16008,1.16015,13355,0,6,9000.0,-0.0029693405356705,0.0012842924409702,-2.312043924690009,0.0,0.5085643969848038,-2.3554561544556205,-2.308614696838595,2.8640205514404244,-2.308614696838595,94.89630452516394,8.786768021787736,0.34
2021-09-30 07:30:00,2021-09-29 20:00:00,1.16015,1.16086,1.15894,1.16079,13354,0,24,41400.0,0.0005515006990456,0.0012912954897547,0.4270910131889124,0.0,0.4739347684221116,-0.8076916475925814,0.4272088053382309,1.2816264160146928,0.4272088053382309,94.96374736906056,9.025144720949783,0.34
2021-09-30 12:00:00,2021-09-30 08:00:00,1.16079,1.16097,1.15915,1.16002,13905,0,9,14400.0,-0.0006635614533317,0.0010389073894024,-0.638710880392719,0.0,0.1492595100695249,-1.3599199806329996,-0.6384990152971157,1.5091794907025244,-0.6384990152971157,94.86288718499873,8.972216702095324,0.34
2021-09-30 16:00:00,2021-09-30 12:30:00,1.16,1.16012,1.15679,1.15898,15483,0,8,12600.0,-0.0008969383956214,0.0010231815462757,-0.8766170567542118,0.0,0.1011045168266667,-2.7045458251105763,-0.8593883930256385,2.8056503419372434,-0.8593883930256385,94.72445873417658,8.905278041293073,0.34
2021-09-30 18:00:00,2021-09-30 16:30:00,1.15897,1.15983,1.15762,1.15869,15141,0,4,5400.0,-0.0002502513313056,0.0010268010338594,-0.2437193994293716,0.0,0.7226698889194626,-1.134423662838843,-0.2352878708110746,1.8570935517583056,-0.2352878708110746,94.6859724890843,8.953654843528042,0.34
2021-09-30 21:30:00,2021-09-30 18:30:00,1.15867,1.15894,1.15626,1.15845,14329,0,7,10800.0,-0.0002071519207801,0.0010263495187629,-0.2018336999171964,0.0,0.2270433147370852,-2.0265718093199845,-0.1849982564525366,2.25361512405707,-0.1849982564525366,94.6541005032634,8.979536014854688,0.34
2021-10-01 06:30:00,2021-09-30 22:00:00,1.15845,1.15887,1.1563,1.15758,13644,0,18,30600.0,-0.000751285640446,0.0009772936741775,-0.768740922300903,0.0,0.3709769350464374,-1.8990485960707404,-0.7684522225959677,2.2700255311171778,-0.7684522225959677,94.5327070006641,8.905123188790782,0.34
2021-10-01 11:00:00,2021-10-01 07:00:00,1.15757,1.15912,1.15745,1.158,14533,0,9,14400.0,0.0003627600900038,0.0009748335404187,0.372125162874506,0.0,1.3735800422230535,-0.1063416806881501,0.3810576891328002,1.4799217229112038,0.3810576891328002,94.59147007105128,9.036220285932984,0.34
2021-10-01 15:00:00,2021-10-01 11:30:00,1.15802,1.16059,1.15725,1.16031,13529,0,8,12600.0,0.0019928316441634,0.0011329216354209,1.759019849085104,0.0,1.9589222208040824,-0.5869144396962952,1.745498788187248,2.545836660500378,1.745498788187248,94.86924061041977,9.33201604352179,0.34
2021-10-01 17:00:00,2021-10-01 15:30:00,1.16031,1.16075,1.15838,1.15972,13352,0,4,5400.0,-0.0005086141237128,0.0011295714590233,-0.4502717554076605,0.0,0.3357105045997393,-1.4725483497215877,-0.4501572675313723,1.808258854321327,-0.4501572675313723,94.7981372465623,9.187721484487199,0.34
2021-10-01 21:00:00,2021-10-01 17:30:00,1.15972,1.16038,1.15866,1.16016,13256,0,8,12600.0,0.0003793299698914,0.0011444684063997,0.3314464320467801,0.0,0.4972639556682113,-0.7986360500127694,0.3315093037788633,1.2959000056809806,0.3315093037788633,94.85047665265216,9.251895707527837,0.34
2021-10-04 08:30:00,2021-10-01 21:30:00,1.16016,1.16137,1.15876,1.15982,13634,0,23,212400.0,-0.0002931059771499,0.0011272578948721,-0.2600167880688891,0.0,0.9252182632960452,-1.0705004699294194,-0.2599786855542803,1.995718733225465,-0.2599786855542803,94.8094168525002,9.20035043185608,0.34
2021-10-04 12:30:00,2021-10-04 09:00:00,1.15978,1.16181,1.15962,1.16099,14160,0,8,12600.0,0.0010082687502371,0.0010940049160887,0.9216309135446428,0.0,1.599930616187128,-0.1261029057092828,0.953653224426769,1.7260335218964111,0.953653224426769,94.95495353651609,9.361675263917476,0.34
2021-10-04 17:00:00,2021-10-04 13:00:00,1.16099,1.164,1.16079,1.16298,14860,0,9,14400.0,0.0017125870698689,0.0011534674040417,1.4847294894229697,0.0,2.247670731210829,-0.1493468924392434,1.4860015797707542,2.397017623650073,1.4860015797707542,95.18941030589694,9.555831593420223,0.34
2021-10-04 22:00:00,2021-10-04 17:30:00,1.16299,1.16375,1.16152,1.16176,13078,0,10,16200.0,-0.0010495798343023,0.0011538103233837,-0.909664104256139,0.0,0.5663738475157276,-1.0954862576948203,-0.916631358479336,1.661860105210548,-0.916631358479336,95.04576332600938,9.324237906349921,0.34
2021-10-05 09:30:00,2021-10-04 22:30:00,1.16176,1.16225,1.159,1.15989,14430,0,23,39600.0,-0.0016109236141528,0.0011820805842906,-1.362786628560962,0.0,0.3568063514070872,-2.009766387516963,-1.361689545165407,2.36657273892405,-1.361689545165407,94.83056281132706,9.130108070834623,0.34
2021-10-05 14:30:00,2021-10-05 10:00:00,1.15988,1.16053,1.15902,1.15979,13656,0,10,16200.0,-8.621878885187992e-05,0.0011816332799844,-0.0729657756872039,0.0,0.474261185582973,-0.6274840301559559,-0.0656669333883518,1.101745215738929,-0.0656669333883518,94.81904063158667,9.194494391343525,0.34
2021-10-05 17:30:00,2021-10-05 15:00:00,1.15979,1.16055,1.15806,1.15922,13364,0,6,9000.0,-0.0004915890931724,0.0011685081247828,-0.42069805313836,0.0,0.5607928863909242,-1.2765417019164047,-0.4205946647933979,1.8373345883073289,-0.4205946647933979,94.75260731351338,9.157778062187603,0.34
2021-10-06 03:00:00,2021-10-05 18:00:00,1.15922,1.16131,1.1592,1.15935,13785,0,19,32400.0,0.0001121380852302,0.0011676788326115,0.0960350415700106,0.0,1.5440345469316832,-0.0147754502098042,0.0960404263641379,1.5588099971414873,0.0960404263641379,94.76777240975096,9.212078477418629,0.34
2021-10-06 10:00:00,2021-10-06 03:30:00,1.15933,1.15966,1.15694,1.15709,14070,0,14,23400.0,-0.0019512706714363,0.0011645853270922,-1.6755068315246089,0.0,0.244419331307211,-1.7701884903767018,-1.6590887943280443,2.0146078216839127,-1.6590887943280443,94.50318958736256,8.961611109632628,0.34
2021-10-06 13:30:00,2021-10-06 10:30:00,1.15709,1.15739,1.15292,1.15368,13725,0,7,10800.0,-0.0029513992957382,0.001162410041103,-2.539034584506492,0.0,0.2230461655863619,-3.100341701650778,-2.535291415498529,3.32338786723714,-2.535291415498529,94.10224527375496,8.662514706855404,0.34
2021-10-06 16:30:00,2021-10-06 14:00:00,1.15368,1.15522,1.15357,1.15426,13497,0,6,9000.0,0.0005026127301488,0.0011606203317418,0.4330552519225434,0.0,1.1501253681665629,-0.0821518120119447,0.4331640996991489,1.2322771801785075,0.4331640996991489,94.1706299431863,8.906792735207887,0.34
2021-10-06 20:30:00,2021-10-06 17:00:00,1.15426,1.15561,1.15325,1.15511,14082,0,8,12600.0,0.0007361315323086,0.0011784688504148,0.6246508187717308,0.0,0.9924577217676752,-0.7425054066559673,0.6248807877796775,1.7349631284236424,0.6248807877796775,94.26926987322317,9.052141638264544,0.34
2021-10-07 08:00:00,2021-10-06 21:00:00,1.15512,1.1561,1.15488,1.15529,13407,0,23,39600.0,0.0001558171748303,0.0011697480078546,0.1332057620821055,0.0,0.725281597126838,-0.1776199829698546,0.1258141546036402,0.9029015800966926,0.1258141546036402,94.29030467644029,9.075369569810007,0.34
2021-10-07 12:30:00,2021-10-07 08:30:00,1.15529,1.15706,1.1549,1.15605,13234,0,9,14400.0,0.0006576272010089,0.0011835728216435,0.5556288459680797,0.0,1.2944559266985474,-0.2852191024928122,0.5558115843451923,1.5796750291913595,0.5558115843451923,94.37804520097929,9.172096647525478,0.34
2021-10-07 16:30:00,2021-10-07 13:00:00,1.15605,1.15723,1.15474,1.15562,13876,0,8,12600.0,-0.0003720254231437,0.0011848289122313,-0.313990838089101,0.0,0.8614890187723844,-0.9563988259254128,-0.3139324390441341,1.8178878446977973,-0.3139324390441341,94.328462244597,9.10602399660769,0.34
2021-10-07 22:00:00,2021-10-07 17:00:00,1.15561,1.15689,1.15493,1.15528,13122,0,11,18000.0,-0.0002942576506584,0.001176436860489,-0.2501261738230197,0.0,0.941521094758545,-0.5001830815905076,-0.2427359072424042,1.4417041763490526,-0.2427359072424042,94.2889642922293,9.086414112939352,0.34
2021-10-08 09:00:00,2021-10-07 22:30:00,1.15526,1.15598,1.15414,1.15471,13875,0,22,37800.0,-0.0004935086399238,0.0011743097533876,-0.4202542289205664,0.0,0.5307256675295507,-0.8255732606014689,-0.4054154404739692,1.3562989281310196,-0.4054154404739692,94.22260105937558,9.045448345683852,0.34
2021-10-08 14:30:00,2021-10-08 09:30:00,1.15471,1.15692,1.15432,1.15622,14384,0,11,18000.0,0.0013068333657011,0.0011172992252107,1.1696359723642344,0.0,1.712970363417906,-0.3022888876618922,1.1704005650503142,2.015259251079798,1.1704005650503142,94.40730074600924,9.26744160383069,0.34
2021-10-08 16:30:00,2021-10-08 15:00:00,1.15622,1.15861,1.15556,1.1564,16436,0,4,5400.0,0.0001556675981038,0.001116782074459,0.1393894132651237,0.0,1.850925714751644,-0.5111342977976293,0.1394002630357483,2.362060012549273,0.1394002630357483,94.42931202264435,9.24589317661352,0.34
2021-10-08 20:30:00,2021-10-08 17:00:00,1.15639,1.15795,1.15596,1.1568,13733,0,8,12600.0,0.0003458412623091,0.001115981983224,0.3098986072428015,0.0,1.2088240383450195,-0.3332014977490646,0.3177037536676167,1.5420255360940842,0.3177037536676167,94.47824876621104,9.28093122060936,0.34
2021-10-11 08:30:00,2021-10-08 21:00:00,1.1568,1.15794,1.15635,1.15734,13686,0,24,214200.0,0.0004666960597035,0.0011235821145963,0.4153644434534653,0.0,0.8770851419054337,-0.3462178191732695,0.415461383007855,1.2233029610787032,0.415461383007855,94.54383984271456,9.327824315491512,0.34
2021-10-11 12:30:00,2021-10-11 09:00:00,1.15734,1.15867,1.15522,1.15554,13041,0,8,12600.0,-0.001556501300028,0.0011358855654371,-1.370297631548002,0.0,1.011710126102835,-1.6126507273218402,-1.3692317496128226,2.624360853424675,-1.3692317496128226,94.32745324968754,9.085016269764296,0.34
2021-10-11 17:00:00,2021-10-11 13:00:00,1.15554,1.15837,1.1554,1.15773,13075,0,9,14400.0,0.0018934241608393,0.0011528006970291,1.6424557737680052,0.0,2.1244534602721594,-0.1050966376106545,1.644011688337691,2.2295500978828136,1.644011688337691,94.58681690974272,9.410321370602603,0.34
2021-10-12 03:30:00,2021-10-11 17:30:00,1.15773,1.15814,1.15473,1.15493,13756,0,21,36000.0,-0.0024214552663487,0.0012417530511731,-1.9500296488589757,0.0,0.2851946233625501,-2.086789927042865,-1.947670598573351,2.371984550405415,-1.947670598573351,94.27888360948472,9.035817067194301,0.34
2021-10-12 10:30:00,2021-10-12 04:00:00,1.15494,1.15702,1.15477,1.15561,13862,0,14,23400.0,0.0005886070092987,0.0012161949138112,0.4839742401603956,0.0,1.4808147417358997,-0.1210281279303485,0.4769932100783862,1.6018428696662483,0.4769932100783862,94.35530900388817,9.200834683041066,0.34
2021-10-12 15:30:00,2021-10-12 11:00:00,1.1556,1.15672,1.15332,1.15413,15271,0,10,16200.0,-0.0012815296981935,0.0012402256047235,-1.0333036935478697,0.0,0.7814654760123153,-1.5908404333108126,-1.0256734372662124,2.372305909323128,-1.0256734372662124,94.19213783533226,9.03982622204893,0.34
2021-10-12 18:00:00,2021-10-12 16:00:00,1.15415,1.155,1.15337,1.15423,13417,0,5,7200.0,8.66415984186957e-05,0.0012409045820707,0.06982132201826,0.0,0.5934966632318389,-0.5446204674362666,0.0558585094806983,1.1381171306681055,0.0558585094806983,94.2031634677528,9.114164181064695,0.34
2021-10-13 02:30:00,2021-10-12 18:30:00,1.15423,1.15437,1.15242,1.15304,13272,0,17,28800.0,-0.0010315221933429,0.0012513096261084,-0.8243540781756303,0.0,0.0969328299488643,-1.2532030157672631,-0.8239290545651934,1.3501358457161274,-0.8239290545651934,94.07298797425592,9.005654982029213,0.34
2021-10-13 10:00:00,2021-10-13 03:00:00,1.15304,1.15557,1.15297,1.15488,14114,0,15,25200.0,0.0015945096795764,0.0012521823140092,1.2733846036133845,0.0,1.7523004887508309,-0.0484826222184139,1.2744003554550798,1.800783110969245,1.2744003554550798,94.27407082636424,9.266222980014504,0.34
2021-10-13 14:00:00,2021-10-13 10:30:00,1.15488,1.15668,1.1547,1.15611,13225,0,8,12600.0,0.0010644789602242,0.0010803263584792,0.9853309158565182,0.0,1.4427154156137378,-0.1442715415612492,0.9858555340027596,1.586986957174987,0.9858555340027596,94.42966651227778,9.379880142811118,0.34
2021-10-13 16:30:00,2021-10-13 14:30:00,1.15611,1.15706,1.15363,1.15646,16348,0,5,7200.0,0.0003026935423986,0.0010773765889834,0.2809542600923438,0.0,0.7627055617368608,-1.991062940113085,0.2809967859031103,2.753768501849946,0.2809967859031103,94.47403259285628,9.366645028254027,0.34
2021-10-13 20:00:00,2021-10-13 17:00:00,1.15644,1.15894,1.1557,1.15881,14252,0,7,10800.0,0.0020300015177587,0.0011540090946333,1.7590862387472803,0.0,1.87330146248708,-0.5544972328961104,1.7758897864376193,2.4277986953831903,1.7758897864376193,94.75181361595654,9.613227930896073,0.34
2021-10-14 04:00:00,2021-10-13 20:30:00,1.15881,1.1601,1.1581,1.15966,13930,0,16,27000.0,0.000733242214118,0.0011611027927453,0.6315049956811359,0.0,0.9587531555155075,-0.527685845283715,0.631736575339682,1.4864390007992223,0.631736575339682,94.85153590354496,9.607002735161885,0.34
2021-10-14 10:30:00,2021-10-14 04:30:00,1.15966,1.16116,1.15876,1.16076,13857,0,13,21600.0,0.0009481042935324,0.0011690656412942,0.8109932069193442,0.0,1.1064242475265578,-0.6638545485158364,0.8113777815195193,1.770278796042394,0.8113777815195193,94.979601553644,9.664593584103514,0.34
2021-10-14 15:00:00,2021-10-14 11:00:00,1.16075,1.16245,1.1598,1.16002,13593,0,9,14400.0,-0.000637716651366,0.0011774270232875,-0.5416188339091393,0.0,1.2438735411592592,-0.6951058024125177,-0.5341339323800665,1.938979343571777,-0.5341339323800665,94.89407337969796,9.504550829255777,0.34
2021-10-14 18:00:00,2021-10-14 15:30:00,1.16001,1.16086,1.15852,1.15876,13416,0,6,9000.0,-0.0010867784990505,0.0012075339530791,-0.8999982951032647,0.0,0.6068171433117834,-1.0637147570994512,-0.8923781519290559,1.6705319004112344,-0.8923781519290559,94.75195274814764,9.358534162561696,0.34
2021-10-15 03:30:00,2021-10-14 18:30:00,1.15876,1.16021,1.15838,1.15937,13797,0,19,32400.0,0.0005262862859974,0.0012004237721665,0.4384170808677118,0.0,1.0424132425549155,-0.2731841601178829,0.4385324675575995,1.3155974026727988,0.4385324675575995,94.82118411531177,9.465227085426989,0.34
2021-10-15 10:00:00,2021-10-15 04:00:00,1.15937,1.16152,1.15935,1.16127,13150,0,13,21600.0,0.0016374796819372,0.0012185888892954,1.3437507073316044,0.0,1.5218056337905934,-0.0141563314772153,1.3448514903266586,1.5359619652678087,1.3448514903266586,95.03337862746942,9.660953341098562,0.34
2021-10-15 14:00:00,2021-10-15 10:30:00,1.16126,1.16186,1.15985,1.16036,13598,0,8,12600.0,-0.0007839320189722,0.0012390549643469,-0.6326854268208253,0.0,0.4169953493806105,-0.9799390710444812,-0.6254930240709158,1.3969344204250915,-0.6254930240709158,94.93346993550666,9.483052881598766,0.34
2021-10-15 17:00:00,2021-10-15 14:30:00,1.16036,1.16072,1.15887,1.15942,14837,0,6,9000.0,-0.0008104217222738,0.001257304835593,-0.6445705920566215,0.0,0.2467568204404769,-1.0212990623788731,-0.6443094755948408,1.26805588281935,-0.6443094755948408,94.83168443200042,9.38762618822416,0.34
2021-10-15 21:30:00,2021-10-15 17:30:00,1.15942,1.16101,1.15908,1.16055,13382,0,9,14400.0,0.0009741506048452,0.0012698731887652,0.7671243187616843,0.0,1.079930937180799,-0.2309286280763726,0.7674980874303328,1.3108595652571715,0.7674980874303328,94.95282265332062,9.538624635527412,0.34
2021-10-18 06:30:00,2021-10-15 22:00:00,1.16054,1.16058,1.15811,1.15816,14058,0,18,203400.0,-0.0020614918177849,0.0013097438923359,-1.5739655896453022,0.0,0.0263156132835533,-1.598673506974222,-1.5657789903697437,1.6249891202577753,-1.5657789903697437,94.70427442288955,9.255669344290496,0.34
2021-10-18 11:30:00,2021-10-18 07:00:00,1.15816,1.15962,1.15717,1.15806,14960,0,10,16200.0,-8.634758361652101e-05,0.0012411359684059,-0.0695714134587724,0.0,1.0156987842991918,-0.6887272578467366,-0.0695684098834978,1.7044260421459283,-0.0695684098834978,94.69328825405746,9.318084639912698,0.34
2021-10-18 15:30:00,2021-10-18 12:00:00,1.15807,1.16096,1.15767,1.16013,15717,0,8,12600.0,0.0017858765244985,0.0011605096369962,1.5388726362678018,0.0,2.150375385651576,-0.297629811162809,1.5327935274887636,2.448005196814385,1.5327935274887636,94.93629488210536,9.586338585259057,0.34
2021-10-18 18:30:00,2021-10-18 16:00:00,1.16013,1.16131,1.15925,1.16086,13288,0,6,9000.0,0.0006290419381998,0.001161212134881,0.5417114748497728,0.0,0.875918671828244,-0.6532274840753174,0.5418818901987716,1.5291461559035615,0.5418818901987716,95.021837685178,9.601535402078312,0.34
2021-10-19 04:30:00,2021-10-18 19:00:00,1.16088,1.16369,1.16074,1.16341,14433,0,20,34200.0,0.00219423821081,0.0011834981414113,1.8540275933119168,0.0,2.045273590417043,-0.1018997518355848,1.841474086745712,2.147173342252628,1.841474086745712,95.31461109809094,9.845677306041068,0.34
2021-10-19 10:00:00,2021-10-19 05:00:00,1.16341,1.16576,1.16304,1.1652,13513,0,11,18000.0,0.0015373981495994,0.0012074701116569,1.2732390928416193,0.0,1.672856469801437,-0.2633859122666125,1.2742183323168896,1.9362423820680492,1.2742183323168896,95.515670972286,9.928022959061295,0.34
2021-10-19 13:30:00,2021-10-19 10:30:00,1.1652,1.16692,1.16448,1.16593,13207,0,7,10800.0,0.0006263057177096,0.0011544948953552,0.5424932758294702,0.0,1.278603691437279,-0.5352294522296162,0.5426631946215772,1.813833143666895,0.5426631946215772,95.60133723120244,9.901398705959267,0.34
2021-10-19 17:00:00,2021-10-19 14:00:00,1.16594,1.16621,1.16415,1.16519,13313,0,7,10800.0,-0.0006348879721821,0.0011565572694916,-0.5489464196279944,0.0,0.2002259761058125,-1.3274240638126154,-0.556183266960627,1.5276500399184278,-0.556183266960627,95.51465194271992,9.737458645086903,0.34
2021-10-19 23:00:00,2021-10-19 17:30:00,1.16521,1.16527,1.16298,1.16334,13379,0,12,19800.0,-0.0015889856598381,0.0012314499648596,-1.2903371677137496,0.0,0.0418148243262947,-1.55411763746191,-1.303228691503987,1.5959324617882047,-1.303228691503987,95.31089207541116,9.523668774705513,0.34
2021-10-20 07:30:00,2021-10-19 23:30:00,1.16334,1.16514,1.16276,1.1651,13888,0,17,28800.0,0.0015117420549267,0.0012603218085713,1.1994889278638945,0.0,1.2276777721122176,-0.3955850599028375,1.2003960438430303,1.623262832015055,1.2003960438430303,95.50030590529634,9.765636162771315,0.34
2021-10-20 11:30:00,2021-10-20 08:00:00,1.1651,1.16521,1.1617,1.16262,13434,0,8,12600.0,-0.0021308412853494,0.0013145101200309,-1.6210155044673875,0.0,0.0718233320099638,-2.2199938984887373,-1.6192896671329529,2.291817230498701,-1.6192896671329529,95.24432792344768,9.453935147732096,0.34
2021-10-20 16:00:00,2021-10-20 12:00:00,1.1626,1.1643,1.16213,1.16398,14037,0,9,14400.0,0.0011690880726383,0.0013279854189685,0.8803470700351202,0.0,1.1010962819636836,-0.3044207367783531,0.8938310994764594,1.4055170187420365,0.8938310994764594,95.38334538854468,9.65965717933426,0.34
2021-10-20 19:30:00,2021-10-20 16:30:00,1.16397,1.16579,1.16362,1.16562,13367,0,7,10800.0,0.00140796726556,0.0013457391889139,1.046240814831478,0.0,1.1618998654248114,-0.2234422818125182,1.053370757116036,1.3853421472373295,1.053370757116036,95.54855948524528,9.793215393881908,0.34
2021-10-21 04:30:00,2021-10-20 20:00:00,1.16562,1.16632,1.16419,1.16613,14135,0,18,30600.0,0.0004374396981942,0.0013315388701255,0.3285219140113989,0.0,0.4510110688773294,-0.921351183563816,0.3285937787533827,1.3723622524411454,0.3285937787533827,95.60043707451568,9.779307671800112,0.34
2021-10-21 10:00:00,2021-10-21 05:00:00,1.16612,1.16675,1.16362,1.16424,15368,0,11,18000.0,-0.0016220603718679,0.0013650484203161,-1.1882804651663756,0.0,0.3957758121603856,-1.5705389371447216,-1.1810452807328162,1.9663147493051072,-1.1810452807328162,95.41279319664702,9.549432406309933,0.34
2021-10-21 15:00:00,2021-10-21 10:30:00,1.16423,1.16458,1.1631,1.16375,15308,0,10,16200.0,-0.0004209640137938,0.0013708635949494,-0.3070794317864878,0.0,0.2192981737309951,-0.7080198180455458,-0.3007517811166145,0.927317991776541,-0.3007517811166145,95.36430163503066,9.543982130482064,0.34
2021-10-21 17:30:00,2021-10-21 15:30:00,1.16376,1.16518,1.16356,1.16455,14153,0,5,7200.0,0.0006871966941394,0.0013339721630075,0.5151507004390155,0.0,0.9146988890837136,-0.1288308294483982,0.5088817763212733,1.0435297185321115,0.5088817763212733,95.44565017012047,9.64892967629352,0.34
2021-10-21 23:30:00,2021-10-21 18:00:00,1.16455,1.16466,1.16192,1.1624,13736,0,12,19800.0,-0.0018479130293433,0.0013927232023407,-1.3268343819055386,0.0,0.0678218660172572,-1.6215591602299289,-1.3256091994276131,1.6893810262471862,-1.3256091994276131,95.23612695063764,9.418350244733972,0.34
2021-10-22 09:00:00,2021-10-22 00:00:00,1.16197,1.16356,1.16194,1.16323,14123,0,19,32400.0,0.0007137851121973,0.0013826499007959,0.5162442869930277,0.0,0.9896690346476384,-0.0186730006537133,0.784266027456653,1.0083420353013517,0.784266027456653,95.31764817628982,9.564376668404705,0.34
2021-10-22 13:00:00,2021-10-22 09:30:00,1.16322,1.16466,1.1631,1.16424,13613,0,8,12600.0,0.0008678952368003,0.0013795739626856,0.6291038105059736,0.0,0.8973371380918913,-0.0747780948409217,0.6356138061483884,0.972115232932813,0.6356138061483884,95.41699128765602,9.655197083052528,0.34
2021-10-22 16:30:00,2021-10-22 13:30:00,1.16424,1.16471,1.16246,1.16446,13610,0,7,10800.0,0.0001889466231413,0.0012769122473353,0.1479715019850838,0.0,0.3161508029315854,-1.1973370834430286,0.1479854822233779,1.513487886374614,0.1479854822233779,95.44035778004604,9.645271650372749,0.34
2021-10-22 18:30:00,2021-10-22 17:00:00,1.16446,1.16554,1.16254,1.1632,13132,0,4,5400.0,-0.0010826324489571,0.0013105859980035,-0.8260674618883187,0.0,0.7076746795682654,-1.2580883192326011,-0.8256204594963581,1.9657629988008665,-0.8256204594963581,95.30991172250847,9.496467643654483,0.34
2021-10-25 02:30:00,2021-10-22 19:00:00,1.16319,1.16447,1.16219,1.16389,13314,0,16,199800.0,0.0005930153283464,0.0012618807746175,0.4699456083925054,0.0,0.872049196073511,-0.681288434432265,0.4769019041027368,1.553337630505776,0.4769019041027368,95.3841218260414,9.606708598975786,0.34
2021-10-25 09:00:00,2021-10-25 03:00:00,1.1639,1.1665,1.16389,1.1653,13567,0,13,21600.0,0.0012107214716162,0.0012797930638148,0.9460290931779868,0.0,1.7454922613982078,-0.0067134317745029,0.9398804484451774,1.7522056931727108,0.9398804484451774,95.53351127813144,9.74016927669794,0.34
2021-10-25 12:30:00,2021-10-25 09:30:00,1.1653,1.16642,1.16227,1.16269,13849,0,7,10800.0,-0.0022422786124934,0.0012986258664658,-1.7266548206033665,0.0,0.7401099232254894,-2.00226166729757,-1.7247204460879564,2.7423715905230592,-1.7247204460879564,95.26085156876452,9.412616399988636,0.34
2021-10-25 16:00:00,2021-10-25 13:00:00,1.16269,1.16274,1.15907,1.16112,13433,0,7,10800.0,-0.0013512294368973,0.0012754431466413,-1.0594195754280238,0.0,0.0337166923007508,-2.4410885225800194,-1.058704138246091,2.4748052148807704,-1.058704138246091,95.09355638614493,9.318991141086201,0.34
2021-10-25 20:30:00,2021-10-25 16:30:00,1.16112,1.16151,1.16037,1.16112,13184,0,9,14400.0,0.0,0.0012623451189809,0.0,0.0,0.2660782626429044,-0.511688966620842,0.0,0.7777672292637464,0.0,95.09355638614493,9.395553829395794,0.34
2021-10-26 08:30:00,2021-10-25 21:00:00,1.16112,1.16168,1.15968,1.16027,13708,0,24,41400.0,-0.000732319892812,0.0012642710718283,-0.5792427819715588,0.0,0.3814790745986314,-0.9809461918247714,-0.5790307382299575,1.362425266423403,-0.5790307382299575,95.00208693509968,9.332300294785128,0.34
2021-10-26 12:30:00,2021-10-26 09:00:00,1.16027,1.16178,1.15941,1.1616,13908,0,8,12600.0,0.0011456284335167,0.0012553058115691,0.9126289569907654,0.0,1.0367363943739236,-0.5904591385174555,0.9131519235213656,1.627195532891379,0.9131519235213656,95.14620210114424,9.523516487100437,0.34
2021-10-26 16:30:00,2021-10-26 13:00:00,1.1616,1.16257,1.16018,1.16114,14734,0,8,12600.0,-0.0003960839405303,0.0011996495866042,-0.3301663627055691,0.0,0.6960825108793415,-1.0190073870603182,-0.3301009845406036,1.7150898979396596,-0.3301009845406036,95.09406483350752,9.44327258708664,0.34
2021-10-26 21:00:00,2021-10-26 17:00:00,1.16111,1.16124,1.1585,1.15981,13092,0,9,14400.0,-0.0011460825485945,0.0011333190991168,-1.0112620086325652,0.0,0.0987910904490757,-1.9834211236320016,-0.9879109044910948,2.082212214081077,-0.9879109044910948,94.93437431396802,9.298545334095365,0.34
2021-10-27 08:30:00,2021-10-26 21:30:00,1.15981,1.1605,1.15849,1.1596,13700,0,23,39600.0,-0.0001810805339063,0.0010918835067431,-0.1658423566140728,0.0,0.5448612669300549,-1.0423432932573666,-0.1658273421091624,1.5872045601874216,-0.1658273421091624,94.9081857971808,9.333286215390416,0.34
2021-10-27 12:00:00,2021-10-27 09:00:00,1.1596,1.16133,1.15885,1.15892,13923,0,7,10800.0,-0.0005865811116554,0.0010275884432984,-0.5708327253784307,0.0,1.4518397576357172,-0.629410299553077,-0.5706653382614466,2.081250057188794,-0.5706653382614466,94.81804439593397,9.274803677927864,0.34
2021-10-27 16:00:00,2021-10-27 12:30:00,1.15892,1.16257,1.15848,1.1621,14811,0,8,12600.0,0.0027401762929829,0.0012235053164576,2.2396112678254374,0.0,2.574148195338931,-0.3103082756024854,2.242682537308865,2.8844564709414167,2.242682537308865,95.171706141231,9.675880455641348,0.34
2021-10-27 18:00:00,2021-10-27 16:30:00,1.16207,1.1624,1.15881,1.1593,13685,0,4,5400.0,-0.0024123385524722,0.0012840279364249,-1.8787274669340543,0.0,0.2211603036617508,-2.184795727083166,-1.8564061852822584,2.405956030744917,-1.8564061852822584,94.87503231910894,9.280553257531096,0.34
2021-10-28 00:00:00,2021-10-27 18:30:00,1.15929,1.16161,1.1591,1.16027,13196,0,12,19800.0,0.000836361960659,0.0013039152934851,0.6414235378922551,0.0,1.534781360143299,-0.1256933010461551,0.64831281592256,1.660474661189454,0.64831281592256,94.9763208646456,9.457328771561293,0.34
2021-10-28 09:00:00,2021-10-28 00:30:00,1.16023,1.16097,1.15893,1.16027,13888,0,18,30600.0,0.0,0.0012896766820791,0.0,0.0,0.4945460998821067,-0.8687972024956891,0.0267322216151286,1.363343302377796,0.0267322216151286,94.9763208646456,9.444904015849062,0.34
2021-10-28 12:00:00,2021-10-28 09:30:00,1.16027,1.16142,1.15831,1.15876,13266,0,6,9000.0,-0.0013022688049754,0.0012580100151672,-1.0351815878049826,0.0,0.7878702077180113,-1.342804875762604,-1.0345078379599173,2.1306750834806154,-1.0345078379599173,94.81285315384152,9.282404136709474,0.34
2021-10-28 15:00:00,2021-10-28 12:30:00,1.15876,1.16179,1.15824,1.15877,13097,0,6,9000.0,8.629877499102074e-06,0.0012421067716296,0.0069477742946203,0.0,2.1051846949609008,-0.361285822237583,0.0069478042738441,2.466470517198484,0.0069478042738441,94.81395029155388,9.341438566714373,0.34
2021-10-28 16:30:00,2021-10-28 15:30:00,1.15877,1.16599,1.15862,1.16573,17056,0,3,3600.0,0.0059884024945982,0.0018507118320175,3.2357292966944047,0.0,3.366674682207882,-0.0699447648658587,3.2454370897737337,3.436619447073741,3.2454370897737337,95.32491113856231,9.872891304364899,0.34
2021-10-28 18:30:00,2021-10-28 17:00:00,1.16574,1.1692,1.16574,1.16841,13778,0,4,5400.0,0.0022963499855932,0.0019170081175956,1.1978822439591217,0.0,1.548283366923336,0.0,1.194773580833875,1.548283366923336,1.194773580833875,95.51407125359884,9.900815120775633,0.34
2021-10-29 01:00:00,2021-10-28 19:00:00,1.16841,1.16891,1.16714,1.16812,13532,0,13,21600.0,-0.0002482313528942,0.0018973060695799,-0.1308335839294725,0.0,0.2255471496108177,-0.572889760011487,-0.1308173467742442,0.7984369096223046,-0.1308173467742442,95.49341104604376,9.7675312486124,0.34
2021-10-29 07:30:00,2021-10-29 01:30:00,1.16814,1.16901,1.16642,1.16645,13763,0,13,21600.0,-0.0014306705601879,0.0019295510452074,-0.7414525589988152,0.0,0.3859829180074063,-0.7630926654857517,-0.7497829096924065,1.149075583493158,-0.7497829096924065,95.37632670652572,9.61160699188666,0.34
2021-10-29 11:00:00,2021-10-29 08:00:00,1.16645,1.16758,1.16582,1.1663,13061,0,7,10800.0,-0.0001286035796433,0.0019124996608695,-0.0672437136981918,0.0,0.5065367379433146,-0.2824054379683366,-0.0672393899924137,0.7889421759116512,-0.0672393899924137,95.36570810967883,9.616131528856684,0.34
2021-10-29 14:30:00,2021-10-29 11:30:00,1.1663,1.16632,1.16449,1.16471,14105,0,7,10800.0,-0.0013642157233078,0.0018668133142738,-0.7307724413989026,0.0,0.009185839023426,-0.831318431623884,-0.7302742023657892,0.84050427064731,-0.7302742023657892,95.25031029008711,9.500526833201988,0.34
2021-10-29 17:00:00,2021-10-29 15:00:00,1.1647,1.16482,1.15945,1.15957,17038,0,5,7200.0,-0.0044228822508524,0.0021027845151462,-2.103345454084629,0.0,0.0489973283737741,-2.1436331163544304,-2.0946357879806565,2.1926304447282043,-2.0946357879806565,94.91816656722736,9.203581703192498,0.34
2021-10-29 19:00:00,2021-10-29 17:30:00,1.15957,1.15992,1.15386,1.15404,15602,0,4,5400.0,-0.0047804172104533,0.0023517468096493,-2.032709129587889,0.0,0.1283454597173612,-2.093864499959983,-2.0278582635339,2.222209959677344,-2.0278582635339,94.5971771755508,9.00431822435381,0.34
2021-11-01 05:00:00,2021-10-29 19:30:00,1.15404,1.15637,1.15353,1.15533,13160,0,20,207000.0,0.0011171879206639,0.0023703822866237,0.4713112846684229,0.0,0.8517588718539935,-0.1864364912641871,0.4715746543741158,1.0381953631181806,0.4715746543741158,94.6716029359087,9.228580333372648,0.34
2021-11-01 11:00:00,2021-11-01 05:30:00,1.15533,1.15752,1.1546,1.1573,13532,0,12,19800.0,0.0017036884209774,0.0023904212160997,0.7127147339150695,0.0,0.792982548057426,-0.2643275160191152,0.7133222007640236,1.0573100640765412,0.7133222007640236,94.7841492247743,9.373972378086307,0.34
2021-11-01 16:00:00,2021-11-01 11:30:00,1.1573,1.15804,1.15619,1.15697,14728,0,10,16200.0,-0.0002851871235738,0.0023900354585538,-0.11932338599963,0.0,0.2675355028002162,-0.4013032542003243,-0.1193063728703515,0.6688387570005406,-0.1193063728703515,94.76530661688352,9.342844956763656,0.34
2021-11-01 23:00:00,2021-11-01 16:30:00,1.15697,1.1609,1.15687,1.16039,13095,0,14,23400.0,0.0029516367616297,0.0024769088503161,1.1916614377041308,0.0,1.3713882606654555,-0.034895375589448,1.193421845159247,1.4062836362549036,1.193421845159247,94.95348439126614,9.543769591845788,0.34
2021-11-02 08:00:00,2021-11-01 23:30:00,1.16036,1.16084,1.15951,1.16017,13666,0,18,30600.0,-0.0001896094051946,0.0024769469316205,-0.0765496437465563,0.0,0.167005889169371,-0.2957395954040784,-0.0661064977962512,0.4627454845734495,-0.0661064977962512,94.94139627535148,9.477347993082446,0.34
2021-11-02 12:00:00,2021-11-02 08:30:00,1.1602,1.16132,1.1586,1.1592,13043,0,8,12600.0,-0.0008364340804207,0.0024808186006757,-0.3371605163686204,0.0,0.3891259124398691,-0.5558941606285056,-0.3474338503928449,0.9450200730683748,-0.3474338503928449,94.88815454613837,9.415192039999965,0.34
2021-11-02 15:30:00,2021-11-02 12:30:00,1.15921,1.16077,1.1589,1.15913,13985,0,7,10800.0,-6.038829676647553e-05,0.0023963276162897,-0.0252003508852328,0.0,0.5615860181993482,-0.1115972215652663,-0.0287992829846106,0.6731832397646145,-0.0287992829846106,94.88417510550768,9.425887498058714,0.34
2021-11-02 19:00:00,2021-11-02 16:00:00,1.15913,1.15996,1.15753,1.1582,13720,0,7,10800.0,-0.0008026479180168,0.0023419803157196,-0.3427218890907664,0.0,0.3057473529066594,-0.5893924875310071,-0.342584383377424,0.8951398404376666,-0.342584383377424,94.83005516818254,9.378028998132166,0.34
2021-11-03 08:00:00,2021-11-02 19:30:00,1.1582,1.15874,1.15747,1.15838,13144,0,26,45000.0,0.0001554014973472,0.0023333890376877,0.0665990517814718,0.0,0.1998126805370082,-0.2701171422074066,0.0666042268456967,0.4699298227444148,0.0666042268456967,94.84057196510464,9.41073376426364,0.34
2021-11-03 13:00:00,2021-11-03 08:30:00,1.15839,1.15979,1.15785,1.1589,13602,0,10,16200.0,0.0004488020513088,0.0023363703531442,0.192093710958471,0.0,0.5172869820988913,-0.1995249788095571,0.1884402577645908,0.7168119609084485,0.1884402577645908,94.8709058886985,9.446617949586809,0.34
2021-11-03 16:00:00,2021-11-03 13:30:00,1.1589,1.15927,1.15621,1.15699,13111,0,6,9000.0,-0.001649474226371,0.0023473581441241,-0.7026938903634898,0.0,0.1360117425779529,-0.9888421284722234,-0.7021146711457127,1.1248538710501763,-0.7021146711457127,94.75994201240186,9.330193077120555,0.34
2021-11-03 20:00:00,2021-11-03 16:30:00,1.15697,1.16092,1.1569,1.15823,17187,0,8,12600.0,0.0010711726043883,0.0023613670020107,0.4536239404871193,0.0,1.4458109434413309,-0.025621966086308,0.4611953895534633,1.471432909527639,0.4611953895534633,94.83157472688494,9.440176565073202,0.34
2021-11-03 21:30:00,2021-11-03 20:30:00,1.15823,1.16161,1.15717,1.1607,14959,0,3,3600.0,0.0021302936562143,0.0019694793663314,1.0816531986229816,0.0,1.4817347133107008,-0.4646860343519117,1.0828061366501351,1.9464207476626127,1.0828061366501351,95.0023808679,9.600649906805913,0.34
2021-11-04 08:00:00,2021-11-03 22:00:00,1.16071,1.16162,1.1581,1.15836,13673,0,21,36000.0,-0.0020180597260529,0.0019153275969829,-1.0536368448049522,0.0,0.4093309656348445,-1.1740151871502456,-1.0570634826831045,1.5833461527850905,-1.0570634826831045,94.83599884848608,9.376827233380382,0.34
2021-11-04 12:00:00,2021-11-04 08:30:00,1.15836,1.15862,1.15444,1.15452,13106,0,8,12600.0,-0.0033205384873506,0.0020201545625378,-1.6437051644103948,0.0,0.1111079659455385,-1.6751662557948062,-1.6409791893499812,1.786274221740345,-1.6409791893499812,94.57643789451588,9.15661913760782,0.34
2021-11-04 15:00:00,2021-11-04 12:30:00,1.15451,1.15731,1.15427,1.15628,13819,0,6,9000.0,0.001523282274817,0.0020626516092493,0.7385068171407728,0.0,1.1758026980196188,-0.1007830884016842,0.7432752769623865,1.276585786421303,0.7432752769623865,94.6930570657158,9.371715038593777,0.34
2021-11-04 17:30:00,2021-11-04 15:30:00,1.15628,1.1567,1.15284,1.15453,14200,0,5,7200.0,-0.0015146207040411,0.0020749616633244,-0.7299511749120451,0.0,0.1750556770366203,-1.4337893547757845,-0.7293986543190661,1.6088450318124048,-0.7293986543190661,94.5777889340495,9.251375469771531,0.34
2021-11-04 23:30:00,2021-11-04 18:00:00,1.15453,1.15575,1.15403,1.15539,13363,0,12,19800.0,0.0007446145665092,0.0020826836040734,0.3575264937280393,0.0,0.5073776238583079,-0.2079416491222346,0.357659636490225,0.7153192729805424,0.357659636490225,94.6342466977598,9.353873516584542,0.34
2021-11-05 08:30:00,2021-11-05 00:00:00,1.15537,1.15577,1.15409,1.15543,13233,0,18,30600.0,3.461974537521912e-05,0.0018558716353699,0.0186541702106023,0.0,0.1865481603372431,-0.5969541130792195,0.0279822240505657,0.7835022734164627,0.0279822240505657,94.63719241717482,9.357069242769725,0.34
2021-11-05 12:30:00,2021-11-05 09:00:00,1.15544,1.1563,1.15313,1.15366,14133,0,8,12600.0,-0.0015330717699791,0.0015487356393821,-0.9898860276701114,0.0,0.4805889273959861,-1.290884211959214,-0.99470731484308,1.7714731393552,-0.99470731484308,94.48087742393454,9.206194994297107,0.34
2021-11-05 15:00:00,2021-11-05 13:00:00,1.15367,1.15405,1.15134,1.15305,14725,0,5,7200.0,-0.0005288918106041,0.0015289313019238,-0.3459225472973578,0.0,0.2154338908609619,-1.3209499097525448,-0.351497400878405,1.5363838006135069,-0.351497400878405,94.42625206391232,9.210506776790723,0.34
2021-11-05 17:30:00,2021-11-05 15:30:00,1.15306,1.15563,1.15171,1.15523,14476,0,5,7200.0,0.0018888528671945,0.0015409337877254,1.22578457441879,0.0,1.4464293937862711,-0.759797541483051,1.22130419630983,2.2062269352693225,1.22130419630983,94.61981829488064,9.445404025051843,0.34
2021-11-08 01:00:00,2021-11-05 18:00:00,1.15522,1.1573,1.15482,1.15647,14324,0,13,198000.0,0.0010728036673679,0.0015616378860169,0.6869733867075843,0.0,1.1529707752710492,-0.2217251490905532,0.6928910909081635,1.3746959243616024,0.6928910909081635,94.72829971324371,9.50857922449201,0.34
2021-11-08 09:30:00,2021-11-08 01:30:00,1.15647,1.15692,1.15511,1.15595,13359,0,17,28800.0,-0.0004497452960665,0.0013973689391131,-0.3218515049805247,0.0,0.2784627175059803,-0.8415762129072804,-0.3217791402292946,1.1200389304132603,-0.3217791402292946,94.6774754623511,9.413207200040475,0.34
2021-11-08 13:30:00,2021-11-08 10:00:00,1.15595,1.1576,1.15503,1.15716,13454,0,8,12600.0,0.0010462106085467,0.0014245252246533,0.7344275765993341,0.0,1.0020162185100363,-0.5586999521389727,0.7348118935740178,1.5607161706490091,0.7348118935740178,94.79345047206186,9.533053649507423,0.34
2021-11-08 17:00:00,2021-11-08 14:00:00,1.15711,1.15947,1.15642,1.15927,13525,0,7,10800.0,0.0018217693464196,0.0014781325804606,1.2324803407363076,0.0,1.379824863715478,-0.4034233711711112,1.262890553231124,1.7832482348865892,1.262890553231124,94.98807404563064,9.687972998629874,0.34
2021-11-09 02:00:00,2021-11-08 17:30:00,1.15926,1.1595,1.15822,1.15851,13546,0,18,30600.0,-0.0006557999700041,0.0014854547249344,-0.4414809546168177,0.0,0.1393705363292734,-0.6039389907600989,-0.4355329260289634,0.7433095270893724,-0.4355329260289634,94.918358855692,9.539327721850285,0.34
2021-11-09 08:30:00,2021-11-09 02:30:00,1.15851,1.16066,1.15771,1.15972,13624,0,13,21600.0,0.0010438999666822,0.0014920619936349,0.6996357866733991,0.0,1.2438035872927624,-0.4628106371321189,0.7000010886624969,1.7066142244248812,0.7000010886624969,95.0288398203763,9.64517469749866,0.34
2021-11-09 12:30:00,2021-11-09 09:00:00,1.15973,1.16031,1.15804,1.15907,13150,0,8,12600.0,-0.0005606372435842,0.0014983705141953,-0.3741646263543375,0.0,0.3337735237492605,-0.9725469916141652,-0.3798112511628679,1.3063205153634256,-0.3798112511628679,94.96975469400374,9.540477316858812,0.34
2021-11-09 16:00:00,2021-11-09 13:00:00,1.15905,1.15999,1.15697,1.15938,13900,0,7,10800.0,0.0002674200451574,0.0014962482196312,0.1787270598880388,0.0,0.5420283916558375,-1.199381973025394,0.1902865630281744,1.7414103646812316,0.1902865630281744,94.99797786149708,9.570359467244188,0.34
2021-11-09 18:30:00,2021-11-09 16:30:00,1.15938,1.16086,1.15714,1.15874,14687,0,5,7200.0,-0.0005521716013504,0.0014512227375796,-0.380487148562266,0.0,0.8796336543385911,-1.3313374227828108,-0.3803821207952019,2.210971077121402,-0.3803821207952019,94.93789433228967,9.496031941252753,0.34
2021-11-10 03:00:00,2021-11-09 19:00:00,1.15874,1.15986,1.15863,1.1592,13633,0,17,28800.0,0.0003969041528588,0.0014346134749327,0.2766627804590362,0.0,0.6737474240655408,-0.0661716220063225,0.2767176920269376,0.7399190460718633,0.2767176920269376,94.9815827362558,9.55278622036046,0.34
2021-11-10 09:30:00,2021-11-10 03:30:00,1.1592,1.15937,1.1558,1.15684,13174,0,13,21600.0,-0.0020379620531712,0.0014179221285466,-1.4372877128732957,0.0,0.1034280099672935,-2.0685601993458715,-1.435824138369408,2.1719882093131653,-1.435824138369408,94.75461759800558,9.312561864690792,0.34
2021-11-10 13:00:00,2021-11-10 10:00:00,1.15684,1.15822,1.15527,1.15564,13149,0,7,10800.0,-0.0010378469069679,0.001366566985043,-0.7594555688284119,0.0,0.8729208466983986,-0.993105600954066,-0.7590616058247861,1.8660264476524648,-0.7590616058247861,94.63469036518352,9.264738173328993,0.34
2021-11-10 16:00:00,2021-11-10 13:30:00,1.15564,1.1569,1.15328,1.15637,16064,0,6,9000.0,0.0006314851789211,0.0011471603142032,0.5504768349310734,0.0,0.9504381608701048,-1.780185761629603,0.5506506805040139,2.730623922499708,0.5506506805040139,94.72161732477876,9.414638611761703,0.34
2021-11-10 18:00:00,2021-11-10 16:30:00,1.15637,1.15743,1.15113,1.15249,15697,0,4,5400.0,-0.0033609691816822,0.0013291966932676,-2.528571729605877,0.0,0.6896357979131916,-3.4091430010045807,-2.5243272602858013,4.098778798917772,-2.5243272602858013,94.32232522268576,9.010911466402675,0.34
2021-11-10 20:30:00,2021-11-10 18:30:00,1.15251,1.15269,1.14816,1.14985,14815,0,5,7200.0,-0.0022933199762411,0.0013812232860963,-1.660354266631752,0.0,0.1130743008788783,-2.732628937905088,-1.670986890764934,2.8457032387839662,-1.670986890764934,94.06013517382138,8.889656808126603,0.34
2021-11-11 03:00:00,2021-11-10 21:00:00,1.14984,1.14987,1.14725,1.14785,14335,0,13,21600.0,-0.0017408717457507,0.0014031077411533,-1.2407256368777937,0.0,0.018594856083479,-1.605355908541641,-1.233458786871785,1.62395076462512,-1.233458786871785,93.86420956812508,8.832578221958883,0.34
2021-11-11 10:00:00,2021-11-11 03:30:00,1.14787,1.14851,1.14539,1.14628,13394,0,14,23400.0,-0.0013687107924129,0.0014190510825326,-0.9645253854922592,0.0,0.3929065230688763,-1.522512776891981,-0.9761271432492672,1.9154192999608568,-0.9761271432492672,93.71189932745206,8.805231863696704,0.34
2021-11-11 14:00:00,2021-11-11 10:30:00,1.14627,1.14764,1.14541,1.14685,13877,0,8,12600.0,0.0004971371110572,0.0014061015705373,0.3535570413076427,0.0,0.8499961283788334,-0.5335742119749114,0.3598523755180372,1.3835703403537447,0.3598523755180372,93.76773026654726,8.971094171934439,0.34
2021-11-11 18:00:00,2021-11-11 14:30:00,1.14684,1.14772,1.14558,1.14626,13064,0,8,12600.0,-0.0005145850072775,0.0014059804991743,-0.3659972578423027,0.0,0.5457585434477535,-0.781427005391133,-0.3597044945451291,1.3271855488388866,-0.3597044945451291,93.70993486658568,8.949465438104667,0.34
2021-11-12 03:30:00,2021-11-11 18:30:00,1.14626,1.1469,1.14361,1.14385,13895,0,19,32400.0,-0.0021047031711547,0.0013623659580632,-1.5448882575918224,0.0,0.4098293462490505,-1.6969496368125705,-1.5432636319691586,2.106778983061621,-1.5432636319691586,93.46597829906968,8.75637238565146,0.34
2021-11-12 10:30:00,2021-11-12 04:00:00,1.14385,1.1456,1.14362,1.14543,13850,0,14,23400.0,0.0013803468783826,0.0013825787891891,0.9983856899700706,0.0,1.1065704849497884,-0.1454349780219489,0.9990750664118018,1.2520054629717374,0.9990750664118018,93.6236354919348,9.028286757502542,0.34
2021-11-12 15:00:00,2021-11-12 11:00:00,1.14543,1.14555,1.14372,1.1451,13866,0,9,14400.0,-0.0002881429208813,0.0013832345620609,-0.2083109609783338,0.0,0.075738528071467,-1.0792740250172488,-0.208280952196289,1.1550125530887156,-0.208280952196289,93.59074066813992,8.993047150717814,0.34
2021-11-12 18:00:00,2021-11-12 15:30:00,1.14511,1.14623,1.14328,1.14496,15188,0,6,9000.0,-0.0001222675389941,0.0013397487202068,-0.0912615456540844,0.0,0.7300413584027113,-1.1928354338187044,-0.0977733962147095,1.922876792221416,-0.0977733962147095,93.57632936472392,9.00669834672864,0.34
2021-11-15 03:30:00,2021-11-12 18:30:00,1.14496,1.14601,1.14409,1.14599,14082,0,19,205200.0,0.000899190352823,0.0012685031450342,0.7088593799259508,0.0,0.7229486252337143,-0.599014575193601,0.7091781752293252,1.3219632004273152,0.7091781752293252,93.6882668464987,9.143871563155045,0.34
2021-11-15 10:30:00,2021-11-15 04:00:00,1.146,1.14641,1.14369,1.14489,14200,0,14,23400.0,-0.0009603297287838,0.001271334977542,-0.7553711222831894,0.0,0.2814098167881461,-1.5855040897086112,-0.7618656015483175,1.8669139064967573,-0.7618656015483175,93.56898459725684,9.00520009553108,0.34
2021-11-15 15:00:00,2021-11-15 11:00:00,1.14489,1.14566,1.14404,1.14465,14865,0,9,14400.0,-0.0002096491005871,0.0012161793555332,-0.1723833739104977,0.0,0.5530053540662769,-0.6104604557875106,-0.1723653051635418,1.1634658098537876,-0.1723653051635418,93.54176317461388,9.021600896335514,0.34
2021-11-15 18:00:00,2021-11-15 15:30:00,1.14465,1.14468,1.14152,1.14212,14837,0,6,9000.0,-0.0022127288990807,0.0012646458509126,-1.7496826463187465,0.0,0.0207242879838777,-2.162234046319654,-1.7477482866417915,2.182958334303532,-1.7477482866417915,93.26546709265416,8.77454268212027,0.34
2021-11-15 22:30:00,2021-11-15 18:30:00,1.14212,1.14241,1.13562,1.13601,14133,0,9,14400.0,-0.0053640614454175,0.0016092993602471,-3.333165710445336,0.0,0.1577790811682105,-3.536427681357618,-3.324242020476219,3.6942067625258286,-3.324242020476219,92.7391198557674,8.35996715699666,0.34
2021-11-16 06:30:00,2021-11-15 23:00:00,1.136,1.13855,1.13593,1.13839,13245,0,16,27000.0,0.0020928604191988,0.001751969602075,1.1945757601730285,0.0,1.281254142309522,-0.035171682337918,1.2008617255371858,1.3164258246474403,1.2008617255371858,92.92775783696604,8.7725538978043,0.34
2021-11-16 11:00:00,2021-11-16 07:00:00,1.13839,1.13846,1.1358,1.13618,13237,0,9,14400.0,-0.0019432250451171,0.0017398886725108,-1.116867461590495,0.0,0.0353415430416194,-1.3076370925396967,-1.1157830017423498,1.3429786355813162,-1.1157830017423498,92.75139093731428,8.620105065190245,0.34
2021-11-16 15:00:00,2021-11-16 11:30:00,1.13617,1.13723,1.13514,1.13692,14074,0,8,12600.0,0.0006510932437128,0.00175948442832,0.370047744232939,0.0,0.5302456567350071,-0.5152387041858056,0.375173813727592,1.0454843609208129,0.375173813727592,92.80982595813632,8.771816827705663,0.34
2021-11-16 17:00:00,2021-11-16 15:30:00,1.13692,1.13749,1.13296,1.1347,15745,0,4,5400.0,-0.0019545528801041,0.0017759919827843,-1.1005414996524063,0.0,0.2822954955195855,-1.9612108109775304,-1.0994666667600856,2.243506306497116,-1.0994666667600856,92.63603712561414,8.625642540649665,0.34
2021-11-16 20:30:00,2021-11-16 17:30:00,1.13469,1.13556,1.13194,1.1327,13661,0,7,10800.0,-0.0017641355902758,0.0017467958740297,-1.0099265841555438,0.0,0.4389346518514963,-1.387437117921529,-1.0039999507868087,1.8263717697730253,-1.0039999507868087,92.47655748577417,8.552697057190045,0.34
2021-11-17 03:30:00,2021-11-16 21:00:00,1.1327,1.1331,1.13088,1.1323,13452,0,14,23400.0,-0.000353200886674,0.0016634061093421,-0.2123359320915842,0.0,0.2122984378863008,-0.9659578923828572,-0.2122984378863008,1.1782563302691578,-0.2122984378863008,92.4430270702902,8.616207141023537,0.34
2021-11-17 08:00:00,2021-11-17 04:00:00,1.13231,1.1324,1.12632,1.13012,13638,0,9,14400.0,-0.0019271405615991,0.0016490269526513,-1.168653161490561,0.0,0.0482002635151656,-3.207995316170803,-1.1728730788670874,3.2561955796859685,-1.1728730788670874,92.25848258139727,8.49179108691591,0.34
2021-11-17 11:00:00,2021-11-17 08:30:00,1.13012,1.13211,1.12976,1.13111,13293,0,6,9000.0,0.0008756296911459,0.0016794242921476,0.5213868200192643,0.0,1.0484991550769642,-0.1896782391093623,0.5216151575508926,1.2381773941863266,0.5216151575508926,92.34081587530052,8.675244403944433,0.34
2021-11-17 15:30:00,2021-11-17 11:30:00,1.13111,1.13324,1.12978,1.12988,15546,0,9,14400.0,-0.0010880190724754,0.0016750129477444,-0.6495586042725943,0.0,1.1242336831377084,-0.7019862904099702,-0.6492053663190029,1.8262199735476785,-0.6492053663190029,92.2382427042507,8.594872500429062,0.34
2021-11-17 18:30:00,2021-11-17 16:00:00,1.1299,1.13223,1.12933,1.13206,14959,0,6,9000.0,0.001927549514994,0.0017582136643136,1.0963113039770875,0.0,1.1728548320585863,-0.2869215683576391,1.0872817327238442,1.4597764004162257,1.0872817327238442,92.41136353763974,8.829363592383231,0.34
2021-11-17 23:30:00,2021-11-17 19:00:00,1.13206,1.13262,1.13111,1.13187,13149,0,10,16200.0,-0.0001678497130619,0.0017613155957096,-0.0952979201858144,0.0,0.2808545092136711,-0.4764496138447141,-0.0952899227690096,0.7573041230583852,-0.0952899227690096,92.39631484179672,8.790236231042229,0.34
2021-11-18 06:30:00,2021-11-18 00:00:00,1.13177,1.1338,1.13151,1.1325,13906,0,14,23400.0,0.0005564461781915,0.001744617444903,0.3189502545771295,0.0,1.0281054214157577,-0.1316785268808005,0.3697127870116427,1.1597839482965582,0.3697127870116427,92.4466809501108,8.853028721303005,0.34
2021-11-18 11:30:00,2021-11-18 07:00:00,1.1325,1.13399,1.13138,1.13318,14735,0,10,16200.0,0.0006002613082322,0.0017087502987253,0.3512867319935799,0.0,0.7699622877401331,-0.5787635988382293,0.351392185008929,1.3487258865783625,0.351392185008929,92.50215337986738,8.904586027372858,0.34
2021-11-18 15:30:00,2021-11-18 12:00:00,1.13318,1.13485,1.13277,1.13345,13490,0,8,12600.0,0.000238239149113,0.0017168297295396,0.1387669056598777,0.0,0.8584012574136985,-0.2107452188860293,0.138783436827374,1.0691464762997278,0.138783436827374,92.52406635501184,8.91505710930798,0.34
2021-11-18 18:00:00,2021-11-18 16:00:00,1.13345,1.13591,1.13267,1.13475,14637,0,5,7200.0,0.0011462835220404,0.0017549680458051,0.6531648965235499,0.0,1.2366976256771856,-0.3921236374098557,0.6535393956830184,1.6288212630870411,0.6535393956830184,92.6272090032874,9.013868347717462,0.34
2021-11-19 00:00:00,2021-11-18 18:30:00,1.13475,1.13741,1.13474,1.13701,13156,0,12,19800.0,0.0019896474500428,0.0018149351488011,1.096263660636642,0.0,1.2915770925752306,-0.0048555529795299,1.0973549733910146,1.2964326455547606,1.0973549733910146,92.80032231321591,9.155698885328334,0.34
2021-11-19 09:30:00,2021-11-19 00:30:00,1.13703,1.13724,1.13436,1.13437,14064,0,19,32400.0,-0.0023245790566147,0.001862383011865,-1.248174538644902,0.0,0.0991695562150173,-1.2608700718763648,-1.256147712056572,1.360039628091382,-1.256147712056572,92.60322043570972,8.89406836989076,0.34
2021-11-19 11:30:00,2021-11-19 10:00:00,1.13434,1.13453,1.12826,1.12996,14350,0,4,5400.0,-0.0038951968802373,0.0020124376985709,-1.9355614750227697,0.0,0.0832315360906625,-2.663409154899255,-1.9187059372464708,2.746640690989917,-1.9187059372464708,92.29757183533856,8.636260535148594,0.34
2021-11-19 14:00:00,2021-11-19 12:00:00,1.12996,1.13051,1.12837,1.12915,14741,0,5,7200.0,-0.0007170965864525,0.0019786528801977,-0.3624165681758355,0.0,0.245997111683859,-0.7111552865044599,-0.3622866553890589,0.957152398188319,-0.3622866553890589,92.24034186964454,8.696969475411834,0.34
2021-11-19 16:00:00,2021-11-19 14:30:00,1.12915,1.13211,1.12498,1.13142,15291,0,4,5400.0,0.0020083437035732,0.0017067822494284,1.1766841987288237,0.0,1.5358965138960394,-2.1637461023468973,1.177866583291951,3.699642616242937,1.177866583291951,92.42615455658908,8.945462042692043,0.34
2021-11-19 18:00:00,2021-11-19 16:30:00,1.13141,1.13222,1.13002,1.13176,13903,0,4,5400.0,0.0003004621837923,0.0016250167224406,0.1848979026757579,0.0,0.440562138375875,-0.7560263856080055,0.190366356088265,1.1965885239838805,0.190366356088265,92.45535217489966,8.944200166380028,0.34
2021-11-19 21:00:00,2021-11-19 18:30:00,1.13175,1.13201,1.12854,1.12901,13135,0,6,9000.0,-0.0024328006443175,0.0016546164402065,-1.470310934426484,0.0,0.1388434861637359,-1.7141830407142644,-1.4631967388028406,1.8530265268780004,-1.4631967388028406,92.22317226998987,8.704001099447098,0.34
2021-11-22 04:00:00,2021-11-19 21:30:00,1.12902,1.12922,1.12649,1.12759,14086,0,14,196200.0,-0.0012585306987752,0.0016509341864694,-0.7623142758141414,0.0,0.1072997227152037,-1.357341492345928,-0.7671930174128433,1.4646412150611317,-0.7671930174128433,92.1027936127102,8.665558070584282,0.34
2021-11-22 09:00:00,2021-11-22 04:30:00,1.12759,1.12787,1.12626,1.12684,13063,0,10,16200.0,-0.0006653566778908,0.0016122514475566,-0.4126879085140219,0.0,0.1540189080752947,-0.7315898133581082,-0.4125506466305113,0.8856087214334031,-0.4125506466305113,92.03762519349172,8.67271760127069,0.34
2021-11-22 12:30:00,2021-11-22 09:30:00,1.12684,1.12901,1.12601,1.12859,14487,0,7,10800.0,0.0015518108309135,0.00162931752181,0.9524299653941122,0.0,1.1819299857799008,-0.4520746028559647,0.9531693433708408,1.6340045886358654,0.9531693433708408,92.18802542083186,8.879191580658983,0.34
2021-11-22 16:00:00,2021-11-22 13:00:00,1.12859,1.12882,1.12359,1.12434,17262,0,7,10800.0,-0.003772869144979,0.0018168920492335,-2.0765510788440453,0.0,0.1121663308870322,-2.438398497544632,-2.072638722912916,2.5505648284316647,-2.072638722912916,91.86011285435532,8.530641215363843,0.34
2021-11-22 18:00:00,2021-11-22 16:30:00,1.12436,1.12667,1.12367,1.12634,13933,0,4,5400.0,0.0017772411239542,0.0018366557874617,0.9676506268005666,0.0,1.118610319247194,-0.3341303550998447,0.9588088450689466,1.4527406743470388,0.9588088450689466,92.01291660848374,8.80015528115878,0.34
2021-11-22 23:30:00,2021-11-22 18:30:00,1.12638,1.12655,1.12307,1.12364,13392,0,11,18000.0,-0.0024000224855546,0.0018841751184375,-1.2737788871475986,0.0,0.0801018831908238,-1.5596307844800898,-1.291053882016764,1.6397326676709136,-1.291053882016764,91.8117714942298,8.592231469500149,0.34
2021-11-23 09:00:00,2021-11-23 00:00:00,1.12362,1.12601,1.1226,1.12554,14251,0,19,32400.0,0.001689505021342,0.0019273312450494,0.8766033475987879,0.0,1.1036263930729813,-0.4710037326085836,0.886595261380809,1.574630125681565,0.886595261380809,91.95019778021025,8.811049108127506,0.34
2021-11-23 11:00:00,2021-11-23 09:30:00,1.12555,1.1275,1.12391,1.1265,14542,0,4,5400.0,0.000852560396928,0.0018794936329638,0.453611750513662,0.0,0.921783564267468,-0.7752436130250293,0.4490740441303318,1.6970271772924974,0.4490740441303318,92.02182856974883,8.870799205083898,0.34
2021-11-23 14:00:00,2021-11-23 11:30:00,1.12651,1.12692,1.12401,1.12402,13059,0,6,9000.0,-0.0022039359826608,0.0019295055359618,-1.142228380061203,0.0,0.1886265304335403,-1.150161770936862,-1.1455611238530847,1.3387883013704025,-1.1455611238530847,91.84145687389984,8.67482907204706,0.34
2021-11-23 16:30:00,2021-11-23 14:30:00,1.12403,1.12594,1.12344,1.12494,14543,0,5,7200.0,0.000818155993276,0.001936835484167,0.4224189405678417,0.0,0.8773294978639496,-0.2710075412250516,0.4179946822283899,1.1483370390890013,0.4179946822283899,91.90816194094158,8.805409967541308,0.34
2021-11-23 19:00:00,2021-11-23 17:00:00,1.12494,1.12714,1.12424,1.12649,14295,0,5,7200.0,0.0013769028971648,0.0019641641656712,0.7010121257834635,0.0,0.9956702660575638,-0.3168041755638388,0.7014949601768994,1.3124744416214027,0.7014949601768994,92.01886024624154,8.919638150933523,0.34
2021-11-24 02:00:00,2021-11-23 19:30:00,1.12648,1.12649,1.12417,1.12438,13338,0,14,23400.0,-0.0018748311702165,0.0019905653581999,-0.94185863452983,0.0,0.0044596427788141,-1.0301774818993374,-0.9365249835448342,1.0346371246781516,-0.9365249835448342,91.87012936008452,8.743889740283151,0.34
2021-11-24 08:00:00,2021-11-24 02:30:00,1.12439,1.12464,1.12325,1.12429,14006,0,12,19800.0,-8.004731690105018e-05,0.0019590093361983,-0.0408611206807156,0.0,0.1134975608900409,-0.5175488776583769,-0.0453990243559962,0.6310464385484178,-0.0453990243559962,91.86367689422032,8.786026266047571,0.34
2021-11-24 11:30:00,2021-11-24 08:30:00,1.12427,1.12554,1.12054,1.12082,16273,0,7,10800.0,-0.0030911650325144,0.0019536382993196,-1.582260663906366,0.0,0.578214446540032,-1.698220382357894,-1.570740031939682,2.276434828897926,-1.570740031939682,91.61381877109376,8.557914957878168,0.34
2021-11-24 15:00:00,2021-11-24 12:00:00,1.12081,1.12201,1.12003,1.12055,14708,0,7,10800.0,-0.0002409240788499,0.0019186468432638,-0.1255697887788913,0.0,0.5580257058417166,-0.3627167087971571,-0.1209055695991212,0.9207424146388736,-0.1209055695991212,91.59398978054789,8.637501790588672,0.34
2021-11-24 16:30:00,2021-11-24 15:30:00,1.12055,1.1216,1.11861,1.1204,13849,0,3,3600.0,-0.0001338717956437,0.0017575618292349,-0.0761690390727378,0.0,0.5331475860008964,-0.9850536350874016,-0.0761639408572064,1.518201221088298,-0.0761639408572064,91.58196176672108,8.67195592818419,0.34
2021-11-24 18:30:00,2021-11-24 17:00:00,1.1204,1.12132,1.11874,1.11956,13162,0,4,5400.0,-0.0007500134282545,0.0017578653149758,-0.4266614864432301,0.0,0.46712071842068,-0.8428482528024995,-0.4265015255146074,1.3099689712231797,-0.4265015255146074,91.5145867503,8.636587808574319,0.34
2021-11-25 01:30:00,2021-11-24 19:00:00,1.11954,1.12052,1.11883,1.12022,13155,0,14,23400.0,0.000589343613304,0.0016813935675754,0.3505090210103891,0.0,0.5206154820274129,-0.377180604325984,0.3612433956925051,0.897796086353397,0.3612433956925051,91.56993637007275,8.736890958455106,0.34
2021-11-25 10:30:00,2021-11-25 02:00:00,1.12022,1.12265,1.12022,1.12255,13303,0,18,30600.0,0.0020777884832213,0.0017703960031112,1.1736292216938826,0.0,1.2252720618331854,0.0,1.1748493432392313,1.2252720618331854,1.1748493432392313,91.75526663914168,8.928480705275106,0.34
2021-11-25 16:00:00,2021-11-25 11:00:00,1.12255,1.12299,1.1215,1.12177,13746,0,11,18000.0,-0.0006950880724714,0.001707341419602,-0.4071172083633405,0.0,0.2295760640928345,-0.5478519711306306,-0.4069757499827575,0.7774280352234652,-0.4069757499827575,91.69097790094916,8.813931070185788,0.34
2021-11-25 21:30:00,2021-11-25 16:30:00,1.12177,1.12189,1.12057,1.12094,16119,0,11,18000.0,-0.0007401759816414,0.0016962696180569,-0.436355148829046,0.0,0.0630641492335654,-0.6306414923349545,-0.4361936988649985,0.69370564156852,-0.4361936988649985,91.622072137828,8.75833961538622,0.34
2021-11-26 03:30:00,2021-11-25 22:00:00,1.12094,1.12248,1.12044,1.12179,14383,0,12,19800.0,0.0007580047894297,0.0017097517959069,0.4433420051052811,0.0,0.8035359010413803,-0.2608882795588821,0.4435100752501576,1.0644241806002623,0.4435100752501576,91.69208121017978,8.85875575419611,0.34
2021-11-26 08:30:00,2021-11-26 04:00:00,1.12179,1.12327,1.12123,1.12316,15080,0,10,16200.0,0.0012205173122517,0.001693160015415,0.7208517217154792,0.0,0.7792057474314781,-0.2948346071363108,0.7212918067439718,1.074040354567789,0.7212918067439718,91.80591242797402,8.963239799281126,0.34
2021-11-26 10:00:00,2021-11-26 09:00:00,1.12315,1.12716,1.12274,1.12696,13700,0,3,3600.0,0.0033776008502587,0.0016628262042983,2.031241053050365,0.0,2.1471369773450117,-0.2195327084068664,2.040047851292899,2.366669685751878,2.040047851292899,92.12666999258404,9.248381681572994,0.34
2021-11-26 11:30:00,2021-11-26 10:30:00,1.12696,1.12791,1.12418,1.12648,13643,0,3,3600.0,-0.0004260153429952,0.0016194188808684,-0.2630668000899077,0.0,0.5205421544995928,-1.5232707257988007,-0.2630107727998121,2.0438128802983937,-0.2630107727998121,92.08512855859227,9.090022140729474,0.34
2021-11-26 13:30:00,2021-11-26 12:00:00,1.12648,1.12953,1.1258,1.12778,13046,0,4,5400.0,0.0011533719660663,0.0015342149785922,0.7517668528596032,0.0,1.7647782204747142,-0.3934587507943709,0.7522005529892688,2.158236971269085,0.7522005529892688,92.20384165003738,9.185341432847977,0.34
2021-11-26 16:00:00,2021-11-26 14:00:00,1.12778,1.1297,1.12739,1.12883,14511,0,5,7200.0,0.0009305995061408,0.001504106469412,0.6187058729324179,0.0,1.1318744611557965,-0.2299119999222159,0.6189938459445987,1.3617864610780124,0.6189938459445987,92.3015428011212,9.228393962020121,0.34
2021-11-26 17:30:00,2021-11-26 16:30:00,1.12882,1.13213,1.12839,1.13167,13494,0,3,3600.0,0.0025127197471856,0.0015885928961773,1.5817266671857897,0.0,1.845825672955036,-0.2397900421058918,1.5893060930276903,2.085615715060928,1.5893060930276903,92.55131659969784,9.42316290083609,0.34
2021-11-26 20:00:00,2021-11-26 18:00:00,1.13167,1.1321,1.12907,1.13102,13614,0,5,7200.0,-0.0005745374027198,0.0014963612266772,-0.3839563552415673,0.0,0.2539289437214661,-1.5353843108741916,-0.3838460777185806,1.7893132545956576,-0.3838460777185806,92.49068524073682,9.254160748015238,0.34
2021-11-29 03:00:00,2021-11-26 20:30:00,1.13102,1.13303,1.12799,1.12877,13698,0,14,196200.0,-0.0019913361361153,0.0015759449387972,-1.2635823036019498,0.0,1.1276770265687075,-1.6999310400512035,-1.2623250297409718,2.827608066619911,-1.2623250297409718,92.29115029052548,9.033208471525768,0.34
2021-11-29 09:00:00,2021-11-29 03:30:00,1.12877,1.1289,1.12634,1.12685,14854,0,12,19800.0,-0.0017024148249392,0.0016020267293954,-1.0626631838918563,0.0,0.0718899424613632,-1.34378892447056,-1.0617591501989732,1.4156788669319234,-1.0617591501989732,92.12334290284296,8.91522143158437,0.34
2021-11-29 12:00:00,2021-11-29 09:30:00,1.12685,1.12913,1.12603,1.1291,13993,0,6,9000.0,0.0019947257218018,0.0015953043955065,1.2503731121285189,0.0,1.2683092976703771,-0.456146326355024,1.2516210174378868,1.7244556240254012,1.2516210174378868,92.3207919617313,9.179065515456799,0.34
2021-11-29 16:00:00,2021-11-29 12:30:00,1.1291,1.12949,1.12587,1.12698,14565,0,8,12600.0,-0.0018793665330925,0.0016618380654633,-1.1308963082203576,0.0,0.2078468739741773,-1.721398469067725,-1.1298342892951487,1.9292453430419023,-1.1298342892951487,92.14220973727969,8.954894114563515,0.34
2021-11-29 18:30:00,2021-11-29 16:30:00,1.127,1.12755,1.12584,1.12621,13548,0,5,7200.0,-0.0006834754547773,0.0014959421870149,-0.4568862758935686,0.0,0.3262300506736713,-0.6880488341480732,-0.4685849818767254,1.0142788848217446,-0.4685849818767254,92.0700618605226,8.932632866819617,0.34
2021-11-30 02:00:00,2021-11-29 19:00:00,1.12622,1.13001,1.12585,1.12877,13248,0,15,25200.0,0.0022705310910072,0.0015575969241196,1.4577141594515242,0.0,2.16053294759783,-0.2109227415860594,1.4536567325526746,2.371455689183889,1.4536567325526746,92.30025258209209,9.202432253336653,0.34
2021-11-30 08:00:00,2021-11-30 02:30:00,1.12878,1.13164,1.12845,1.13117,13087,0,12,19800.0,0.0021239509918258,0.0016007266676461,1.3268667504296896,0.0,1.5828492217488177,-0.1826364486632873,1.3227306433495605,1.765485670412105,1.3227306433495605,92.50978091295694,9.350053776606316,0.34
2021-11-30 10:30:00,2021-11-30 08:30:00,1.13117,1.13511,1.13115,1.13487,16116,0,5,7200.0,0.0032656116292155,0.0016880070456287,1.9345959708355804,0.0,2.063450657526503,-0.0104743688199999,1.9377582316873176,2.073925026346503,1.9377582316873176,92.81527704852276,9.568622456915875,0.34
2021-11-30 13:30:00,2021-11-30 11:00:00,1.13487,1.13729,1.13442,1.13476,14319,0,6,9000.0,-9.693209914058912e-05,0.001696880004693,-0.0571237205179548,0.0,1.2566609450182011,-0.2336766220075615,-0.0571209520463133,1.4903375670257628,-0.0571209520463133,92.8062565211721,9.425273000209245,0.34
2021-11-30 16:30:00,2021-11-30 14:00:00,1.13476,1.1383,1.13413,1.13782,15541,0,6,9000.0,0.0026929761322289,0.0017294853965897,1.5570967743000697,0.0,1.803774920004598,-0.3210107908482203,1.5591952698344715,2.124785710852818,1.5591952698344715,93.05214096134551,9.623259065714151,0.34
2021-11-30 17:30:00,2021-11-30 17:00:00,1.13781,1.1383,1.12502,1.12592,13465,0,2,1800.0,-0.0105136717255048,0.0030377566418079,-3.4609986793569028,0.0,0.1417664141945075,-3.700392729688545,-3.440005438310896,3.8421591438830527,-3.440005438310896,92.5056073503584,8.964448133048236,0.34
2021-11-30 18:30:00,2021-11-30 18:00:00,1.12592,1.12898,1.12354,1.12877,13947,0,2,1800.0,0.0025280650713749,0.0030730891983786,0.8226461739896058,0.0,0.8843796214638318,-0.6878508166940913,0.8236869023437535,1.572230438157923,0.8236869023437535,92.6355131450982,9.233097872762102,0.34
2021-11-30 21:30:00,2021-11-30 19:00:00,1.12876,1.13216,1.12794,1.13188,14577,0,6,9000.0,0.0027514227872304,0.0031190681313738,0.882129748803702,0.0,0.9657227108239193,-0.2329095949634232,0.8861926052266406,1.1986323057873425,0.8861926052266406,92.77481211676452,9.360013341603533,0.34
2021-12-01 04:00:00,2021-11-30 22:00:00,1.13187,1.1345,1.13179,1.13196,13884,0,13,21600.0,7.06763729181027e-05,0.0031146679060572,0.02269146344002,0.0,0.746014813791925,-0.0226924658187243,0.0255290240461514,0.7687072796106494,0.0255290240461514,92.77839537368004,9.314475573648352,0.34
2021-12-01 10:00:00,2021-12-01 04:30:00,1.13196,1.13597,1.13163,1.13218,17191,0,12,19800.0,0.0001943342732272,0.0030342715009144,0.0640464352542901,0.0,1.16750528206042,-0.0960789882992878,0.0640526588661272,1.263584270359708,0.0640526588661272,92.78850908153528,9.306126255343926,0.34
2021-12-01 12:30:00,2021-12-01 10:30:00,1.13218,1.13397,1.13025,1.13261,13561,0,5,7200.0,0.0003797261601887,0.003030434718286,0.1253041875139001,0.0,0.5217141541497582,-0.5625186131335476,0.1253279811645144,1.0842327672833056,0.1253279811645144,92.80829613042444,9.31177433012742,0.34
2021-12-01 16:00:00,2021-12-01 13:00:00,1.13263,1.13459,1.13107,1.1343,15627,0,7,10800.0,0.0014910166818188,0.0030365413296762,0.4910246625814219,0.0,0.5698870839828256,-0.4535835974557289,0.4855670562506998,1.0234706814385546,0.4855670562506998,92.88583487192268,9.373941267066812,0.34
2021-12-01 18:00:00,2021-12-01 16:30:00,1.13429,1.13577,1.1323,1.133,15579,0,4,5400.0,-0.0011467385369906,0.0030489153870491,-0.37611359825257,0.0,0.4279492208429008,-0.5754182091063432,-0.3730097938428212,1.003367429949244,-0.3730097938428212,92.8264419792815,9.279652185680987,0.34
2021-12-01 21:30:00,2021-12-01 18:30:00,1.13303,1.13334,1.13153,1.13175,13850,0,7,10800.0,-0.0011038747119383,0.0030105616529415,-0.3666673661573161,0.0,0.0908809292908759,-0.4397464320525963,-0.3752502886848526,0.5306273613434722,-0.3752502886848526,92.76854076110064,9.227082921555677,0.34
2021-12-02 06:30:00,2021-12-01 22:00:00,1.13175,1.13394,1.13091,1.13226,13699,0,18,30600.0,0.0004505280529913,0.0030089274716371,0.1497304462264923,0.0,0.6431050089889855,-0.2466704144067297,0.1497641801755261,0.8897754233957152,0.1497641801755261,92.79218501209068,9.26744893882939,0.34
2021-12-02 11:00:00,2021-12-02 07:00:00,1.13226,1.13276,1.13073,1.13189,13736,0,9,14400.0,-0.0003268334724233,0.0029721490489606,-0.1099653708610585,0.0,0.1485775711305946,-0.454647367659679,-0.1099474026366466,0.6032249387902737,-0.1099474026366466,92.7748201481343,9.245144337192059,0.34
2021-12-02 14:30:00,2021-12-02 11:30:00,1.13188,1.13478,1.13147,1.13424,14666,0,7,10800.0,0.0020740212100712,0.0029690297021571,0.6985518563739516,0.0,0.8629449060869528,-0.1220025556881565,0.7022586132293277,0.9849474617751094,0.7022586132293277,92.88512994709578,9.359200224078421,0.34
2021-12-02 17:00:00,2021-12-02 15:00:00,1.1343,1.13475,1.13243,1.13271,15916,0,5,7200.0,-0.0013498314760455,0.0029643287676942,-0.4553582216508109,0.0,0.1338314591317535,-0.5561440635032746,-0.4728711555990914,0.6899755226350281,-0.4728711555990914,92.8132233686114,9.249962073814572,0.34
2021-12-02 19:30:00,2021-12-02 17:30:00,1.13271,1.13286,1.12958,1.13025,14298,0,5,7200.0,-0.0021741444559472,0.0029757112710116,-0.7306301781113754,0.0,0.044502225952848,-0.9286131148821344,-0.7298365056262204,0.9731153408349824,-0.7298365056262204,92.69784801411586,9.146150585386366,0.34
2021-12-03 03:30:00,2021-12-02 20:00:00,1.13025,1.13082,1.12907,1.12988,13699,0,16,27000.0,-0.000327414797649,0.0029715568580782,-0.1101829153155886,0.0,0.1697134630529133,-0.3513366428113069,-0.1101648795255776,0.5210501058642203,-0.1101648795255776,92.68044879725522,9.168517494560234,0.34
2021-12-03 10:30:00,2021-12-03 04:00:00,1.12988,1.13025,1.12816,1.12912,14176,0,14,23400.0,-0.0006728641245453,0.0029343224702115,-0.2293081729687658,0.0,0.1115993238809461,-0.5187860461492724,-0.2292310436473887,0.6303853700302186,-0.2292310436473887,92.64423825936944,9.150402361335722,0.34
2021-12-03 14:30:00,2021-12-03 11:00:00,1.12912,1.13161,1.12856,1.12966,13277,0,8,12600.0,0.0004781342231536,0.002894893434691,0.1651647060385458,0.0,0.7617749119931093,-0.1713228717735111,0.1652041977816267,0.9330977837666204,0.1652041977816267,92.67031976692311,9.196919291776197,0.34
2021-12-03 16:00:00,2021-12-03 15:00:00,1.12966,1.13335,1.12861,1.12994,14597,0,3,3600.0,0.0002478314758659,0.0027887602446359,0.0888679750590279,0.0,1.1712980932997112,-0.3332962054103975,0.0888789881094769,1.5045942987101089,0.0888789881094769,92.68435309655128,9.211028997742531,0.34
2021-12-03 17:30:00,2021-12-03 16:30:00,1.12992,1.13057,1.12666,1.12791,14239,0,3,3600.0,-0.0017981713107485,0.0028107421470279,-0.639749652115875,0.0,0.2046655066019445,-1.0264762331112416,-0.6328887204152267,1.231141739713186,-0.6328887204152267,92.58332887785276,9.107858748415211,0.34
2021-12-03 20:00:00,2021-12-03 18:00:00,1.12791,1.13173,1.12765,1.13163,14650,0,5,7200.0,0.0032927085698836,0.0028473451067189,1.156413587560496,0.0,1.1894571675601444,-0.0809578176873136,1.1583195453726418,1.2704149852474582,1.1583195453726418,92.76594058977676,9.325570655366946,0.34
2021-12-06 02:00:00,2021-12-03 20:30:00,1.13163,1.13274,1.12968,1.13002,13237,0,12,192600.0,-0.0014237395458716,0.0015620017058158,-0.9114839891471636,0.0,0.6279672902920564,-1.103185780242578,-0.9108354390720628,1.7311530705346343,-0.9108354390720628,92.6220062280225,9.131967082609833,0.34
2021-12-06 10:00:00,2021-12-06 02:30:00,1.12999,1.13003,1.12749,1.12899,14268,0,16,27000.0,-0.0009119039502936,0.0014771291804297,-0.6173488157808747,0.0,0.0239644195097937,-1.4977762193607114,-0.5991104877443111,1.521740638870505,-0.5991104877443111,92.52451937269956,9.07027743371863,0.34
2021-12-06 14:30:00,2021-12-06 10:30:00,1.12899,1.131,1.12847,1.12916,13111,0,9,14400.0,0.0001505657288676,0.0013302375708615,0.1131870969259191,0.0,1.3383717234642618,-0.3462454209956205,0.1131956184024485,1.6846171444598823,0.1131956184024485,92.54239298622304,9.131292007229206,0.34
2021-12-06 17:30:00,2021-12-06 15:00:00,1.12917,1.13079,1.12665,1.12724,13968,0,6,9000.0,-0.0017018263281279,0.0013751321053756,-1.2375729731530438,0.0,1.043304934872076,-1.6229187875788802,-1.2429497063599688,2.666223722450956,-1.2429497063599688,92.34696522431383,8.946120980158327,0.34
2021-12-06 23:30:00,2021-12-06 18:00:00,1.12724,1.12883,1.12698,1.12847,13462,0,12,19800.0,0.0010905658279714,0.0014032794773042,0.7771551181426251,0.0,1.005163151390233,-0.1643663014851512,0.7775790416415514,1.1695294528753843,0.7775790416415514,92.46968743034904,9.143027541601896,0.34
2021-12-07 09:30:00,2021-12-07 00:00:00,1.12821,1.12983,1.12757,1.12888,13846,0,20,34200.0,0.0003632578062847,0.0014029483603982,0.2589245738037549,0.0,1.0234894818308786,-0.4043415236862124,0.4232950326091285,1.4278310055170909,0.4232950326091285,92.51057475663966,9.169879684208595,0.34
2021-12-07 13:30:00,2021-12-07 10:00:00,1.12888,1.12948,1.12534,1.12577,14430,0,8,12600.0,-0.0027587447918147,0.0014596261595984,-1.890035180359969,0.0,0.3641345042621128,-2.148393575146762,-1.887430513758928,2.512528079408875,-1.887430513758928,92.21211530960896,8.860455894967387,0.34
2021-12-07 16:30:00,2021-12-07 14:00:00,1.12577,1.12601,1.12274,1.12456,13636,0,6,9000.0,-0.00107539793418,0.0014577331037447,-0.7377193612585464,0.0,0.1462458510694081,-1.8463538697510584,-0.7373228324748371,1.9925997208204669,-0.7373228324748371,92.09562048723048,8.845100246530109,0.34
2021-12-07 20:30:00,2021-12-07 17:00:00,1.12456,1.12547,1.12366,1.12526,13277,0,8,12600.0,0.0006222720240622,0.0014633252910935,0.425245178122504,0.0,0.5529907690576864,-0.5469139474196498,0.4253775146597276,1.099904716477336,0.4253775146597276,92.16277185141344,8.98690913410951,0.34
2021-12-08 07:30:00,2021-12-07 21:00:00,1.12526,1.12955,1.12506,1.12937,13058,0,22,37800.0,0.0036458350616711,0.0017029595393794,2.1408817868917933,0.0,2.238721558030085,-0.1043693034046514,2.1447891849658527,2.343090861434737,2.1447891849658527,92.50084301586242,9.335793287187613,0.34
2021-12-08 12:00:00,2021-12-08 08:00:00,1.12936,1.12953,1.12726,1.12863,14476,0,9,14400.0,-0.0006554473219598,0.0017065625837018,-0.3840745884267877,0.0,0.0882052225676678,-1.0895939258358691,-0.3787636027905124,1.177799148403537,-0.3787636027905124,92.44019298644945,9.174380713703712,0.34
2021-12-08 14:30:00,2021-12-08 12:30:00,1.12863,1.13023,1.12668,1.1291,15430,0,5,7200.0,0.0004163473991923,0.0016317737582275,0.2551501990353092,0.0,0.868777266275796,-1.0588222932736602,0.2552033219684917,1.927599559549456,0.2552033219684917,92.480484293249,9.209166056565891,0.34
2021-12-08 17:00:00,2021-12-08 15:00:00,1.1291,1.13269,1.12879,1.13269,15968,0,5,7200.0,0.0031744795182557,0.0017752354862611,1.7882019274759309,0.0,1.791043238438144,-0.1546583297815837,1.791043238438144,1.945701568219728,1.791043238438144,92.76286303624788,9.47348985305554,0.34
2021-12-08 21:30:00,2021-12-08 17:30:00,1.13268,1.13507,1.13195,1.13493,13860,0,9,14400.0,0.0019756403000405,0.0017501924954266,1.1288131478125916,0.0,1.2056044754339783,-0.3682390238772545,1.1349832927725625,1.573843499311233,1.1349832927725625,92.94111630443992,9.549373868587082,0.34
2021-12-09 07:30:00,2021-12-08 22:00:00,1.13493,1.13549,1.13267,1.13267,13238,0,20,34200.0,-0.0019932975377425,0.0018153721099219,-1.0980104447171757,0.0,0.2718024030067499,-1.0969168407059853,-1.0969168407059853,1.3687192437127351,-1.0969168407059853,92.7677271561481,9.280755635586374,0.34
2021-12-09 12:30:00,2021-12-09 08:00:00,1.13268,1.1334,1.13107,1.13139,13910,0,10,16200.0,-0.0011307122040709,0.0018287778680844,-0.6182884339339216,0.0,0.3475876257887492,-0.7772445521108414,-0.6227611628713616,1.124832177899591,-0.6227611628713616,92.67009192373816,9.203201333909178,0.34
2021-12-09 16:00:00,2021-12-09 13:00:00,1.13138,1.13229,1.13069,1.13107,15027,0,7,10800.0,-0.0002828779312199,0.0018284222907418,-0.1547114868661985,0.0,0.4399024572029434,-0.3335524126044803,-0.1498568810251997,0.7734548698074237,-0.1498568810251997,92.6456611061009,9.208227203090914,0.34
2021-12-09 19:00:00,2021-12-09 16:30:00,1.13106,1.13149,1.12784,1.12903,13814,0,6,9000.0,-0.0018052303473348,0.0018745134419791,-0.9630394250087694,0.0,0.2028122824894662,-1.5187338363167138,-0.9574626359387864,1.72154611880618,-0.9574626359387864,92.49358551658614,9.070355470142928,0.34
2021-12-10 04:00:00,2021-12-09 19:30:00,1.12902,1.12983,1.12819,1.12966,13518,0,18,30600.0,0.0005578454912693,0.001831770237502,0.3045390081400498,0.0,0.3916628548983128,-0.401333542673426,0.3094620088084546,0.7929963975717388,0.3094620088084546,92.54167591453918,9.174500719476441,0.34
2021-12-10 11:00:00,2021-12-10 04:30:00,1.12966,1.13027,1.1283,1.12857,13057,0,14,23400.0,-0.00096535789946,0.0016795337151888,-0.5747773270222947,0.0,0.3215091649986975,-0.7168073186855191,-0.5744999833582305,1.0383164836842165,-0.5744999833582305,92.45091161291586,9.08632417062266,0.34
2021-12-10 15:30:00,2021-12-10 11:30:00,1.12856,1.13095,1.12649,1.12935,16761,0,9,14400.0,0.0006909013880274,0.0016606141632746,0.4160517255043905,0.0,1.2752769495290115,-1.1045285713494533,0.421535058630984,2.379805520878465,0.421535058630984,92.51661121957956,9.187931890600339,0.34
2021-12-10 17:30:00,2021-12-10 16:00:00,1.12934,1.13069,1.12701,1.13016,14297,0,4,5400.0,0.0007169696391678,0.0016550015096176,0.4332138883265675,0.0,0.7222884390304727,-1.2466163429192647,0.4387233481518779,1.9689047819497372,0.4387233481518779,92.58502093962052,9.248116761573243,0.34
2021-12-13 02:00:00,2021-12-10 18:00:00,1.13017,1.13243,1.13004,1.13122,13126,0,17,201600.0,0.0009374807220665,0.0016667854429402,0.5624483499284568,0.0,1.199733996221903,-0.0690112475703871,0.5573985380675954,1.26874524379229,0.5573985380675954,92.67383834643248,9.315037817497029,0.34
2021-12-13 11:00:00,2021-12-13 02:30:00,1.13122,1.13133,1.12599,1.12635,14744,0,18,30600.0,-0.0043143801114728,0.0019006630768986,-2.269934195024589,0.0,0.0511611705340974,-2.432481108119903,-2.265044550008433,2.4836422786540004,-2.265044550008433,92.31538824366028,8.920923198371312,0.34
2021-12-13 15:30:00,2021-12-13 11:30:00,1.12635,1.12922,1.12624,1.12842,14283,0,9,14400.0,0.0018361079680392,0.0019310610147353,0.9508285621368228,0.0,1.319509548135187,-0.0505735366881306,0.9517020085852668,1.3700830848233176,0.9517020085852668,92.46553559002994,9.180937742903154,0.34
2021-12-13 18:00:00,2021-12-13 16:00:00,1.12842,1.12974,1.12731,1.12931,13307,0,5,7200.0,0.0007884025513239,0.0019376247656952,0.4068912440026025,0.0,0.6037171031891395,-0.5076712004090284,0.4070516832108892,1.1113883035981678,0.4070516832108892,92.52978864571304,9.228120924203793,0.34
2021-12-14 03:00:00,2021-12-13 18:30:00,1.1293,1.13071,1.12738,1.12786,13512,0,18,30600.0,-0.0012847948532535,0.0018525753080805,-0.6935182864899384,0.0,0.673959676605463,-0.9177323255902934,-0.6882992441926935,1.5916920021957564,-0.6882992441926935,92.42027370840268,9.098395876048343,0.34
2021-12-14 11:30:00,2021-12-14 03:30:00,1.12786,1.13042,1.12663,1.1301,14779,0,17,28800.0,0.0019840924859927,0.0018771944125623,1.0569456592855078,0.0,1.2091370195040765,-0.5809525523399033,1.0579948920661193,1.7900895718439798,1.0579948920661193,92.58717822969936,9.298315192401944,0.34
2021-12-14 15:30:00,2021-12-14 12:00:00,1.13011,1.13237,1.13005,1.13084,14678,0,8,12600.0,0.0006545950148379,0.0018775495494252,0.3486432701806932,0.0,1.0651145421418449,-0.0282773772249815,0.3440414229042913,1.0933919193668264,0.3440414229042913,92.64223322481816,9.307869595645457,0.34
2021-12-14 18:30:00,2021-12-14 16:00:00,1.13084,1.13087,1.12653,1.12664,13727,0,6,9000.0,-0.003720967491148,0.001898236199888,-1.9602236493896896,0.0,0.0139755800311266,-2.007824997806922,-1.956581204359388,2.0218005778380483,-1.956581204359388,92.33269016840696,8.96774769811448,0.34
2021-12-15 06:30:00,2021-12-14 19:00:00,1.12664,1.12769,1.12532,1.12642,13210,0,24,41400.0,-0.000195289961829,0.0018942019554239,-0.1030988070041124,0.0,0.4920144436692779,-0.6185324434700504,-0.1030887405783764,1.1105468871393285,-0.1030887405783764,92.3164096180512,9.04524967621417,0.34
2021-12-15 13:00:00,2021-12-15 07:00:00,1.12641,1.12774,1.12627,1.12639,13518,0,13,21600.0,-2.6633404505266597e-05,0.0018904572855807,-0.0140883397410827,0.0,0.6245802893682427,-0.0657452936177207,-0.0093921848024868,0.6903255829859634,-0.0093921848024868,92.31418489856851,9.077124059653258,0.34
2021-12-15 16:30:00,2021-12-15 13:30:00,1.12639,1.12758,1.12499,1.12585,14571,0,7,10800.0,-0.0004795226177914,0.0017245856087489,-0.2780509215424361,0.0,0.6125949573141573,-0.7206999497813817,-0.277984266344226,1.3332949070955389,-0.277984266344226,92.2702772903122,9.051220098648585,0.34
2021-12-15 21:00:00,2021-12-15 17:00:00,1.12584,1.12678,1.12217,1.12315,20452,0,9,14400.0,-0.0024010682944897,0.0016977217763744,-1.4142884469664765,0.0,0.4917956235097576,-1.9200956790217223,-1.4073725821712229,2.41189130253148,-1.4073725821712229,92.04694401471512,8.85437938159771,0.34
2021-12-15 22:30:00,2021-12-15 21:30:00,1.12316,1.12992,1.12261,1.12877,15908,0,3,3600.0,0.0049913066784344,0.002059012927414,2.4241259547132525,0.0,2.9231156253186072,-0.237827454722686,2.4258400381712253,3.1609430800412937,2.4258400381712253,92.42974286390832,9.326542624291292,0.34
2021-12-16 09:00:00,2021-12-15 23:00:00,1.12877,1.13023,1.12811,1.13017,13330,0,21,36000.0,0.0012395195793138,0.0020691426363522,0.5990498467998485,0.0,0.6251107501342752,-0.282584311704577,0.5994212672520669,0.9076950618388524,0.5994212672520669,92.52434009039256,9.325525056058837,0.34
2021-12-16 13:00:00,2021-12-16 09:30:00,1.13016,1.1319,1.12924,1.12955,14003,0,8,12600.0,-0.0005487405656964,0.0020715434358112,-0.2648945497401648,0.0,0.7432163791809201,-0.3929649820957058,-0.2605528685634478,1.1361813612766258,-0.2605528685634478,92.48251003259342,9.22986319627772,0.34
2021-12-16 15:30:00,2021-12-16 13:30:00,1.12955,1.13593,1.12903,1.13591,16916,0,5,7200.0,0.0056147684872587,0.0023846694143428,2.354526985370886,0.0,2.368574434264933,-0.1930499538899584,2.3611494360383487,2.5616243881548915,2.3611494360383487,92.85431836154676,9.596887564983362,0.34
2021-12-16 17:30:00,2021-12-16 16:00:00,1.13592,1.13602,1.12984,1.13072,14979,0,4,5400.0,-0.0045794938479458,0.0026208509055337,-1.74733092915613,0.0,0.0335899949255493,-2.042271691473656,-1.7466797361287916,2.0758616863992057,-1.7466797361287916,92.57839364421092,9.189580865437122,0.34
2021-12-16 22:30:00,2021-12-16 18:00:00,1.13072,1.13368,1.13012,1.13334,13610,0,10,16200.0,0.0023144273292391,0.0026565463211592,0.871216628449094,0.0,0.9854151709194192,-0.199746318429585,0.872225590475973,1.1851614893490043,0.872225590475973,92.71596930199384,9.376244602530178,0.34
2021-12-17 09:00:00,2021-12-16 23:00:00,1.13333,1.13489,1.132,1.13266,13701,0,21,36000.0,-0.0006001765405225,0.0026599523863896,-0.2256343172131681,0.0,0.5174809307614772,-0.4411856653286376,-0.2222514253911293,0.9586665960901148,-0.2222514253911293,92.68033891042953,9.299963111184098,0.34
2021-12-17 12:30:00,2021-12-17 09:30:00,1.13266,1.13399,1.13173,1.13251,13537,0,7,10800.0,-0.0001324403909811,0.002657141281008,-0.0498431874615687,0.0,0.4419136645703188,-0.3090072992859586,-0.0498398869816443,0.7509209638562775,-0.0498398869816443,92.67246806743007,9.289611828373069,0.34
2021-12-17 16:30:00,2021-12-17 13:00:00,1.13249,1.13328,1.12927,1.13068,16055,0,8,12600.0,-0.0016171867132959,0.0026762931561734,-0.6042636657966814,0.0,0.2606507818280629,-1.062399389223152,-0.5971872343149067,1.3230501710512148,-0.5971872343149067,92.5770475157766,9.192075588499364,0.34
2021-12-17 20:00:00,2021-12-17 17:00:00,1.13067,1.13077,1.12639,1.12652,13853,0,7,10800.0,-0.0036859868066498,0.0026264969603663,-1.403385140843928,0.0,0.0336734200802932,-1.4412223794367287,-1.397446933332355,1.4748957995170218,-1.397446933332355,92.3554360042768,8.999878493759084,0.34
2021-12-20 04:00:00,2021-12-17 20:30:00,1.12652,1.12659,1.12341,1.12409,13125,0,16,199800.0,-0.0021594153978455,0.0026320405461706,-0.8204339408780074,0.0,0.0236084001860529,-1.0488874939801158,-0.8195487493156446,1.0724958941661689,-0.8195487493156446,92.2258795479398,8.953774492620994,0.34
2021-12-20 10:30:00,2021-12-20 04:30:00,1.12409,1.12707,1.12407,1.12673,14280,0,13,21600.0,0.0023458128243254,0.0026850841100005,0.8736459374171954,0.0,0.9873185239820272,-0.0066262988187147,0.8746714440646116,0.9939448228007418,0.8746714440646116,92.36383882303252,9.164459765694076,0.34
2021-12-20 14:30:00,2021-12-20 11:00:00,1.12677,1.12769,1.12491,1.12685,13276,0,8,12600.0,0.0001064972178606,0.0026711512557845,0.0398694074811548,0.0,0.3056708825835462,-0.6179867843536607,0.0265800767463472,0.9236576669372067,0.0265800767463472,92.3701346853709,9.15439124662143,0.34
2021-12-20 17:30:00,2021-12-20 15:00:00,1.12685,1.13038,1.12684,1.12888,14935,0,6,9000.0,0.0017998612848307,0.0026640946607903,0.6755995991136333,0.0,1.175869008668925,-0.0033310736788966,0.6762079568266653,1.1792000823478217,0.6762079568266653,92.4768200449139,9.262160885906127,0.34
